judge,family,i,survival,alive,lived,cause,eaten,stored,change,ms,fingerprint
current,composition,0,0.47,0,1127.75,poison,4,12,1355.2491386421025,3939,373e8567
current,composition,1,0.29,0,698.2,poison,6,12,1453.974782070145,2341,78e0b9c4
current,composition,2,1,1,2400,,12,22,1008.7649860884994,9319,e0de7462
current,composition,3,0.35,0,847.6,poison,5,12,1052.154010394588,2729,9ce8b0d2
current,composition,4,0.3,0,722.05,poison,6,18,1012.4247627798468,2565,c20c3566
current,composition,5,1,1,2400,,9,20,1021.8986702151597,10016,36346de8
current,composition,6,0.38,0,917.9,poison,4,13,924.9981891363859,2870,2a17a7de
current,composition,7,0.86,0,2069.7,poison,9,12,1280.811721784994,7856,b8a6b738
current,composition,8,1,1,2400,,21,25,1227.5550863239914,7821,791702bf
current,composition,9,0.45,0,1068.7,cold,3,12,954.4359873980284,3357,aba29b9c
current,composition,10,1,1,2400,,6,21,1481.036379514262,7346,31344952
current,composition,11,1,1,2400,,17,18,1419.2990833427757,7437,c4648d76
current,composition,12,0.91,0,2194.05,poison,13,14,1156.1995566822588,6616,310548df
current,composition,13,1,1,2400,,26,19,975.9893313981593,9938,7fb9772c
current,composition,14,0.4,0,957.35,poison,7,12,1056.7464123945683,2802,9e2dac10
current,composition,15,0.67,0,1596.05,poison,18,16,1087.165479362011,5656,838bb5cf
current,composition,16,1,1,2400,,34,29,1184.9144582636654,7688,6539eb1b
current,composition,17,1,1,2400,,21,22,948.6968228593469,7049,7db778b8
current,composition,18,0.86,0,2065.5,poison,16,16,1230.41522372514,5878,c3eb04dc
current,composition,19,1,1,2400,,13,23,1493.4291507583112,8376,d2ef745d
current,composition,20,1,1,2400,,31,14,1195.6276488024741,9308,427a5fd0
current,composition,21,0.54,0,1291.2,poison,5,14,1099.0994222927839,4233,4150115c
current,composition,22,1,1,2400,,9,13,1396.9266504049301,9251,00acf6a2
current,composition,23,1,1,2400,,19,26,1006.6232697106898,9133,d7cb7877
current,composition,24,0.35,0,840.55,poison,8,11,914.0643363352865,2748,37403458
current,composition,25,1,1,2400,,15,16,909.055660944432,9218,859e02d2
current,composition,26,1,1,2400,,13,22,1418.5124515090138,8026,2de856e3
current,composition,27,0.41,0,981.8,poison,9,12,1038.7996306177229,3130,47053a25
current,composition,28,0.87,0,2091.05,poison,27,23,1491.567375836894,6630,07129b12
current,composition,29,0.3,0,723,poison,5,12,1168.8283814582974,2066,55a5e57a
current,composition,30,0.97,0,2332.55,poison,14,24,1246.451383922249,8641,b3aef5bc
current,composition,31,1,1,2400,,11,17,1109.8990456201136,7082,9e202773
current,composition,32,1,1,2400,,16,14,1451.950038364157,7930,9e6e73d5
current,composition,33,0.41,0,981.5,poison,3,13,933.9349877089262,2998,72c8cc3f
current,composition,34,0.97,0,2323.6,poison,22,20,1440.3934170026332,7520,97a5f2e1
current,composition,35,1,1,2400,,16,12,1076.2001846451312,7833,cdbdb963
current,composition,36,1,1,2400,,19,26,1431.0532630886883,9096,37c294c0
current,composition,37,1,1,2400,,27,23,1275.561968749389,7786,f2391f32
current,composition,38,1,1,2400,,18,26,1415.9737795125693,7848,91b66646
current,composition,39,1,1,2400,,13,21,1050.0572400167584,8983,b77a19eb
current,composition,40,1,1,2400,,12,24,1220.4956889152527,8960,ec905acf
current,composition,41,1,1,2400,,21,17,1232.8261929564178,8782,8d35e6e5
current,composition,42,1,1,2400,,23,25,1441.9177936390042,9909,ef16f494
current,composition,43,1,1,2400,,18,13,979.1187167633325,9398,067da3a6
current,composition,44,1,1,2400,,33,19,1135.521693667397,8495,4229fbbc
current,composition,45,1,1,2400,,30,20,1280.4792047012597,8764,08cbb603
current,composition,46,0.51,0,1225.3,poison,10,12,1308.1812533084303,3930,881fca12
current,composition,47,1,1,2400,,18,13,1359.4722845591605,9051,9ab19d09
current,composition,48,0.92,0,2209.6,poison,12,20,1289.9143806193024,7045,461226df
current,composition,49,1,1,2400,,21,13,1370.1839546207339,10755,966834b9
current,composition,50,1,1,2400,,16,26,1223.048041574657,8651,b191a48a
current,composition,51,1,1,2400,,24,24,1190.0646095629781,9069,b19d7f29
current,composition,52,0.34,0,810.9,poison,15,12,1030.5976996198297,2751,20f4748c
current,composition,53,0.86,0,2070.75,poison,20,22,910.6717661954463,8934,b1db569e
current,composition,54,1,1,2400,,10,22,925.2298789098859,10315,b20bc20e
current,composition,55,0.97,0,2339.85,cold,28,19,1315.2466686442494,8218,7535aced
current,composition,56,0.31,0,745.45,poison,7,12,1267.03458186239,2745,8a58f99e
current,composition,57,1,1,2400,,9,13,1362.3291590251029,9564,98cda8b1
current,composition,58,0.84,0,2004.25,poison,12,18,1401.4836218208075,7422,561408f7
current,composition,59,1,1,2400,,9,21,1336.2382390536368,9703,753ca077
current,composition,60,0.27,0,638.2,poison,6,12,1153.169801691547,2815,54747e14
current,composition,61,0.56,0,1339.9,poison,9,12,960.9996335115284,4514,f48cf459
current,composition,62,1,1,2400,,13,25,1222.427462786436,9052,0a2a1957
current,composition,63,1,1,2400,,19,17,1232.517156098038,9950,002dddff
current,composition,64,1,1,2400,,24,26,1276.6067342832685,9815,2b4150b7
current,composition,65,1,1,2400,,25,27,963.0870806984603,9472,c0fb3735
current,composition,66,0.87,0,2088.35,poison,11,20,986.5628327708691,8925,b6a1cedd
current,composition,67,1,1,2400,,32,25,909.949193475768,9440,d8e43a89
current,composition,68,0.55,0,1314.7,poison,13,13,1281.0644138138741,4216,e70606d7
current,composition,69,1,1,2400,,17,14,1171.9917150679976,9722,d74ca338
current,composition,70,0.58,0,1394.4,poison,12,13,1277.3612827062607,5259,89e7c2e2
current,composition,71,1,1,2400,,8,24,1034.9216405767947,10100,1666c9d9
current,composition,72,1,1,2400,,10,29,1070.4212616663426,10110,e1f8c24e
current,composition,73,1,1,2400,,10,17,1104.2127545457333,10821,0571f380
current,composition,74,1,1,2400,,15,17,1485.3858197573572,10533,9e50cb41
current,composition,75,1,1,2400,,10,19,1370.1367920264602,9680,2fcf0cf7
current,composition,76,0.59,0,1413.65,poison,9,23,1216.054368764162,5295,61d552c0
current,composition,77,0.92,0,2207.15,poison,14,22,1125.5095273721963,8984,20f0d13b
current,composition,78,1,1,2400,,14,21,1204.263577144593,10824,e99da479
current,composition,79,0.36,0,874.45,poison,10,12,1330.0101856235415,3639,79048e60
current,composition,80,1,1,2400,,13,12,1183.6501486133784,11335,9896b46d
current,composition,81,1,1,2400,,17,21,1463.9479940291494,9430,f91b244c
current,composition,82,0.71,0,1705.35,wounds,23,21,1381.2492803670466,6494,dc6e5a4a
current,composition,83,1,1,2400,,16,19,1366.8350195512176,9484,29f39e8a
current,composition,84,0.6,0,1440.8,cold,13,13,1199.6968852356076,5228,997b9aa9
current,composition,85,1,1,2400,,20,16,1383.1437966786325,9967,ae02a38e
current,composition,86,0.36,0,853.25,poison,13,12,967.5357674248517,2743,73bb322b
current,composition,87,1,1,2400,,13,23,1156.808812217787,10201,a4b07bd6
current,composition,88,1,1,2400,,23,26,1173.720809770748,11166,527d003d
current,composition,89,0.3,0,715.15,cold,6,12,1259.988802531734,2899,c4956532
current,composition,90,0.52,0,1255.25,poison,14,18,1155.3427994716913,5145,164d81f6
current,composition,91,1,1,2400,,28,20,1420.2966009266675,9300,978e3233
current,composition,92,1,1,2400,,15,23,927.627966273576,9988,380a0ffa
current,composition,93,1,1,2400,,25,14,1101.074359472841,9647,48620848
current,composition,94,0.24,0,581.35,poison,4,12,1300.118240620941,2300,3cc76619
current,composition,95,0.85,0,2048.1,poison,13,18,1018.5872426256537,9570,fc4dd1ec
current,composition,96,0.87,0,2095.1,poison,12,16,992.0312591828406,9844,60afbf36
current,composition,97,1,1,2400,,11,21,1231.5269999206066,15374,0c00674a
current,composition,98,0.26,0,614.75,poison,4,12,924.7223654296249,2372,a7069f10
current,composition,99,0.58,0,1387.5,poison,6,13,967.8169305436313,6551,5ee92839
current,composition,100,1,1,2400,,14,13,1377.256285166368,10325,3c77d7ae
current,composition,101,0.92,0,2199.65,poison,12,15,974.794791592285,10124,304c9e24
current,composition,102,1,1,2400,,15,24,1344.8649160098284,12793,4c4e5a4f
current,composition,103,0.5,0,1209.3,poison,9,12,1469.4877217989415,8679,d383fedd
current,composition,104,0.63,0,1510.4,poison,14,16,1105.1880461163819,5761,cb68f509
current,composition,105,0.54,0,1286.75,poison,11,18,1135.4575088247657,5236,7cecdb76
current,composition,106,0.42,0,1010.1,poison,10,13,1370.607446366921,4742,d751aafa
current,composition,107,1,1,2400,,12,19,1414.4714328926057,11173,9495dff4
current,composition,108,0.39,0,928.45,poison,5,12,1121.8604417983443,4071,d41383a0
current,composition,109,0.51,0,1217.7,poison,9,16,1178.230143757537,5422,9a9f3efa
current,composition,110,0.94,0,2256.45,poison,10,26,1115.6502345576882,11190,5bcc7d5a
current,composition,111,0.93,0,2221.55,poison,13,16,960.8158277347684,11562,c770f655
current,composition,112,0.86,0,2075.45,poison,9,19,1085.309890564531,13259,9ba473a0
current,composition,113,0.26,0,616.15,poison,6,12,1113.8190667144954,2732,3357074c
current,composition,114,0.84,0,2011.6,poison,10,14,1361.66654471308,8335,484b310f
current,composition,115,1,1,2400,,11,14,1455.5010417010635,12241,65ac6ab1
current,composition,116,1,1,2400,,17,20,1018.9518865663558,12304,aa5578d2
current,composition,117,1,1,2400,,14,29,916.4415249601007,13125,8171239f
current,composition,118,1,1,2400,,27,15,1006.9175567943603,12013,bf1d6d98
current,composition,119,0.53,0,1271.35,hunger,12,15,1341.1057353951037,4860,69815217
current,composition,120,0.52,0,1259.55,poison,9,12,994.2024345975369,5382,1a91f071
current,composition,121,0.28,0,669.65,poison,4,12,1173.2023521792144,2874,6eccb27d
current,composition,122,0.81,0,1939.6,poison,13,18,1159.5645303837955,8405,241940a3
current,composition,123,0.68,0,1620.75,poison,13,15,1361.5515862125903,6739,fac7cc1d
current,composition,124,1,1,2400,,11,21,1353.230178449303,8336,c24168e3
current,composition,125,1,1,2400,,19,26,1167.0434507075697,10004,7a92059a
current,composition,126,1,1,2400,,28,18,1107.4519793037325,8778,177fa8ea
current,composition,127,0.77,0,1850.55,poison,12,20,905.0416419748217,8014,6e7c5700
current,composition,128,1,1,2400,,23,24,1466.7996475473046,8245,1b463f59
current,composition,129,0.58,0,1387.95,poison,9,17,1144.7639701422304,5413,767abe7e
current,composition,130,0.34,0,810.2,poison,6,12,1465.0964791886508,2201,9b94cca4
current,composition,131,0.45,0,1084.8,cold,6,12,1281.5392343793064,3471,dadca83b
current,composition,132,1,1,2400,,11,22,1101.1725116986781,10296,c9c97ce4
current,composition,133,0.38,0,900.7,poison,7,12,1475.874112173915,4474,55d38472
current,composition,134,0.79,0,1892.15,poison,11,14,1290.601725736633,7015,cc6640dd
current,composition,135,1,1,2400,,10,28,1077.2608320694417,7633,90917dd5
current,composition,136,1,1,2400,,8,24,951.4538374263793,10229,e7658c68
current,composition,137,1,1,2400,,28,25,1320.6740022171289,9878,92f43de1
current,composition,138,1,1,2400,,32,20,1447.0843572635204,9621,79ec7ecb
current,composition,139,0.34,0,807.4,poison,5,12,984.9529625382274,3025,9941b0ef
current,composition,140,0.66,0,1576.65,poison,23,17,1077.8336768969893,6551,c1d5ed17
current,composition,141,1,1,2400,,9,27,1340.8855895977467,9052,be45ff8a
current,composition,142,0.56,0,1333.95,poison,13,22,1118.7472659163177,4093,ce80f7e4
current,composition,143,0.9,0,2149.2,cold,10,15,1486.79534685798,9310,f2945042
current,composition,144,0.85,0,2041.5,poison,15,18,1136.9918907992542,8694,fefbe65b
current,composition,145,1,1,2400,,10,17,1264.3856103066355,10684,569a555d
current,composition,146,0.51,0,1215.9,poison,14,15,929.2768886312842,4687,b871ff66
current,composition,147,1,1,2400,,13,24,1286.7421955801547,16699,c04ffb63
current,composition,148,0.45,0,1078.15,cold,6,12,1130.9817840345204,4315,27db7e15
current,composition,149,0.28,0,681.75,poison,5,16,1090.8703928813338,3226,63489f74
current,composition,150,0.39,0,932.6,poison,13,12,1388.3687366265804,3567,091850d0
current,composition,151,0.38,0,910.95,poison,6,14,1241.7869745288044,3908,17a4a6ff
current,composition,152,1,1,2400,,6,20,996.4221268426627,11835,2190d82c
current,composition,153,0.79,0,1891.95,poison,11,14,1465.5266754794866,7626,b3d37d54
current,composition,154,0.61,0,1469.2,poison,12,12,1360.0727495737374,6147,ba0bd71e
current,composition,155,1,1,2400,,27,36,1293.6976034659892,10756,23d486a6
current,composition,156,1,1,2400,,24,24,1090.0327538140118,11984,b6c22e7c
current,composition,157,0.85,0,2029.5,poison,14,13,1184.5583468209952,8631,2c189923
current,composition,158,1,1,2400,,13,17,1361.2498610280454,8818,09499c9d
current,composition,159,1,1,2400,,14,27,1087.0310737285763,10840,9f37f828
current,composition,160,0.28,0,665.75,poison,5,12,1134.409105265513,2779,dc88af91
current,composition,161,0.63,0,1520.8,poison,10,14,1211.019501183182,7394,1837ac41
current,composition,162,0.95,0,2279.05,poison,14,21,1354.779640166089,9976,ce6e71dd
current,composition,163,0.37,0,885.05,poison,8,12,1193.7779202125967,3606,5b5158a8
current,composition,164,1,1,2400,,30,31,1397.6827750448138,12695,e84ac102
current,composition,165,1,1,2400,,18,21,1259.7743312828243,11609,b28c16c5
current,composition,166,0.73,0,1752.8,poison,10,17,1234.640494454652,8374,9a66de32
current,composition,167,0.31,0,740.8,poison,5,13,1190.675621246919,4250,2256547e
current,composition,168,1,1,2400,,30,22,1314.1329189296812,9682,5adba249
current,composition,169,1,1,2400,,19,23,1195.129220187664,10685,3c023ac5
current,composition,170,1,1,2400,,21,17,1303.8867191411555,9867,294ad15e
current,composition,171,0.85,0,2046.45,poison,15,18,1105.4251719731838,11112,238c1179
current,composition,172,1,1,2400,,31,23,1323.0916259810328,11759,576de1d0
current,composition,173,0.85,0,2051.25,poison,14,18,1485.8402882236987,10636,7d639eed
current,composition,174,0.59,0,1406.5,poison,16,20,947.138951998204,6930,118e17a1
current,composition,175,1,1,2400,,10,21,1297.4928145296872,11405,94ffba7d
current,composition,176,0.38,0,907.6,poison,7,12,1049.629135709256,4618,1ddebab2
current,composition,177,0.31,0,749.05,poison,7,12,1195.7596875261515,2798,7f6791eb
current,composition,178,1,1,2400,,13,25,1407.15163461864,10824,4e988b43
current,composition,179,1,1,2400,,39,33,919.9207201134413,13299,66361d9c
current,composition,180,1,1,2400,,15,24,1455.5653866380453,9703,a852fb1f
current,composition,181,0.75,0,1790.5,cold,18,19,1100.8694166317582,8578,5ccae0f5
current,composition,182,0.96,0,2297,poison,15,19,1398.7264457624406,11074,b958a8a4
current,composition,183,1,1,2400,,12,26,1043.0413277819753,11603,b8e5d7fa
current,composition,184,0.51,0,1226.1,poison,19,12,1111.4483778364956,5639,5e8c81b2
current,composition,185,0.44,0,1055.55,hunger,3,12,1221.8576656188816,5584,43aaf920
current,composition,186,1,1,2400,,13,22,1428.9914247114211,10020,35ed2932
current,composition,187,1,1,2400,,27,26,1085.6338331010193,10411,cf04ff1f
current,composition,188,1,1,2400,,28,27,1393.417603103444,11497,31f01e2a
current,composition,189,1,1,2400,,13,22,1201.2530513573438,12078,2fe1f5df
current,composition,190,0.6,0,1449.95,poison,13,13,1321.2053932249546,4990,a0af9483
current,composition,191,0.43,0,1023.75,poison,8,16,1496.1295024026185,4758,aaef693d
current,composition,192,1,1,2400,,9,24,930.2925735712051,10272,fda1618e
current,composition,193,1,1,2400,,12,25,1258.9972082991153,9196,c7721093
current,composition,194,1,1,2400,,13,22,1152.4073097389191,9228,213b60bf
current,composition,195,0.52,0,1249.05,cold,14,14,999.0998560097069,4816,e2cabbd0
current,composition,196,1,1,2400,,13,19,1205.9377323836088,8156,08a7d6a5
current,composition,197,1,1,2400,,13,28,1488.0803638603538,8669,c592ab17
current,composition,198,1,1,2400,,9,13,1394.535796623677,9490,3e0df70e
current,composition,199,0.78,0,1862.55,poison,10,12,1047.8182077873498,6333,e02328e1
current,composition,200,1,1,2400,,15,24,1357.1969599463046,8192,012708f6
current,composition,201,1,1,2400,,14,16,992.1195602975786,7771,10798bfe
current,composition,202,1,1,2400,,21,23,1192.2995714005083,8397,0fab473f
current,composition,203,1,1,2400,,34,19,1154.5003413688391,9928,7dc9a004
current,composition,204,1,1,2400,,18,18,1000.1810078043491,7706,8d52dfed
current,composition,205,1,1,2400,,15,17,994.9222215916961,7831,1b5f2561
current,composition,206,1,1,2400,,23,24,1122.0955364406109,9963,60cb3598
current,composition,207,1,1,2400,,23,26,983.6325459647924,9748,96424506
current,composition,208,0.67,0,1614.1,poison,16,16,901.699693640694,6178,fb20e689
current,composition,209,1,1,2400,,8,17,1252.5396300014108,8237,8c2d432b
current,composition,210,0.88,0,2106.9,poison,18,17,1169.0376046579331,5709,73adec90
current,composition,211,0.89,0,2137.4,poison,14,20,1002.9386837035418,6967,b1344a68
current,composition,212,1,1,2400,,11,22,1235.1081307511777,8256,296a82a4
current,composition,213,1,1,2400,,30,24,1369.4587578065693,7419,508e626f
current,composition,214,0.28,0,669.25,poison,4,12,925.6938612554222,1990,01b903bf
current,composition,215,1,1,2400,,31,31,1298.5434462781996,12287,f5a64b51
current,composition,216,1,1,2400,,8,20,1345.3038537874818,7718,8d3a8521
current,composition,217,1,1,2400,,17,19,1205.3591650910676,8878,e9ecc138
current,composition,218,1,1,2400,,18,20,1221.6119939927012,7841,352bec68
current,composition,219,1,1,2400,,23,25,948.6826007254422,7739,1b176d13
current,composition,220,1,1,2400,,25,25,1211.7021025624126,7028,4092cc9a
current,composition,221,1,1,2400,,9,23,1457.7891195192933,7635,a53cf832
current,composition,222,1,1,2400,,14,19,1047.5726979319006,15357,022f859d
current,composition,223,1,1,2400,,16,21,1194.918327452615,7957,aaec6d0d
current,composition,224,0.98,0,2360.2,poison,18,17,1005.4493539966643,7192,143f0335
current,composition,225,0.85,0,2028.1,poison,15,12,1376.4573000837117,6110,ec491301
current,composition,226,0.4,0,965.8,poison,5,11,939.5778216887265,2882,08280419
current,composition,227,1,1,2400,,23,31,1434.9179482553154,8023,b8913c9f
current,composition,228,1,1,2400,,9,12,921.1716557387263,7925,44c07d9e
current,composition,229,1,1,2400,,9,20,1319.0656683873385,7448,21580013
current,composition,230,1,1,2400,,11,18,960.7735414523631,8861,71bfe459
current,composition,231,0.91,0,2195.4,poison,14,16,970.7320349290967,7083,db32deee
current,composition,232,1,1,2400,,16,19,1424.1734676528722,7293,9a64506a
current,composition,233,0.53,0,1282.95,poison,11,12,1397.2399753052741,3828,ee811525
current,composition,234,0.42,0,998.6,poison,6,12,1363.8952993322164,3951,b5bb6b0b
current,composition,235,1,1,2400,,26,26,1054.7708944883198,9786,15f5213a
current,composition,236,1,1,2400,,21,25,1104.401738801971,10716,19ed5ec1
current,composition,237,0.28,0,676.05,poison,3,10,1203.0590652488172,1950,45be457d
current,composition,238,0.34,0,825.9,poison,6,12,1113.8568364083767,2882,b62d7172
current,composition,239,1,1,2400,,14,14,1336.7236276622862,9298,8054bbe5
current,composition,240,1,1,2400,,18,17,1202.6472402736545,9802,eae5dd2f
current,composition,241,1,1,2400,,31,36,1046.5303159318864,12216,f30720f1
current,composition,242,0.57,0,1372,poison,15,12,1344.6201412472874,4240,d3567ca0
current,composition,243,0.11,0,252.6,thirst,0,9,937.8141772001982,710,beef27cf
current,composition,244,0.84,0,2019.55,poison,20,12,1135.7657541520894,9017,cb0857a7
current,composition,245,0.78,0,1882.45,poison,18,17,1292.609103396535,7335,fe11a7d2
current,composition,246,1,1,2400,,16,20,1038.6681274976581,10262,aabc24c9
current,composition,247,0.93,0,2220.85,poison,13,28,1389.2561377957463,13292,11fcdf57
current,composition,248,1,1,2400,,9,19,907.4884203728288,11395,18763d4e
current,composition,249,1,1,2400,,13,18,1409.0957075357437,10096,965ed5ee
current,composition,250,1,1,2400,,12,21,1225.0616886187345,12621,46633df4
current,composition,251,1,1,2400,,18,19,1297.0446069259197,10400,c9052968
current,composition,252,1,1,2400,,17,29,1103.9641621056944,13445,180fcecf
current,composition,253,1,1,2400,,21,29,1119.4196885917336,11639,08c29a65
current,composition,254,0.29,0,700.45,poison,5,11,1270.0571752153337,3714,842daaf2
current,composition,255,1,1,2400,,12,15,978.7794969510287,13436,f517764f
current,composition,256,0.4,0,951.8,poison,6,17,984.344200277701,5521,d3dd78d6
current,composition,257,1,1,2400,,26,20,1446.5802851133049,12320,1c3f55d8
current,composition,258,1,1,2400,,32,23,919.6648745331913,12027,8de25885
current,composition,259,0.51,0,1221.25,poison,13,12,1459.2605631798506,5300,b8a2a340
current,composition,260,0.6,0,1441.05,cold,13,12,1361.0214677173644,6978,46e0a163
current,composition,261,1,1,2400,,14,28,1450.6259872578084,12675,9331b829
current,composition,262,1,1,2400,,35,26,1268.2364974636585,13746,1464f1d2
current,composition,263,1,1,2400,,32,25,1249.1626046597958,10572,c9e8b4ff
current,composition,264,0.6,0,1450.6,poison,10,18,907.069144025445,7610,3e7cdf06
current,composition,265,1,1,2400,,36,29,1339.0997590497136,14777,cf63f3e6
current,composition,266,1,1,2400,,14,21,945.520893484354,13429,1ca42a8a
current,composition,267,1,1,2400,,12,24,1004.3327002320439,12283,14825a84
current,composition,268,0.27,0,657.05,poison,5,12,1445.2794782817364,2617,f85fd24b
current,composition,269,1,1,2400,,16,26,1217.0531110838056,12412,59bbf685
current,composition,270,0.28,0,668.9,poison,4,12,905.9832656756043,2985,04c79877
current,composition,271,0.9,0,2152.1,poison,11,20,971.0220783948898,11384,1a673a1d
current,composition,272,1,1,2400,,11,19,1348.1315648183227,12145,8fcd39a4
current,composition,273,0.58,0,1389.15,poison,14,12,1355.776495859027,6951,8d0bbd21
current,composition,274,1,1,2400,,17,20,1305.6870179716498,9943,8b263c07
current,composition,275,0.93,0,2231.2,poison,10,15,967.6845006644726,12886,92ead8b8
current,composition,276,0.93,0,2223.9,poison,15,18,1469.6337923873216,10843,cf6320aa
current,composition,277,1,1,2400,,28,25,1118.4982267208397,10356,80ae8072
current,composition,278,1,1,2400,,12,20,1354.2102840263397,9996,0eccdf5f
current,composition,279,1,1,2400,,12,17,905.5938298813999,11522,5cce2ef6
current,composition,280,0.83,0,1989.7,poison,19,16,1254.6807469334453,10194,f65517d0
current,composition,281,0.27,0,647.35,poison,5,12,945.7816836889833,3420,62d1e81c
current,composition,282,0.94,0,2260.5,poison,13,17,1388.6873227078468,13760,3fe6833e
current,composition,283,0.33,0,791.85,poison,8,12,1067.9485361091793,3464,9336ceba
current,composition,284,0.88,0,2120.5,poison,13,20,1366.2202809937298,10230,3f6220be
current,composition,285,1,1,2400,,26,20,1176.8785789143294,12817,0092a221
current,composition,286,0.92,0,2201,poison,13,22,1320.0503782834858,10714,8613d8dd
current,composition,287,0.65,0,1557.3,poison,16,17,1252.034403802827,6601,2a4cadea
current,composition,288,1,1,2400,,10,19,1222.7287317160517,12445,bebee212
current,composition,289,1,1,2400,,20,18,1262.9864285700023,12361,b95bba3a
current,composition,290,0.37,0,877.75,poison,4,12,1291.4361126255244,3842,fd8cb4c5
current,composition,291,1,1,2400,,12,19,1298.5788947436959,12277,bc11846e
current,composition,292,1,1,2400,,20,20,1057.1428986266255,11501,39a9051b
current,composition,293,0.44,0,1054.45,poison,4,12,1005.9947689063847,4634,8e385209
current,composition,294,0.87,0,2096.85,poison,17,17,1091.9827145989984,8914,309a643e
current,composition,295,1,1,2400,,32,27,1078.8521320559084,9568,700d122f
current,composition,296,0.47,0,1132.75,poison,4,12,1305.3439878858626,4279,33f36ab1
current,composition,297,0.99,0,2375.55,poison,14,17,1274.4486073963344,7475,1fe5c67a
current,composition,298,1,1,2400,,30,22,941.0594351124018,7254,b57e978c
current,composition,299,0.29,0,695.6,poison,8,12,1427.4996501859277,1982,69aa3e91
current,invert,0,0.47,0,1127.75,poison,4,12,1355.2491386421025,3682,373e8567
current,invert,1,0.29,0,698.2,poison,6,12,1453.974782070145,2372,78e0b9c4
current,invert,2,0.52,0,1259.4,poison,7,12,1008.7649860884994,4513,151655e0
current,invert,3,0.35,0,847.6,poison,5,12,1052.154010394588,2647,9ce8b0d2
current,invert,4,0.3,0,722.05,poison,6,18,1012.4247627798468,2528,c20c3566
current,invert,5,1,1,2400,,8,22,1021.8986702151597,7352,de28e44c
current,invert,6,0.38,0,917.9,poison,4,13,924.9981891363859,3098,2a17a7de
current,invert,7,1,1,2400,,10,17,1280.811721784994,7736,c6190eab
current,invert,8,0.63,0,1515.9,poison,16,17,1227.5550863239914,4412,eae4f0d8
current,invert,9,0.54,0,1289.75,poison,4,12,954.4359873980284,3869,d4c7cced
current,invert,10,1,1,2400,,5,21,1481.036379514262,6382,e723103c
current,invert,11,1,1,2400,,13,20,1419.2990833427757,6109,2d9356a0
current,invert,12,1,1,2400,,15,14,1156.1995566822588,5644,a54e4229
current,invert,13,1,1,2400,,25,23,975.9893313981593,7452,99dcae45
current,invert,14,0.4,0,957.35,poison,7,12,1056.7464123945683,2761,9e2dac10
current,invert,15,1,1,2400,,20,22,1087.165479362011,7347,26ae3fcd
current,invert,16,1,1,2400,,31,28,1184.9144582636654,6544,007e65f9
current,invert,17,1,1,2400,,14,20,948.6968228593469,5434,aca1ecfe
current,invert,18,1,1,2400,,15,22,1230.41522372514,5920,9c3dc398
current,invert,19,1,1,2400,,16,23,1493.4291507583112,7462,32cb674f
current,invert,20,1,1,2400,,22,22,1195.6276488024741,7274,c06b3339
current,invert,21,0.5,0,1200,poison,5,14,1099.0994222927839,3345,b01e3f24
current,invert,22,0.75,0,1792,poison,10,12,1396.9266504049301,5820,f5928e38
current,invert,23,1,1,2400,,16,23,1006.6232697106898,6842,8c790e7a
current,invert,24,0.35,0,840.55,poison,8,11,914.0643363352865,2765,37403458
current,invert,25,0.7,0,1672.55,poison,14,14,909.055660944432,4927,0ac4354b
current,invert,26,0.79,0,1904.8,poison,10,19,1418.5124515090138,5677,7d002737
current,invert,27,0.41,0,981.8,poison,9,12,1038.7996306177229,3087,47053a25
current,invert,28,1,1,2400,,29,27,1491.567375836894,6275,f45b0734
current,invert,29,0.3,0,723,poison,5,12,1168.8283814582974,2035,55a5e57a
current,invert,30,0.7,0,1679.05,hunger,13,14,1246.451383922249,5633,66b5c432
current,invert,31,0.99,0,2380.9,poison,13,18,1109.8990456201136,6016,fc7c06ab
current,invert,32,1,1,2400,,16,16,1451.950038364157,6947,9e008e37
current,invert,33,1,1,2400,,7,19,933.9349877089262,6521,c633b42a
current,invert,34,0.9,0,2167.85,poison,16,14,1440.3934170026332,6030,18328ce5
current,invert,35,1,1,2400,,16,14,1076.2001846451312,6227,dc76176a
current,invert,36,0.61,0,1464.2,poison,14,14,1431.0532630886883,4892,ea7f7773
current,invert,37,1,1,2400,,27,22,1275.561968749389,7261,998518cb
current,invert,38,1,1,2400,,18,24,1415.9737795125693,6727,3ea6dd8b
current,invert,39,0.63,0,1502.25,poison,12,12,1050.0572400167584,4652,6f42f3ff
current,invert,40,1,1,2400,,13,21,1220.4956889152527,7228,3d96379c
current,invert,41,0.98,0,2361.15,poison,16,18,1232.8261929564178,6968,8be85918
current,invert,42,0.74,0,1778.65,poison,15,22,1441.9177936390042,5942,7e0bf909
current,invert,43,1,1,2400,,15,20,979.1187167633325,7347,4bac0f26
current,invert,44,1,1,2400,,29,18,1135.521693667397,6820,85c3c361
current,invert,45,1,1,2400,,31,19,1280.4792047012597,7878,0e87a37e
current,invert,46,0.51,0,1225.3,poison,10,12,1308.1812533084303,4189,881fca12
current,invert,47,1,1,2400,,14,12,1359.4722845591605,6940,f06d7bf8
current,invert,48,0.58,0,1391.4,poison,9,18,1289.9143806193024,3696,a63b4b59
current,invert,49,1,1,2400,,21,17,1370.1839546207339,8692,80022e79
current,invert,50,1,1,2400,,16,27,1223.048041574657,7198,692a5154
current,invert,51,1,1,2400,,13,21,1190.0646095629781,8014,3cf3301b
current,invert,52,0.34,0,810.9,poison,15,12,1030.5976996198297,2724,20f4748c
current,invert,53,1,1,2400,,18,17,910.6717661954463,8074,5e4cbfa9
current,invert,54,0.64,0,1537.85,poison,10,21,925.2298789098859,5660,0536fa6d
current,invert,55,0.79,0,1886.75,poison,26,21,1315.2466686442494,5250,4051f8eb
current,invert,56,0.31,0,745.45,poison,7,12,1267.03458186239,2504,8a58f99e
current,invert,57,0.99,0,2376.55,poison,10,12,1362.3291590251029,8302,ad875c87
current,invert,58,0.71,0,1709.3,poison,10,17,1401.4836218208075,5659,85ebdc9e
current,invert,59,0.61,0,1471.25,poison,9,12,1336.2382390536368,5592,a1487f9d
current,invert,60,0.27,0,638.2,poison,6,12,1153.169801691547,2788,54747e14
current,invert,61,1,1,2400,,9,20,960.9996335115284,6969,3f5e100e
current,invert,62,1,1,2400,,20,25,1222.427462786436,7829,df1149f5
current,invert,63,1,1,2400,,16,22,1232.517156098038,7315,06f7b4d3
current,invert,64,1,1,2400,,28,25,1276.6067342832685,8444,52721760
current,invert,65,1,1,2400,,20,27,963.0870806984603,6401,62bd03b4
current,invert,66,0.52,0,1247.1,poison,7,19,986.5628327708691,4663,89643c44
current,invert,67,1,1,2400,,12,21,909.949193475768,7962,845a9ac0
current,invert,68,1,1,2400,,15,17,1281.0644138138741,7109,04abdca4
current,invert,69,1,1,2400,,16,13,1171.9917150679976,7710,35a799be
current,invert,70,1,1,2400,,14,15,1277.3612827062607,8634,0caa8f5c
current,invert,71,0.51,0,1233.1,poison,6,15,1034.9216405767947,4071,d6c852fc
current,invert,72,0.66,0,1585.15,poison,9,23,1070.4212616663426,5908,7609bc70
current,invert,73,1,1,2400,,11,19,1104.2127545457333,8705,819a71d8
current,invert,74,1,1,2400,,12,13,1485.3858197573572,8950,4b43b92a
current,invert,75,0.73,0,1756.8,poison,9,13,1370.1367920264602,6349,025904f7
current,invert,76,1,1,2400,,9,31,1216.054368764162,7806,523ffd5c
current,invert,77,0.56,0,1338.55,poison,11,16,1125.5095273721963,4531,795b999e
current,invert,78,0.54,0,1286.15,poison,11,12,1204.263577144593,5202,f6a3d0ef
current,invert,79,0.36,0,874.45,poison,10,12,1330.0101856235415,3569,79048e60
current,invert,80,1,1,2400,,19,12,1183.6501486133784,9384,565f2ee0
current,invert,81,1,1,2400,,11,23,1463.9479940291494,7784,a7b87ba5
current,invert,82,1,1,2400,,23,30,1381.2492803670466,8067,498869e5
current,invert,83,1,1,2400,,22,19,1366.8350195512176,8726,2d9f5db0
current,invert,84,1,1,2400,,20,21,1199.6968852356076,8152,1d369f8e
current,invert,85,1,1,2400,,19,22,1383.1437966786325,8089,c9d41261
current,invert,86,0.36,0,853.25,poison,13,12,967.5357674248517,2916,73bb322b
current,invert,87,0.54,0,1290.9,poison,14,13,1156.808812217787,5068,8c16df83
current,invert,88,1,1,2400,,27,32,1173.720809770748,8235,3fe2de17
current,invert,89,0.3,0,715.15,cold,6,12,1259.988802531734,2868,c4956532
current,invert,90,1,1,2400,,23,18,1155.3427994716913,9459,47829433
current,invert,91,1,1,2400,,23,23,1420.2966009266675,7311,f7004451
current,invert,92,1,1,2400,,19,12,927.627966273576,8794,74d17b36
current,invert,93,0.52,0,1248.9,poison,13,12,1101.074359472841,4566,873fc7b3
current,invert,94,0.24,0,581.35,poison,4,12,1300.118240620941,2392,3cc76619
current,invert,95,1,1,2400,,13,18,1018.5872426256537,8511,e404d3e4
current,invert,96,1,1,2400,,13,16,992.0312591828406,7681,655facde
current,invert,97,1,1,2400,,10,17,1231.5269999206066,12926,2e946c93
current,invert,98,0.26,0,614.75,poison,4,12,924.7223654296249,2086,a7069f10
current,invert,99,1,1,2400,,8,20,967.8169305436313,9374,bb1c941f
current,invert,100,0.94,0,2248.15,poison,11,12,1377.256285166368,8356,8d2ffeb4
current,invert,101,1,1,2400,,13,17,974.794791592285,8546,3de1446a
current,invert,102,1,1,2400,,27,25,1344.8649160098284,11014,4668f558
current,invert,103,0.5,0,1209.3,poison,9,12,1469.4877217989415,8909,d383fedd
current,invert,104,1,1,2400,,8,20,1105.1880461163819,7909,3ac0df26
current,invert,105,1,1,2400,,8,22,1135.4575088247657,8984,ee86d122
current,invert,106,0.42,0,1010.1,poison,10,13,1370.607446366921,4385,d751aafa
current,invert,107,0.64,0,1542.25,poison,10,17,1414.4714328926057,6577,920177bc
current,invert,108,0.39,0,928.45,poison,5,12,1121.8604417983443,4037,d41383a0
current,invert,109,1,1,2400,,11,23,1178.230143757537,9311,97c2d140
current,invert,110,0.71,0,1697.45,poison,9,24,1115.6502345576882,7248,37b7e1be
current,invert,111,0.79,0,1893.75,poison,11,12,960.8158277347684,7883,e3aaf699
current,invert,112,1,1,2400,,11,22,1085.309890564531,12099,97576fa9
current,invert,113,0.26,0,616.15,poison,6,12,1113.8190667144954,2949,3357074c
current,invert,114,0.77,0,1849.75,poison,10,12,1361.66654471308,6102,2cf8d185
current,invert,115,0.7,0,1676.3,poison,7,14,1455.5010417010635,6766,ac01f2aa
current,invert,116,1,1,2400,,30,23,1018.9518865663558,9216,95aaa131
current,invert,117,0.47,0,1127.2,poison,11,20,916.4415249601007,5199,04486447
current,invert,118,0.57,0,1373.45,poison,12,12,1006.9175567943603,6366,2f9b2ebe
current,invert,119,0.53,0,1271.35,hunger,12,15,1341.1057353951037,5271,69815217
current,invert,120,1,1,2400,,16,19,994.2024345975369,8787,b99423a0
current,invert,121,0.28,0,669.65,poison,4,12,1173.2023521792144,2838,6eccb27d
current,invert,122,0.53,0,1261.1,poison,9,14,1159.5645303837955,5399,1aad6d46
current,invert,123,0.67,0,1617.6,poison,13,14,1361.5515862125903,6611,22a5ebea
current,invert,124,0.96,0,2304.8,poison,16,16,1353.230178449303,7342,3cedccff
current,invert,125,0.84,0,2015.35,poison,12,14,1167.0434507075697,7766,f08d1fc1
current,invert,126,1,1,2400,,15,17,1107.4519793037325,7075,81ce4caa
current,invert,127,0.57,0,1362.75,poison,9,18,905.0416419748217,4901,68e84675
current,invert,128,1,1,2400,,22,23,1466.7996475473046,7325,9806b118
current,invert,129,0.86,0,2067.75,poison,9,20,1144.7639701422304,7786,3319e808
current,invert,130,0.34,0,810.2,poison,6,12,1465.0964791886508,2571,9b94cca4
current,invert,131,0.45,0,1084.8,cold,6,12,1281.5392343793064,3826,dadca83b
current,invert,132,0.61,0,1463.25,poison,10,13,1101.1725116986781,5356,ea46fa74
current,invert,133,0.38,0,900.7,poison,7,12,1475.874112173915,4722,55d38472
current,invert,134,1,1,2400,,13,13,1290.601725736633,7459,cc063526
current,invert,135,1,1,2400,,15,30,1077.2608320694417,6570,91093f5a
current,invert,136,1,1,2400,,8,17,951.4538374263793,6977,85839186
current,invert,137,1,1,2400,,31,15,1320.6740022171289,8621,fe2304c3
current,invert,138,1,1,2400,,26,22,1447.0843572635204,7676,f835cf6a
current,invert,139,0.34,0,807.4,poison,5,12,984.9529625382274,3023,9941b0ef
current,invert,140,1,1,2400,,26,21,1077.8336768969893,8088,5f6fbb4f
current,invert,141,1,1,2400,,9,30,1340.8855895977467,7512,8e4b37ab
current,invert,142,1,1,2400,,14,27,1118.7472659163177,6301,94512272
current,invert,143,0.95,0,2282.25,poison,12,21,1486.79534685798,8085,d513e7f1
current,invert,144,0.62,0,1483.75,poison,13,15,1136.9918907992542,5601,caf2feb8
current,invert,145,0.67,0,1605.75,cold,5,12,1264.3856103066355,6087,94c25a33
current,invert,146,1,1,2400,,22,21,929.2768886312842,7908,add89a66
current,invert,147,0.88,0,2115.55,poison,17,20,1286.7421955801547,12405,8c71f39a
current,invert,148,0.45,0,1078.15,cold,6,12,1130.9817840345204,4069,27db7e15
current,invert,149,0.28,0,681.75,poison,5,16,1090.8703928813338,3071,63489f74
current,invert,150,0.39,0,932.6,poison,13,12,1388.3687366265804,3321,091850d0
current,invert,151,0.38,0,910.95,poison,6,14,1241.7869745288044,3941,17a4a6ff
current,invert,152,1,1,2400,,9,22,996.4221268426627,9227,381338b5
current,invert,153,0.87,0,2078.05,poison,11,17,1465.5266754794866,7113,22153059
current,invert,154,0.89,0,2146.1,cold,23,12,1360.0727495737374,8277,dc2a6899
current,invert,155,1,1,2400,,15,26,1293.6976034659892,8826,b3cfd73b
current,invert,156,0.55,0,1327.9,poison,12,20,1090.0327538140118,5984,17132a13
current,invert,157,0.9,0,2162.05,poison,11,16,1184.5583468209952,7930,54120064
current,invert,158,0.9,0,2155.6,poison,12,14,1361.2498610280454,7057,5feec165
current,invert,159,0.55,0,1318.65,poison,8,16,1087.0310737285763,4695,248bdb44
current,invert,160,0.28,0,665.75,poison,5,12,1134.409105265513,2732,dc88af91
current,invert,161,0.63,0,1513.6,poison,10,14,1211.019501183182,7076,b9d8e772
current,invert,162,0.76,0,1819.5,poison,9,12,1354.779640166089,6857,d2c0762f
current,invert,163,0.37,0,885.05,poison,8,12,1193.7779202125967,3660,5b5158a8
current,invert,164,1,1,2400,,31,32,1397.6827750448138,10779,5f1f8e6c
current,invert,165,0.58,0,1385.35,poison,12,13,1259.7743312828243,6018,6a3235d2
current,invert,166,1,1,2400,,9,21,1234.640494454652,8989,2174876a
current,invert,167,0.31,0,740.8,poison,5,13,1190.675621246919,4283,2256547e
current,invert,168,1,1,2400,,29,20,1314.1329189296812,8240,63e2a499
current,invert,169,1,1,2400,,14,27,1195.129220187664,8741,af2da0c9
current,invert,170,1,1,2400,,17,18,1303.8867191411555,8553,4b50a182
current,invert,171,1,1,2400,,14,23,1105.4251719731838,10899,e4a11c09
current,invert,172,1,1,2400,,19,21,1323.0916259810328,9114,9fcf51c1
current,invert,173,0.82,0,1973.5,poison,10,18,1485.8402882236987,9579,4bd46867
current,invert,174,1,1,2400,,12,18,947.138951998204,10771,e2696ccb
current,invert,175,0.74,0,1782.45,cold,11,13,1297.4928145296872,7125,6fd60cd8
current,invert,176,0.38,0,907.6,poison,7,12,1049.629135709256,4444,1ddebab2
current,invert,177,0.31,0,749.05,poison,7,12,1195.7596875261515,2922,7f6791eb
current,invert,178,1,1,2400,,23,24,1407.15163461864,9826,fb70a1ae
current,invert,179,1,1,2400,,29,24,919.9207201134413,10595,7cf8fb3d
current,invert,180,0.84,0,2008.45,poison,21,17,1455.5653866380453,6898,19a6772a
current,invert,181,1,1,2400,,24,20,1100.8694166317582,9790,e9c68f83
current,invert,182,0.97,0,2337.75,poison,15,19,1398.7264457624406,9970,a65c5e1b
current,invert,183,1,1,2400,,23,30,1043.0413277819753,8509,c0ca967f
current,invert,184,1,1,2400,,21,16,1111.4483778364956,11714,0934f493
current,invert,185,0.44,0,1055.55,hunger,3,12,1221.8576656188816,5679,43aaf920
current,invert,186,1,1,2400,,11,25,1428.9914247114211,8752,5a65f9a9
current,invert,187,1,1,2400,,24,24,1085.6338331010193,8574,92867c80
current,invert,188,1,1,2400,,29,30,1393.417603103444,9936,e200781b
current,invert,189,0.65,0,1557.15,poison,9,14,1201.2530513573438,6083,604bba5c
current,invert,190,0.95,0,2278.6,poison,17,13,1321.2053932249546,7608,f318f499
current,invert,191,0.43,0,1023.75,poison,8,16,1496.1295024026185,4939,aaef693d
current,invert,192,1,1,2400,,26,24,930.2925735712051,8090,fd0c3312
current,invert,193,0.58,0,1388.8,poison,14,23,1258.9972082991153,4938,7c6060a8
current,invert,194,0.55,0,1315.05,poison,9,12,1152.4073097389191,5216,d2f07aa6
current,invert,195,0.88,0,2106.9,poison,16,18,999.0998560097069,7319,98214c98
current,invert,196,1,1,2400,,13,19,1205.9377323836088,7177,2906f053
current,invert,197,0.81,0,1947.65,poison,21,20,1488.0803638603538,6314,8e8dfa0b
current,invert,198,0.62,0,1480.6,poison,9,12,1394.535796623677,5693,886accca
current,invert,199,0.58,0,1402.05,poison,8,12,1047.8182077873498,4405,762e838d
current,invert,200,1,1,2400,,19,25,1357.1969599463046,6847,8538831c
current,invert,201,1,1,2400,,14,12,992.1195602975786,6502,3fa93ceb
current,invert,202,1,1,2400,,16,14,1192.2995714005083,7102,ef76dc25
current,invert,203,1,1,2400,,30,23,1154.5003413688391,8016,19d21d1c
current,invert,204,1,1,2400,,20,21,1000.1810078043491,6620,671eaba0
current,invert,205,1,1,2400,,12,15,994.9222215916961,6253,3a16275b
current,invert,206,1,1,2400,,20,23,1122.0955364406109,7473,1c5368b7
current,invert,207,1,1,2400,,28,30,983.6325459647924,7299,b76f5657
current,invert,208,0.62,0,1498.55,poison,18,17,901.699693640694,4550,c368032f
current,invert,209,0.83,0,2000.65,poison,8,13,1252.5396300014108,5667,9f1aa1eb
current,invert,210,1,1,2400,,28,20,1169.0376046579331,5275,027d2c03
current,invert,211,1,1,2400,,17,13,1002.9386837035418,6629,c80cbb47
current,invert,212,0.64,0,1545.55,poison,9,14,1235.1081307511777,4585,3af326ae
current,invert,213,1,1,2400,,35,13,1369.4587578065693,6554,2907cf6d
current,invert,214,0.28,0,669.25,poison,4,12,925.6938612554222,2180,01b903bf
current,invert,215,1,1,2400,,29,30,1298.5434462781996,10608,5f1dfefa
current,invert,216,0.85,0,2032.5,poison,10,21,1345.3038537874818,5816,94994fdf
current,invert,217,0.97,0,2334.8,poison,13,16,1205.3591650910676,6954,fc028904
current,invert,218,0.64,0,1538.35,poison,13,17,1221.6119939927012,4417,bd2f8b57
current,invert,219,1,1,2400,,12,22,948.6826007254422,6168,e565e0e0
current,invert,220,1,1,2400,,28,25,1211.7021025624126,5936,afe2f832
current,invert,221,1,1,2400,,10,22,1457.7891195192933,6117,788f5676
current,invert,222,0.58,0,1382.45,poison,8,12,1047.5726979319006,7220,206e5b3b
current,invert,223,1,1,2400,,38,25,1194.918327452615,6986,1b070cc8
current,invert,224,0.69,0,1665.25,poison,14,12,1005.4493539966643,4384,77f6f273
current,invert,225,0.94,0,2254.95,poison,15,15,1376.4573000837117,5303,8a5e2387
current,invert,226,0.41,0,976.8,poison,4,11,939.5778216887265,2888,ce988542
current,invert,227,0.7,0,1672.75,poison,19,14,1434.9179482553154,4730,4f5852f9
current,invert,228,1,1,2400,,11,19,921.1716557387263,6432,c730421c
current,invert,229,0.8,0,1910.05,poison,15,13,1319.0656683873385,4874,a80aa24b
current,invert,230,1,1,2400,,11,18,960.7735414523631,7573,022c7479
current,invert,231,0.9,0,2149.25,poison,18,15,970.7320349290967,5614,89ca65db
current,invert,232,1,1,2400,,18,20,1424.1734676528722,6480,79a5d6f3
current,invert,233,0.53,0,1282.95,poison,11,12,1397.2399753052741,3614,ee811525
current,invert,234,0.42,0,998.6,poison,6,12,1363.8952993322164,3822,b5bb6b0b
current,invert,235,1,1,2400,,25,26,1054.7708944883198,7947,aa8214ca
current,invert,236,0.84,0,2022.95,poison,19,14,1104.401738801971,7887,72b0980a
current,invert,237,0.28,0,676.05,poison,3,10,1203.0590652488172,1880,45be457d
current,invert,238,0.34,0,825.9,poison,6,12,1113.8568364083767,2878,b62d7172
current,invert,239,0.91,0,2195.25,poison,12,13,1336.7236276622862,7237,c51041e4
current,invert,240,1,1,2400,,20,29,1202.6472402736545,7636,d8df575e
current,invert,241,1,1,2400,,17,29,1046.5303159318864,9306,493106bf
current,invert,242,0.57,0,1374.05,poison,15,12,1344.6201412472874,4233,ed2289c9
current,invert,243,0.11,0,252.6,thirst,0,9,937.8141772001982,688,beef27cf
current,invert,244,1,1,2400,,32,13,1135.7657541520894,8854,5bbc4763
current,invert,245,0.66,0,1572.6,poison,12,12,1292.609103396535,5397,f8278d41
current,invert,246,1,1,2400,,13,20,1038.6681274976581,7794,65cedcb8
current,invert,247,0.76,0,1833.2,poison,11,23,1389.2561377957463,9219,2c5a9e51
current,invert,248,0.63,0,1502.3,poison,10,12,907.4884203728288,6175,28c509dc
current,invert,249,0.86,0,2060.75,poison,14,15,1409.0957075357437,7333,410a026e
current,invert,250,0.77,0,1856.1,poison,12,15,1225.0616886187345,7463,a3d730a8
current,invert,251,1,1,2400,,18,23,1297.0446069259197,8638,a7957a2c
current,invert,252,0.48,0,1148.3,poison,16,22,1103.9641621056944,5938,252c3caa
current,invert,253,1,1,2400,,30,34,1119.4196885917336,9816,e1ce9f6d
current,invert,254,0.29,0,700.45,poison,5,11,1270.0571752153337,3770,842daaf2
current,invert,255,1,1,2400,,9,14,978.7794969510287,11091,33cb21f0
current,invert,256,0.4,0,951.8,poison,6,17,984.344200277701,5623,d3dd78d6
current,invert,257,0.88,0,2104.4,poison,21,19,1446.5802851133049,9224,7af832ba
current,invert,258,1,1,2400,,25,26,919.6648745331913,9297,9e4d9754
current,invert,259,0.51,0,1221.25,poison,13,12,1459.2605631798506,5258,b8a2a340
current,invert,260,0.67,0,1617.6,poison,13,12,1361.0214677173644,7472,0d9a6891
current,invert,261,1,1,2400,,16,32,1450.6259872578084,10354,9fa8565b
current,invert,262,1,1,2400,,19,22,1268.2364974636585,10752,f45dbff0
current,invert,263,1,1,2400,,27,19,1249.1626046597958,8752,e0b99ef1
current,invert,264,1,1,2400,,12,20,907.069144025445,10781,4df52f4b
current,invert,265,1,1,2400,,33,29,1339.0997590497136,12230,48e60204
current,invert,266,1,1,2400,,15,22,945.520893484354,10595,867bfe25
current,invert,267,0.56,0,1338.25,poison,9,16,1004.3327002320439,5917,094b470c
current,invert,268,0.27,0,657.05,poison,5,12,1445.2794782817364,2717,f85fd24b
current,invert,269,0.67,0,1613,cold,12,16,1217.0531110838056,7482,f62ab13f
current,invert,270,0.28,0,668.9,poison,4,12,905.9832656756043,2840,04c79877
current,invert,271,0.56,0,1348.3,poison,8,17,971.0220783948898,6349,01e5a9ff
current,invert,272,1,1,2400,,16,14,1348.1315648183227,10422,4856e9a2
current,invert,273,0.87,0,2079.55,poison,19,19,1355.776495859027,9694,d7406609
current,invert,274,1,1,2400,,31,24,1305.6870179716498,8084,571420cc
current,invert,275,0.56,0,1343.05,poison,6,12,967.6845006644726,6751,76abfeb5
current,invert,276,1,1,2400,,9,20,1469.6337923873216,9848,0b44e085
current,invert,277,1,1,2400,,32,26,1118.4982267208397,8724,57b7bdd7
current,invert,278,0.64,0,1537.15,poison,7,14,1354.2102840263397,5835,2805e12a
current,invert,279,0.61,0,1469.1,poison,12,12,905.5938298813999,6579,086740df
current,invert,280,0.94,0,2262.6,poison,21,12,1254.6807469334453,10231,c2aa4668
current,invert,281,0.27,0,647.35,poison,5,12,945.7816836889833,3389,62d1e81c
current,invert,282,0.58,0,1401.5,poison,8,17,1388.6873227078468,8541,e542c264
current,invert,283,0.33,0,791.85,poison,8,12,1067.9485361091793,3423,9336ceba
current,invert,284,0.71,0,1704.7,poison,13,16,1366.2202809937298,7661,cdf0af5f
current,invert,285,1,1,2400,,28,21,1176.8785789143294,10638,ba168be6
current,invert,286,0.61,0,1469.45,poison,9,15,1320.0503782834858,6501,b13d2763
current,invert,287,1,1,2400,,17,24,1252.034403802827,8936,1ca25d5b
current,invert,288,0.71,0,1695.4,poison,9,12,1222.7287317160517,7890,a1404256
current,invert,289,1,1,2400,,25,17,1262.9864285700023,10453,cde1e450
current,invert,290,0.37,0,877.75,poison,4,12,1291.4361126255244,3851,fd8cb4c5
current,invert,291,1,1,2400,,13,17,1298.5788947436959,10365,c9951055
current,invert,292,1,1,2400,,16,20,1057.1428986266255,9828,bd40805d
current,invert,293,1,1,2400,,9,22,1005.9947689063847,9066,a8e7058d
current,invert,294,1,1,2400,,18,18,1091.9827145989984,7397,ba978712
current,invert,295,1,1,2400,,29,30,1078.8521320559084,8681,ccb9c72c
current,invert,296,0.47,0,1132.75,poison,4,12,1305.3439878858626,4179,33f36ab1
current,invert,297,1,1,2400,,12,17,1274.4486073963344,7099,e5191310
current,invert,298,1,1,2400,,12,20,941.0594351124018,6453,59a69f48
current,invert,299,0.29,0,695.6,poison,8,12,1427.4996501859277,2612,69aa3e91
current,novel,0,0.47,0,1127.75,poison,4,12,1355.2491386421025,3948,373e8567
current,novel,1,0.29,0,698.2,poison,6,12,1453.974782070145,2329,78e0b9c4
current,novel,2,1,1,2400,,14,20,1008.7649860884994,9234,43a1d616
current,novel,3,0.35,0,847.6,poison,5,12,1052.154010394588,2677,9ce8b0d2
current,novel,4,0.3,0,722.05,poison,6,18,1012.4247627798468,2486,c20c3566
current,novel,5,0.99,0,2366.25,poison,10,15,1021.8986702151597,9610,f484aeef
current,novel,6,0.38,0,917.9,poison,4,13,924.9981891363859,2963,2a17a7de
current,novel,7,1,1,2400,,7,17,1280.811721784994,9124,dc826015
current,novel,8,1,1,2400,,17,25,1227.5550863239914,7808,bd8a10c5
current,novel,9,0.45,0,1068.7,cold,3,12,954.4359873980284,3419,aba29b9c
current,novel,10,1,1,2400,,6,21,1481.036379514262,7184,2709a882
current,novel,11,0.76,0,1812.35,poison,13,18,1419.2990833427757,5334,31008beb
current,novel,12,1,1,2400,,12,19,1156.1995566822588,7515,085ac026
current,novel,13,1,1,2400,,21,20,975.9893313981593,9767,5d2efb28
current,novel,14,0.4,0,957.35,poison,7,12,1056.7464123945683,3001,9e2dac10
current,novel,15,0.67,0,1596.05,poison,18,16,1087.165479362011,5708,838bb5cf
current,novel,16,1,1,2400,,34,29,1184.9144582636654,8213,6539eb1b
current,novel,17,0.86,0,2063,poison,19,15,948.6968228593469,6006,fdd23e90
current,novel,18,1,1,2400,,17,21,1230.41522372514,7117,0eb0d582
current,novel,19,0.93,0,2227.2,poison,16,22,1493.4291507583112,7999,8d6c00d9
current,novel,20,0.79,0,1885.9,poison,25,12,1195.6276488024741,6973,abeddf71
current,novel,21,0.54,0,1291.2,poison,5,14,1099.0994222927839,4025,4150115c
current,novel,22,1,1,2400,,9,13,1396.9266504049301,9328,00acf6a2
current,novel,23,1,1,2400,,20,26,1006.6232697106898,9077,50179842
current,novel,24,0.35,0,840.55,poison,8,11,914.0643363352865,2794,37403458
current,novel,25,1,1,2400,,12,16,909.055660944432,9177,c0d7dfd1
current,novel,26,1,1,2400,,13,22,1418.5124515090138,7837,f3183906
current,novel,27,0.41,0,981.8,poison,9,12,1038.7996306177229,2980,47053a25
current,novel,28,1,1,2400,,25,24,1491.567375836894,7862,e43c9883
current,novel,29,0.3,0,723,poison,5,12,1168.8283814582974,2036,55a5e57a
current,novel,30,1,1,2400,,10,23,1246.451383922249,8646,8673023a
current,novel,31,1,1,2400,,11,19,1109.8990456201136,7129,32bb834d
current,novel,32,1,1,2400,,16,14,1451.950038364157,7893,9e6e73d5
current,novel,33,0.41,0,981.5,poison,3,13,933.9349877089262,2844,72c8cc3f
current,novel,34,1,1,2400,,20,23,1440.3934170026332,7620,ad6d711c
current,novel,35,0.97,0,2336.8,cold,21,12,1076.2001846451312,7441,462c860c
current,novel,36,1,1,2400,,16,25,1431.0532630886883,9000,bafc5360
current,novel,37,1,1,2400,,27,23,1275.561968749389,7956,f2391f32
current,novel,38,1,1,2400,,8,22,1415.9737795125693,8067,1c8274f7
current,novel,39,1,1,2400,,11,18,1050.0572400167584,9096,09dbd67e
current,novel,40,1,1,2400,,10,24,1220.4956889152527,9104,9d882285
current,novel,41,1,1,2400,,21,17,1232.8261929564178,8904,8d35e6e5
current,novel,42,1,1,2400,,11,25,1441.9177936390042,9290,40caa243
current,novel,43,1,1,2400,,18,13,979.1187167633325,9842,067da3a6
current,novel,44,1,1,2400,,33,19,1135.521693667397,8315,4229fbbc
current,novel,45,1,1,2400,,30,20,1280.4792047012597,9527,08cbb603
current,novel,46,0.51,0,1225.3,poison,10,12,1308.1812533084303,4006,881fca12
current,novel,47,1,1,2400,,17,15,1359.4722845591605,8643,53c9f831
current,novel,48,1,1,2400,,12,22,1289.9143806193024,7841,6769b77a
current,novel,49,1,1,2400,,21,13,1370.1839546207339,10462,966834b9
current,novel,50,1,1,2400,,16,26,1223.048041574657,8412,3a94e0e3
current,novel,51,1,1,2400,,24,24,1190.0646095629781,8909,b19d7f29
current,novel,52,0.34,0,810.9,poison,15,12,1030.5976996198297,2766,20f4748c
current,novel,53,1,1,2400,,18,24,910.6717661954463,10831,4445c592
current,novel,54,1,1,2400,,10,22,925.2298789098859,10316,b20bc20e
current,novel,55,0.97,0,2339.85,cold,28,19,1315.2466686442494,8419,7535aced
current,novel,56,0.31,0,745.45,poison,7,12,1267.03458186239,2568,8a58f99e
current,novel,57,0.92,0,2202.25,poison,11,12,1362.3291590251029,8530,38d1e5ab
current,novel,58,1,1,2400,,10,21,1401.4836218208075,9059,55d7098d
current,novel,59,1,1,2400,,10,22,1336.2382390536368,9536,04d430b0
current,novel,60,0.27,0,638.2,poison,6,12,1153.169801691547,2908,54747e14
current,novel,61,0.56,0,1339.9,poison,9,12,960.9996335115284,4591,f48cf459
current,novel,62,1,1,2400,,13,25,1222.427462786436,9199,0a2a1957
current,novel,63,1,1,2400,,17,17,1232.517156098038,9769,2c5180e3
current,novel,64,1,1,2400,,29,26,1276.6067342832685,10702,20bef3f5
current,novel,65,1,1,2400,,26,27,963.0870806984603,9751,0c6d30b7
current,novel,66,1,1,2400,,10,20,986.5628327708691,10581,6e9f559b
current,novel,67,1,1,2400,,32,25,909.949193475768,9483,d8e43a89
current,novel,68,0.55,0,1314.7,poison,13,13,1281.0644138138741,4057,e70606d7
current,novel,69,1,1,2400,,17,14,1171.9917150679976,10299,d74ca338
current,novel,70,0.58,0,1394.4,poison,12,13,1277.3612827062607,5199,89e7c2e2
current,novel,71,1,1,2400,,8,24,1034.9216405767947,10177,1666c9d9
current,novel,72,1,1,2400,,11,30,1070.4212616663426,10058,31823993
current,novel,73,1,1,2400,,10,17,1104.2127545457333,10928,0571f380
current,novel,74,1,1,2400,,15,17,1485.3858197573572,10917,9e50cb41
current,novel,75,1,1,2400,,10,19,1370.1367920264602,9753,2fcf0cf7
current,novel,76,0.59,0,1413.65,poison,9,23,1216.054368764162,5498,61d552c0
current,novel,77,1,1,2400,,12,23,1125.5095273721963,9636,edc85bc7
current,novel,78,1,1,2400,,14,24,1204.263577144593,10576,34343d52
current,novel,79,0.36,0,874.45,poison,10,12,1330.0101856235415,3680,79048e60
current,novel,80,1,1,2400,,15,12,1183.6501486133784,11097,9f7596bf
current,novel,81,1,1,2400,,13,24,1463.9479940291494,9415,d30b3913
current,novel,82,0.71,0,1705.35,wounds,23,21,1381.2492803670466,6393,dc6e5a4a
current,novel,83,1,1,2400,,13,16,1366.8350195512176,9999,b4f068aa
current,novel,84,0.6,0,1440.8,cold,13,13,1199.6968852356076,5390,997b9aa9
current,novel,85,1,1,2400,,20,16,1383.1437966786325,10218,ae02a38e
current,novel,86,0.36,0,853.25,poison,13,12,967.5357674248517,2747,73bb322b
current,novel,87,1,1,2400,,12,23,1156.808812217787,10491,b8165b72
current,novel,88,1,1,2400,,17,21,1173.720809770748,11132,eea095e4
current,novel,89,0.3,0,715.15,cold,6,12,1259.988802531734,2863,c4956532
current,novel,90,0.52,0,1255.25,poison,14,18,1155.3427994716913,5171,164d81f6
current,novel,91,1,1,2400,,31,19,1420.2966009266675,9077,ce68d969
current,novel,92,1,1,2400,,12,23,927.627966273576,10589,79416816
current,novel,93,1,1,2400,,11,18,1101.074359472841,9979,8ac990af
current,novel,94,0.24,0,581.35,poison,4,12,1300.118240620941,2286,3cc76619
current,novel,95,1,1,2400,,11,19,1018.5872426256537,11105,4dd7ee27
current,novel,96,0.77,0,1859.95,poison,10,16,992.0312591828406,8083,6817a5f5
current,novel,97,1,1,2400,,14,21,1231.5269999206066,14613,917e8859
current,novel,98,0.26,0,614.75,poison,4,12,924.7223654296249,2349,a7069f10
current,novel,99,0.58,0,1387.5,poison,6,13,967.8169305436313,6230,5ee92839
current,novel,100,1,1,2400,,13,13,1377.256285166368,10629,83d23f70
current,novel,101,1,1,2400,,9,15,974.794791592285,10913,100686cb
current,novel,102,1,1,2400,,19,28,1344.8649160098284,12734,80eaee27
current,novel,103,0.5,0,1209.3,poison,9,12,1469.4877217989415,8510,d383fedd
current,novel,104,0.63,0,1510.4,poison,14,16,1105.1880461163819,6086,cb68f509
current,novel,105,0.54,0,1286.75,poison,11,18,1135.4575088247657,4973,7cecdb76
current,novel,106,0.42,0,1010.1,poison,10,13,1370.607446366921,4417,d751aafa
current,novel,107,1,1,2400,,12,19,1414.4714328926057,10857,9495dff4
current,novel,108,0.39,0,928.45,poison,5,12,1121.8604417983443,4034,d41383a0
current,novel,109,0.51,0,1217.7,poison,9,16,1178.230143757537,5363,9a9f3efa
current,novel,110,1,1,2400,,6,27,1115.6502345576882,11898,60f4ba17
current,novel,111,1,1,2400,,11,17,960.8158277347684,12554,04298a6d
current,novel,112,1,1,2400,,9,22,1085.309890564531,15066,66f0b89d
current,novel,113,0.26,0,616.15,poison,6,12,1113.8190667144954,2744,3357074c
current,novel,114,0.86,0,2072.1,poison,12,14,1361.66654471308,8743,3df5028c
current,novel,115,0.73,0,1753.7,poison,10,14,1455.5010417010635,7699,144a06c0
current,novel,116,1,1,2400,,21,13,1018.9518865663558,12490,33876dba
current,novel,117,1,1,2400,,17,27,916.4415249601007,14019,ddb1bffe
current,novel,118,1,1,2400,,27,15,1006.9175567943603,12167,bf1d6d98
current,novel,119,0.53,0,1271.35,hunger,12,15,1341.1057353951037,5254,69815217
current,novel,120,0.52,0,1259.55,poison,9,12,994.2024345975369,5592,1a91f071
current,novel,121,0.28,0,669.65,poison,4,12,1173.2023521792144,2754,6eccb27d
current,novel,122,1,1,2400,,11,21,1159.5645303837955,10663,fc55fb5e
current,novel,123,0.68,0,1620.75,poison,13,15,1361.5515862125903,6790,fac7cc1d
current,novel,124,1,1,2400,,12,21,1353.230178449303,8501,45e89ab1
current,novel,125,1,1,2400,,19,26,1167.0434507075697,10325,8ae40368
current,novel,126,1,1,2400,,28,18,1107.4519793037325,8932,177fa8ea
current,novel,127,1,1,2400,,11,26,905.0416419748217,10359,219b31ad
current,novel,128,1,1,2400,,23,24,1466.7996475473046,8302,1b463f59
current,novel,129,0.58,0,1387.95,poison,9,17,1144.7639701422304,5539,767abe7e
current,novel,130,0.34,0,810.2,poison,6,12,1465.0964791886508,2542,9b94cca4
current,novel,131,0.45,0,1084.8,cold,6,12,1281.5392343793064,3740,dadca83b
current,novel,132,1,1,2400,,11,21,1101.1725116986781,10284,f83f6f83
current,novel,133,0.38,0,900.7,poison,7,12,1475.874112173915,4579,55d38472
current,novel,134,1,1,2400,,10,16,1290.601725736633,9310,13ace486
current,novel,135,1,1,2400,,10,28,1077.2608320694417,7699,90917dd5
current,novel,136,1,1,2400,,10,24,951.4538374263793,10133,926d872c
current,novel,137,1,1,2400,,28,25,1320.6740022171289,9823,92f43de1
current,novel,138,1,1,2400,,32,20,1447.0843572635204,9794,79ec7ecb
current,novel,139,0.34,0,807.4,poison,5,12,984.9529625382274,2906,9941b0ef
current,novel,140,0.66,0,1576.65,poison,23,17,1077.8336768969893,6427,c1d5ed17
current,novel,141,1,1,2400,,9,27,1340.8855895977467,9125,b1783642
current,novel,142,0.56,0,1333.95,poison,13,22,1118.7472659163177,4062,ce80f7e4
current,novel,143,1,1,2400,,9,16,1486.79534685798,10715,25564c9c
current,novel,144,1,1,2400,,13,20,1136.9918907992542,10469,b8f0b42e
current,novel,145,0.97,0,2336.55,cold,10,16,1264.3856103066355,10613,6002f8a1
current,novel,146,0.51,0,1215.9,poison,14,15,929.2768886312842,4571,b871ff66
current,novel,147,1,1,2400,,16,26,1286.7421955801547,17022,134d3e60
current,novel,148,0.45,0,1078.15,cold,6,12,1130.9817840345204,4456,27db7e15
current,novel,149,0.28,0,681.75,poison,5,16,1090.8703928813338,3130,63489f74
current,novel,150,0.39,0,932.6,poison,13,12,1388.3687366265804,3454,091850d0
current,novel,151,0.38,0,910.95,poison,6,14,1241.7869745288044,3920,17a4a6ff
current,novel,152,1,1,2400,,6,20,996.4221268426627,11798,2190d82c
current,novel,153,1,1,2400,,12,20,1465.5266754794866,9885,9b869733
current,novel,154,0.61,0,1469.2,poison,12,12,1360.0727495737374,6036,ba0bd71e
current,novel,155,1,1,2400,,30,38,1293.6976034659892,10354,978215a1
current,novel,156,1,1,2400,,26,21,1090.0327538140118,11986,f7a6f29a
current,novel,157,1,1,2400,,12,13,1184.5583468209952,10425,284fa429
current,novel,158,1,1,2400,,15,18,1361.2498610280454,8812,d5604763
current,novel,159,1,1,2400,,13,26,1087.0310737285763,10663,5b7d7a7f
current,novel,160,0.28,0,665.75,poison,5,12,1134.409105265513,2808,dc88af91
current,novel,161,0.63,0,1520.8,poison,10,14,1211.019501183182,7585,1837ac41
current,novel,162,1,1,2400,,12,21,1354.779640166089,10249,5cef3467
current,novel,163,0.37,0,885.05,poison,8,12,1193.7779202125967,3740,5b5158a8
current,novel,164,1,1,2400,,38,36,1397.6827750448138,13004,7b31df4c
current,novel,165,1,1,2400,,13,18,1259.7743312828243,11071,d4f710ca
current,novel,166,0.73,0,1752.8,poison,10,17,1234.640494454652,7642,9a66de32
current,novel,167,0.31,0,740.8,poison,5,13,1190.675621246919,4018,2256547e
current,novel,168,1,1,2400,,30,22,1314.1329189296812,9640,5adba249
current,novel,169,1,1,2400,,19,23,1195.129220187664,10666,3c023ac5
current,novel,170,1,1,2400,,21,17,1303.8867191411555,10417,294ad15e
current,novel,171,1,1,2400,,14,21,1105.4251719731838,13452,9925a4b4
current,novel,172,1,1,2400,,31,23,1323.0916259810328,11630,576de1d0
current,novel,173,1,1,2400,,10,23,1485.8402882236987,12762,f09e3832
current,novel,174,0.59,0,1406.5,poison,16,20,947.138951998204,6761,118e17a1
current,novel,175,1,1,2400,,11,22,1297.4928145296872,11386,3c82fcb4
current,novel,176,0.38,0,907.6,poison,7,12,1049.629135709256,4723,1ddebab2
current,novel,177,0.31,0,749.05,poison,7,12,1195.7596875261515,2855,7f6791eb
current,novel,178,1,1,2400,,13,25,1407.15163461864,10828,4e988b43
current,novel,179,1,1,2400,,26,26,919.9207201134413,12902,8a347b56
current,novel,180,1,1,2400,,12,16,1455.5653866380453,9902,909bc91e
current,novel,181,0.75,0,1790.5,cold,18,19,1100.8694166317582,8417,5ccae0f5
current,novel,182,1,1,2400,,9,21,1398.7264457624406,11193,fd4c3307
current,novel,183,1,1,2400,,12,28,1043.0413277819753,10968,7ce01cfb
current,novel,184,0.51,0,1226.1,poison,19,12,1111.4483778364956,5714,5e8c81b2
current,novel,185,0.44,0,1055.55,hunger,3,12,1221.8576656188816,5728,43aaf920
current,novel,186,1,1,2400,,13,21,1428.9914247114211,10148,b2582344
current,novel,187,1,1,2400,,30,26,1085.6338331010193,10582,a0fcda50
current,novel,188,1,1,2400,,28,27,1393.417603103444,11372,31f01e2a
current,novel,189,1,1,2400,,12,15,1201.2530513573438,11337,792e58ab
current,novel,190,0.6,0,1449.95,poison,13,13,1321.2053932249546,4984,a0af9483
current,novel,191,0.43,0,1023.75,poison,8,16,1496.1295024026185,4773,aaef693d
current,novel,192,1,1,2400,,9,24,930.2925735712051,10131,fda1618e
current,novel,193,1,1,2400,,12,25,1258.9972082991153,9409,c7721093
current,novel,194,1,1,2400,,14,22,1152.4073097389191,9399,b15c2613
current,novel,195,0.52,0,1249.05,cold,14,14,999.0998560097069,5161,e2cabbd0
current,novel,196,1,1,2400,,14,19,1205.9377323836088,8284,8e627150
current,novel,197,1,1,2400,,21,33,1488.0803638603538,8762,d87a11ff
current,novel,198,1,1,2400,,9,13,1394.535796623677,9296,3e0df70e
current,novel,199,1,1,2400,,9,12,1047.8182077873498,8377,e6fbfd21
current,novel,200,1,1,2400,,17,25,1357.1969599463046,8262,b31f4449
current,novel,201,1,1,2400,,14,16,992.1195602975786,7557,10798bfe
current,novel,202,1,1,2400,,21,23,1192.2995714005083,8466,0fab473f
current,novel,203,1,1,2400,,20,23,1154.5003413688391,9701,b696fd3b
current,novel,204,1,1,2400,,18,18,1000.1810078043491,8092,8d52dfed
current,novel,205,1,1,2400,,15,17,994.9222215916961,7602,1b5f2561
current,novel,206,1,1,2400,,23,24,1122.0955364406109,9567,60cb3598
current,novel,207,1,1,2400,,30,31,983.6325459647924,9502,03157206
current,novel,208,0.67,0,1614.1,poison,16,16,901.699693640694,6110,fb20e689
current,novel,209,0.89,0,2125.35,poison,9,16,1252.5396300014108,7143,169cc01c
current,novel,210,1,1,2400,,15,21,1169.0376046579331,6410,123b7967
current,novel,211,1,1,2400,,10,23,1002.9386837035418,7801,00d19beb
current,novel,212,1,1,2400,,11,26,1235.1081307511777,8357,c5a3b4a4
current,novel,213,1,1,2400,,30,24,1369.4587578065693,7372,508e626f
current,novel,214,0.28,0,669.25,poison,4,12,925.6938612554222,2091,01b903bf
current,novel,215,1,1,2400,,31,31,1298.5434462781996,12106,f5a64b51
current,novel,216,1,1,2400,,8,20,1345.3038537874818,7842,8d3a8521
current,novel,217,1,1,2400,,17,19,1205.3591650910676,8637,e9ecc138
current,novel,218,1,1,2400,,20,20,1221.6119939927012,7957,135d3988
current,novel,219,1,1,2400,,23,25,948.6826007254422,8004,1b176d13
current,novel,220,1,1,2400,,34,19,1211.7021025624126,7589,fc4844d2
current,novel,221,1,1,2400,,10,25,1457.7891195192933,7835,07735d84
current,novel,222,1,1,2400,,12,21,1047.5726979319006,14665,5040da6c
current,novel,223,1,1,2400,,16,21,1194.918327452615,7982,aaec6d0d
current,novel,224,1,1,2400,,17,17,1005.4493539966643,7737,9db16477
current,novel,225,1,1,2400,,16,12,1376.4573000837117,7681,e3260cd8
current,novel,226,0.4,0,965.8,poison,5,11,939.5778216887265,2933,08280419
current,novel,227,1,1,2400,,25,31,1434.9179482553154,7911,9f75361e
current,novel,228,1,1,2400,,9,12,921.1716557387263,7792,44c07d9e
current,novel,229,1,1,2400,,9,20,1319.0656683873385,7475,21580013
current,novel,230,0.95,0,2286.85,poison,12,17,960.7735414523631,8467,60d44032
current,novel,231,1,1,2400,,13,17,970.7320349290967,7988,058ae986
current,novel,232,1,1,2400,,16,19,1424.1734676528722,7365,9a64506a
current,novel,233,0.53,0,1282.95,poison,11,12,1397.2399753052741,3751,ee811525
current,novel,234,0.42,0,998.6,poison,6,12,1363.8952993322164,3768,b5bb6b0b
current,novel,235,1,1,2400,,22,26,1054.7708944883198,9638,e739835a
current,novel,236,1,1,2400,,12,21,1104.401738801971,10604,2d400468
current,novel,237,0.28,0,676.05,poison,3,10,1203.0590652488172,1821,45be457d
current,novel,238,0.34,0,825.9,poison,6,12,1113.8568364083767,2832,b62d7172
current,novel,239,1,1,2400,,10,13,1336.7236276622862,9464,9ad1e5e0
current,novel,240,1,1,2400,,15,17,1202.6472402736545,10317,de795993
current,novel,241,1,1,2400,,31,36,1046.5303159318864,12233,f30720f1
current,novel,242,0.57,0,1372,poison,15,12,1344.6201412472874,4478,d3567ca0
current,novel,243,0.11,0,252.6,thirst,0,9,937.8141772001982,686,beef27cf
current,novel,244,1,1,2400,,22,12,1135.7657541520894,11846,cd0930d8
current,novel,245,1,1,2400,,16,21,1292.609103396535,10137,09e06eb1
current,novel,246,1,1,2400,,17,21,1038.6681274976581,10418,33e0a1fb
current,novel,247,1,1,2400,,11,28,1389.2561377957463,14371,4aa9c06f
current,novel,248,1,1,2400,,9,19,907.4884203728288,11034,18763d4e
current,novel,249,1,1,2400,,13,18,1409.0957075357437,10273,965ed5ee
current,novel,250,1,1,2400,,12,21,1225.0616886187345,12745,46633df4
current,novel,251,1,1,2400,,18,19,1297.0446069259197,10363,c9052968
current,novel,252,1,1,2400,,17,29,1103.9641621056944,13417,180fcecf
current,novel,253,1,1,2400,,21,29,1119.4196885917336,11637,08c29a65
current,novel,254,0.29,0,700.45,poison,5,11,1270.0571752153337,3750,842daaf2
current,novel,255,0.78,0,1868.1,poison,11,12,978.7794969510287,10796,22a74c4f
current,novel,256,0.4,0,951.8,poison,6,17,984.344200277701,5595,d3dd78d6
current,novel,257,1,1,2400,,25,20,1446.5802851133049,12215,eecdb38f
current,novel,258,1,1,2400,,35,24,919.6648745331913,12002,4a82c1b1
current,novel,259,0.51,0,1221.25,poison,13,12,1459.2605631798506,5227,b8a2a340
current,novel,260,0.6,0,1441.05,cold,13,12,1361.0214677173644,6773,46e0a163
current,novel,261,1,1,2400,,14,28,1450.6259872578084,12682,b94998f8
current,novel,262,1,1,2400,,35,26,1268.2364974636585,13868,1464f1d2
current,novel,263,1,1,2400,,26,25,1249.1626046597958,10837,944a992a
current,novel,264,0.6,0,1450.6,poison,10,18,907.069144025445,7717,3e7cdf06
current,novel,265,1,1,2400,,36,29,1339.0997590497136,14010,cf63f3e6
current,novel,266,1,1,2400,,14,21,945.520893484354,13289,1ca42a8a
current,novel,267,1,1,2400,,11,24,1004.3327002320439,11806,b3aba91d
current,novel,268,0.27,0,657.05,poison,5,12,1445.2794782817364,2663,f85fd24b
current,novel,269,1,1,2400,,22,21,1217.0531110838056,13128,94447273
current,novel,270,0.28,0,668.9,poison,4,12,905.9832656756043,2815,04c79877
current,novel,271,1,1,2400,,11,22,971.0220783948898,11878,7a83dcd6
current,novel,272,1,1,2400,,10,19,1348.1315648183227,11714,e0b33615
current,novel,273,0.58,0,1389.15,poison,14,12,1355.776495859027,6991,8d0bbd21
current,novel,274,1,1,2400,,17,20,1305.6870179716498,10069,8b263c07
current,novel,275,1,1,2400,,9,18,967.6845006644726,14155,48a97dd9
current,novel,276,1,1,2400,,11,19,1469.6337923873216,11606,5cc4d498
current,novel,277,1,1,2400,,28,25,1118.4982267208397,10131,80ae8072
current,novel,278,1,1,2400,,13,22,1354.2102840263397,10167,47e4f867
current,novel,279,1,1,2400,,8,17,905.5938298813999,11455,81362270
current,novel,280,1,1,2400,,17,22,1254.6807469334453,12659,764fb87d
current,novel,281,0.27,0,647.35,poison,5,12,945.7816836889833,3447,62d1e81c
current,novel,282,1,1,2400,,12,18,1388.6873227078468,14470,85e709c4
current,novel,283,0.33,0,791.85,poison,8,12,1067.9485361091793,3459,9336ceba
current,novel,284,1,1,2400,,11,22,1366.2202809937298,12295,fe2519ab
current,novel,285,1,1,2400,,32,25,1176.8785789143294,12820,b9913a80
current,novel,286,1,1,2400,,11,22,1320.0503782834858,12424,65551694
current,novel,287,0.65,0,1557.3,poison,16,17,1252.034403802827,6688,2a4cadea
current,novel,288,1,1,2400,,10,19,1222.7287317160517,12390,bebee212
current,novel,289,1,1,2400,,14,20,1262.9864285700023,12184,1ef6ca4a
current,novel,290,0.37,0,877.75,poison,4,12,1291.4361126255244,3897,fd8cb4c5
current,novel,291,1,1,2400,,12,19,1298.5788947436959,12220,7c3e109a
current,novel,292,1,1,2400,,20,20,1057.1428986266255,11285,39a9051b
current,novel,293,0.44,0,1054.45,poison,4,12,1005.9947689063847,4708,8e385209
current,novel,294,1,1,2400,,17,18,1091.9827145989984,10147,28fd3af6
current,novel,295,1,1,2400,,32,27,1078.8521320559084,10169,700d122f
current,novel,296,0.47,0,1132.75,poison,4,12,1305.3439878858626,4438,33f36ab1
current,novel,297,1,1,2400,,11,20,1274.4486073963344,7787,4d3c7ead
current,novel,298,1,1,2400,,30,22,941.0594351124018,7426,b57e978c
current,novel,299,0.29,0,695.6,poison,8,12,1427.4996501859277,2132,69aa3e91
current,stable,0,0.47,0,1127.75,poison,4,12,,4031,373e8567
current,stable,1,0.29,0,698.2,poison,6,12,,2332,78e0b9c4
current,stable,2,1,1,2400,,8,25,,7672,5067aa39
current,stable,3,0.35,0,847.6,poison,5,12,,2610,9ce8b0d2
current,stable,4,0.3,0,722.05,poison,6,18,,2550,c20c3566
current,stable,5,1,1,2400,,7,23,,7272,bfc59500
current,stable,6,0.38,0,917.9,poison,4,13,,2999,2a17a7de
current,stable,7,1,1,2400,,7,17,,7584,8fba5e82
current,stable,8,1,1,2400,,22,25,,6922,35132b0a
current,stable,9,1,1,2400,,13,23,,7124,ece4cec3
current,stable,10,1,1,2400,,7,20,,6446,ed7582a0
current,stable,11,0.92,0,2213.05,poison,18,18,,5925,279db1a8
current,stable,12,1,1,2400,,13,15,,5595,4e1416ef
current,stable,13,1,1,2400,,15,22,,7223,0a0d40c4
current,stable,14,0.4,0,957.35,poison,7,12,,2735,9e2dac10
current,stable,15,1,1,2400,,29,21,,7106,c477f0af
current,stable,16,1,1,2400,,31,28,,6137,007e65f9
current,stable,17,1,1,2400,,22,21,,5575,9da9c89b
current,stable,18,1,1,2400,,14,21,,5799,b56bf17a
current,stable,19,1,1,2400,,14,24,,7289,372e1783
current,stable,20,0.72,0,1729.95,poison,25,12,,5373,b9a576a7
current,stable,21,0.52,0,1253.65,poison,7,14,,3735,8113987c
current,stable,22,0.91,0,2193.8,poison,12,13,,7215,9b9d5262
current,stable,23,1,1,2400,,14,22,,6974,5ffa7a42
current,stable,24,0.35,0,840.55,poison,8,11,,2785,37403458
current,stable,25,1,1,2400,,9,20,,6998,3fc89cb3
current,stable,26,1,1,2400,,9,19,,7073,084a228b
current,stable,27,0.41,0,981.8,poison,9,12,,3201,47053a25
current,stable,28,1,1,2400,,26,26,,6347,67a0a203
current,stable,29,0.3,0,723,poison,5,12,,1939,55a5e57a
current,stable,30,1,1,2400,,10,24,,7644,7806e91f
current,stable,31,1,1,2400,,13,21,,6176,d24afef5
current,stable,32,1,1,2400,,16,16,,7120,9e008e37
current,stable,33,0.44,0,1047.35,poison,3,13,,2796,8273870c
current,stable,34,1,1,2400,,32,24,,6664,e4c6be3f
current,stable,35,1,1,2400,,16,14,,6513,dc76176a
current,stable,36,1,1,2400,,16,23,,7516,252001a5
current,stable,37,1,1,2400,,27,22,,7448,998518cb
current,stable,38,1,1,2400,,7,23,,6751,142962d7
current,stable,39,1,1,2400,,11,20,,6744,1efaef44
current,stable,40,1,1,2400,,9,23,,6927,feaf86f0
current,stable,41,0.79,0,1888.8,poison,15,17,,5666,44f2fa99
current,stable,42,1,1,2400,,11,25,,8078,6a3216da
current,stable,43,1,1,2400,,13,22,,6803,3bf807c9
current,stable,44,1,1,2400,,29,18,,6841,85c3c361
current,stable,45,1,1,2400,,31,19,,7512,0e87a37e
current,stable,46,0.51,0,1225.3,poison,10,12,,4125,881fca12
current,stable,47,1,1,2400,,13,19,,6101,04685fa3
current,stable,48,1,1,2400,,10,21,,5979,7954447d
current,stable,49,1,1,2400,,10,17,,8498,b7aa5871
current,stable,50,1,1,2400,,16,27,,7470,692a5154
current,stable,51,1,1,2400,,24,24,,7584,a56decc5
current,stable,52,0.34,0,810.9,poison,15,12,,2598,20f4748c
current,stable,53,1,1,2400,,17,21,,7449,7004a444
current,stable,54,1,1,2400,,10,19,,8563,68c6962f
current,stable,55,1,1,2400,,30,25,,6758,625d8a62
current,stable,56,0.31,0,745.45,poison,7,12,,2719,8a58f99e
current,stable,57,0.66,0,1592.25,poison,7,12,,5316,e51d582a
current,stable,58,1,1,2400,,9,23,,7700,7ea1a129
current,stable,59,1,1,2400,,8,23,,7993,eef47375
current,stable,60,0.27,0,638.2,poison,6,12,,2703,54747e14
current,stable,61,0.92,0,2218.65,poison,9,12,,6664,2a5703f5
current,stable,62,1,1,2400,,13,25,,8255,2c737640
current,stable,63,1,1,2400,,14,19,,7248,0518f424
current,stable,64,1,1,2400,,24,26,,8316,0ef8f319
current,stable,65,1,1,2400,,19,26,,6979,33e435d7
current,stable,66,1,1,2400,,8,21,,7896,ace833ac
current,stable,67,0.53,0,1277.85,poison,13,14,,4449,b37ab9bc
current,stable,68,0.6,0,1429.9,poison,13,13,,4396,3603a0d4
current,stable,69,1,1,2400,,16,13,,7836,35a799be
current,stable,70,0.6,0,1450.15,poison,12,13,,5538,8ce27ec2
current,stable,71,1,1,2400,,9,24,,8067,04c9219a
current,stable,72,1,1,2400,,10,31,,8503,e44b50c3
current,stable,73,1,1,2400,,9,23,,8928,872a3263
current,stable,74,0.82,0,1970.95,poison,11,12,,7583,059d240f
current,stable,75,1,1,2400,,9,20,,8494,fc9f5925
current,stable,76,0.64,0,1529.9,poison,8,24,,5521,ad5ac6a1
current,stable,77,1,1,2400,,12,23,,8080,239e0b79
current,stable,78,1,1,2400,,12,22,,9164,ae554196
current,stable,79,0.36,0,874.45,poison,10,12,,3357,79048e60
current,stable,80,1,1,2400,,9,20,,8828,d2627cc9
current,stable,81,1,1,2400,,11,21,,7715,09de239c
current,stable,82,0.75,0,1794.4,poison,25,20,,6301,0f450434
current,stable,83,1,1,2400,,12,13,,8384,4edd21a1
current,stable,84,1,1,2400,,20,21,,8512,1d369f8e
current,stable,85,1,1,2400,,19,22,,8473,c9d41261
current,stable,86,0.36,0,853.25,poison,13,12,,2972,73bb322b
current,stable,87,1,1,2400,,12,21,,8672,7c81af58
current,stable,88,1,1,2400,,15,25,,8329,792fcd8b
current,stable,89,0.3,0,715.15,cold,6,12,,2784,c4956532
current,stable,90,1,1,2400,,15,28,,8974,90af3b46
current,stable,91,1,1,2400,,29,24,,7041,24043aa4
current,stable,92,1,1,2400,,19,12,,8907,74d17b36
current,stable,93,1,1,2400,,12,20,,7885,58d077ec
current,stable,94,0.24,0,581.35,poison,4,12,,2150,3cc76619
current,stable,95,1,1,2400,,10,18,,8396,3d32ca80
current,stable,96,0.95,0,2288.4,poison,10,14,,7720,078f8ba2
current,stable,97,1,1,2400,,20,14,,13474,db1b6e85
current,stable,98,0.26,0,614.75,poison,4,12,,2308,a7069f10
current,stable,99,0.58,0,1395.25,poison,6,13,,5624,7503b2f9
current,stable,100,1,1,2400,,10,13,,8645,0ee24ecf
current,stable,101,1,1,2400,,9,21,,8137,8618e4b1
current,stable,102,1,1,2400,,24,26,,10460,4fe67374
current,stable,103,0.5,0,1209.3,poison,9,12,,8707,d383fedd
current,stable,104,0.61,0,1466.05,poison,7,14,,5428,10fa4ec6
current,stable,105,1,1,2400,,14,23,,9107,3feedb81
current,stable,106,0.42,0,1010.1,poison,10,13,,4349,d751aafa
current,stable,107,1,1,2400,,10,23,,9556,a323cd8c
current,stable,108,0.39,0,928.45,poison,5,12,,4064,d41383a0
current,stable,109,0.51,0,1217.7,poison,9,16,,5278,6b349bbd
current,stable,110,0.98,0,2340.05,cold,8,25,,9434,4912eb19
current,stable,111,1,1,2400,,11,15,,9883,1a8abe90
current,stable,112,1,1,2400,,9,24,,12716,815c6086
current,stable,113,0.26,0,616.15,poison,6,12,,2763,3357074c
current,stable,114,1,1,2400,,8,14,,7521,adbe27da
current,stable,115,1,1,2400,,6,20,,9357,1cde43f8
current,stable,116,1,1,2400,,16,21,,9413,24eecfbd
current,stable,117,1,1,2400,,16,28,,9920,7b82e1c1
current,stable,118,1,1,2400,,12,14,,9992,acfe422c
current,stable,119,0.53,0,1271.35,hunger,12,15,,4995,69815217
current,stable,120,1,1,2400,,9,21,,8871,a6d39fb0
current,stable,121,0.28,0,669.65,poison,4,12,,2693,6eccb27d
current,stable,122,1,1,2400,,11,25,,8732,7950c212
current,stable,123,1,1,2400,,13,17,,9383,5f984e02
current,stable,124,1,1,2400,,10,23,,7371,3c653b26
current,stable,125,1,1,2400,,18,19,,8842,a29691f8
current,stable,126,1,1,2400,,19,24,,6799,eed8c132
current,stable,127,0.54,0,1292.2,poison,7,18,,4549,56fa68e8
current,stable,128,1,1,2400,,15,23,,7474,bd75b228
current,stable,129,0.55,0,1322.6,poison,8,17,,5214,bb04b7e3
current,stable,130,0.34,0,810.2,poison,6,12,,2592,9b94cca4
current,stable,131,0.45,0,1084.8,cold,6,12,,3607,dadca83b
current,stable,132,1,1,2400,,10,24,,7864,1d082ff1
current,stable,133,0.38,0,900.7,poison,7,12,,4639,55d38472
current,stable,134,1,1,2400,,8,19,,7504,31f0f73e
current,stable,135,1,1,2400,,10,26,,6337,2547bffc
current,stable,136,1,1,2400,,13,24,,7578,46ba84e3
current,stable,137,0.97,0,2332.65,cold,16,12,,7611,076abc1d
current,stable,138,1,1,2400,,26,22,,7597,f835cf6a
current,stable,139,0.34,0,807.4,poison,5,12,,3031,9941b0ef
current,stable,140,0.9,0,2163.25,cold,23,17,,7724,21ee716a
current,stable,141,1,1,2400,,10,29,,7781,f21d1ad3
current,stable,142,0.97,0,2337.2,cold,23,21,,6561,4d97dff6
current,stable,143,1,1,2400,,8,21,,8712,489c6223
current,stable,144,1,1,2400,,12,21,,8265,f5b7e3f0
current,stable,145,0.67,0,1605.75,cold,5,12,,6252,94c25a33
current,stable,146,1,1,2400,,16,17,,8131,b597fbf9
current,stable,147,1,1,2400,,15,27,,13878,2d28c750
current,stable,148,0.45,0,1078.15,cold,6,12,,4353,27db7e15
current,stable,149,0.28,0,681.75,poison,5,16,,3077,63489f74
current,stable,150,0.39,0,932.6,poison,13,12,,3248,091850d0
current,stable,151,0.38,0,910.95,poison,6,14,,3965,17a4a6ff
current,stable,152,1,1,2400,,8,21,,9284,e95fff2f
current,stable,153,1,1,2400,,9,19,,8372,6308dcf0
current,stable,154,1,1,2400,,16,12,,9193,1e0a77df
current,stable,155,1,1,2400,,28,34,,8866,a72b78f9
current,stable,156,1,1,2400,,19,23,,10092,bbe65f0c
current,stable,157,1,1,2400,,9,22,,9068,aaaefbd2
current,stable,158,1,1,2400,,13,20,,7453,95dac864
current,stable,159,1,1,2400,,12,23,,8464,01500c72
current,stable,160,0.28,0,665.75,poison,5,12,,2811,dc88af91
current,stable,161,1,1,2400,,10,19,,10748,f3c162b0
current,stable,162,1,1,2400,,12,15,,8901,f643cceb
current,stable,163,0.37,0,885.05,poison,8,12,,3600,5b5158a8
current,stable,164,1,1,2400,,31,32,,10856,5f1f8e6c
current,stable,165,1,1,2400,,12,21,,8924,b75d8253
current,stable,166,1,1,2400,,9,17,,8870,684b459e
current,stable,167,0.31,0,740.8,poison,5,13,,3951,2256547e
current,stable,168,1,1,2400,,29,20,,8528,63e2a499
current,stable,169,1,1,2400,,12,26,,9573,802f7369
current,stable,170,1,1,2400,,8,15,,8867,0f9cbf6f
current,stable,171,1,1,2400,,20,25,,10414,b999ff21
current,stable,172,0.64,0,1545.7,poison,23,15,,5816,3beef36b
current,stable,173,1,1,2400,,8,24,,11197,fa631d99
current,stable,174,1,1,2400,,19,21,,9596,e37dfd43
current,stable,175,1,1,2400,,12,21,,9305,9373a0a5
current,stable,176,0.38,0,907.6,poison,7,12,,4488,1ddebab2
current,stable,177,0.31,0,749.05,poison,7,12,,2720,7f6791eb
current,stable,178,1,1,2400,,12,26,,9766,bc5e8a1d
current,stable,179,1,1,2400,,29,24,,10449,7cf8fb3d
current,stable,180,1,1,2400,,13,22,,7899,327c86e0
current,stable,181,1,1,2400,,24,20,,9341,e9c68f83
current,stable,182,1,1,2400,,9,20,,9886,c6702f42
current,stable,183,1,1,2400,,18,28,,8198,5ff48618
current,stable,184,0.52,0,1237.25,poison,19,12,,6077,8d116e91
current,stable,185,0.44,0,1055.55,hunger,3,12,,5649,43aaf920
current,stable,186,1,1,2400,,9,23,,8660,421cb916
current,stable,187,1,1,2400,,24,24,,8971,92867c80
current,stable,188,1,1,2400,,22,28,,9830,76d9b24a
current,stable,189,0.92,0,2205.25,poison,9,14,,8268,ea10c105
current,stable,190,0.84,0,2021.4,poison,16,13,,6813,b7928489
current,stable,191,0.43,0,1023.75,poison,8,16,,4943,aaef693d
current,stable,192,1,1,2400,,8,24,,8322,460010b3
current,stable,193,1,1,2400,,16,31,,7404,94436adf
current,stable,194,1,1,2400,,12,21,,8518,e8f504dc
current,stable,195,0.52,0,1252.7,cold,10,12,,4818,dfd3596e
current,stable,196,1,1,2400,,11,24,,6680,1e38c52d
current,stable,197,1,1,2400,,10,32,,7375,655a8567
current,stable,198,1,1,2400,,9,14,,8680,09bf8858
current,stable,199,1,1,2400,,9,18,,7286,5241d361
current,stable,200,1,1,2400,,20,27,,7257,a23e6769
current,stable,201,0.8,0,1924.05,poison,14,12,,5418,ae0d85d8
current,stable,202,1,1,2400,,16,14,,6948,ef76dc25
current,stable,203,1,1,2400,,15,18,,8153,e8c724b1
current,stable,204,1,1,2400,,20,21,,6552,671eaba0
current,stable,205,1,1,2400,,12,15,,6283,3a16275b
current,stable,206,1,1,2400,,20,23,,7665,1c5368b7
current,stable,207,1,1,2400,,28,30,,7451,b76f5657
current,stable,208,1,1,2400,,8,20,,6690,8f75148d
current,stable,209,1,1,2400,,7,14,,6974,91d8a5f2
current,stable,210,1,1,2400,,18,23,,5008,bb1f2246
current,stable,211,1,1,2400,,26,12,,7177,f6384289
current,stable,212,1,1,2400,,9,21,,6509,da1e3868
current,stable,213,0.99,0,2386.4,poison,23,16,,6482,ee69653b
current,stable,214,0.28,0,669.25,poison,4,12,,1979,01b903bf
current,stable,215,1,1,2400,,29,30,,10987,5f1dfefa
current,stable,216,1,1,2400,,13,17,,6876,086edcdc
current,stable,217,1,1,2400,,12,18,,7163,a0671522
current,stable,218,1,1,2400,,14,24,,6832,8b309893
current,stable,219,1,1,2400,,14,25,,6401,b8dc5779
current,stable,220,1,1,2400,,34,28,,6020,0f45b328
current,stable,221,1,1,2400,,9,23,,6572,a530aec4
current,stable,222,1,1,2400,,9,19,,12046,9d315456
current,stable,223,1,1,2400,,9,21,,6828,a0dcd422
current,stable,224,1,1,2400,,20,21,,5966,e4d888ab
current,stable,225,1,1,2400,,19,15,,5750,601a48b3
current,stable,226,0.41,0,976.8,poison,4,11,,2790,ce988542
current,stable,227,1,1,2400,,18,23,,6333,1a442107
current,stable,228,1,1,2400,,9,16,,6074,a86ac414
current,stable,229,1,1,2400,,8,19,,5876,688ebe1d
current,stable,230,0.96,0,2292.1,poison,12,15,,6913,e70d75fd
current,stable,231,1,1,2400,,20,18,,6281,8d5b45dd
current,stable,232,1,1,2400,,16,19,,6452,b1dfbbdf
current,stable,233,0.53,0,1282.95,poison,11,12,,3543,ee811525
current,stable,234,0.42,0,998.6,poison,6,12,,3342,b5bb6b0b
current,stable,235,1,1,2400,,10,23,,8133,af9ee136
current,stable,236,1,1,2400,,9,21,,8448,5ea7d7af
current,stable,237,0.28,0,676.05,poison,3,10,,1863,45be457d
current,stable,238,0.34,0,825.9,poison,6,12,,2918,b62d7172
current,stable,239,1,1,2400,,11,14,,8019,91f5cee6
current,stable,240,1,1,2400,,16,24,,7395,cc64836d
current,stable,241,1,1,2400,,32,41,,9223,8c7ba80b
current,stable,242,0.59,0,1409.1,poison,16,12,,4129,d2f98601
current,stable,243,0.11,0,252.6,thirst,0,9,,686,beef27cf
current,stable,244,0.67,0,1613,cold,16,12,,6223,11b11d77
current,stable,245,1,1,2400,,13,22,,7853,07339f9c
current,stable,246,1,1,2400,,15,14,,8360,deb31043
current,stable,247,1,1,2400,,10,27,,11132,9b3735dc
current,stable,248,1,1,2400,,9,12,,9448,66a1af26
current,stable,249,1,1,2400,,22,17,,8382,20b42b0b
current,stable,250,1,1,2400,,9,22,,9542,849b0298
current,stable,251,1,1,2400,,18,23,,8280,a7957a2c
current,stable,252,1,1,2400,,14,28,,11361,fd17cf84
current,stable,253,1,1,2400,,17,30,,10110,7207a5f3
current,stable,254,0.29,0,700.45,poison,5,11,,3953,842daaf2
current,stable,255,0.55,0,1320.2,poison,8,12,,6619,124c9971
current,stable,256,0.4,0,951.8,poison,6,17,,5872,d3dd78d6
current,stable,257,1,1,2400,,22,20,,10361,04648cbb
current,stable,258,1,1,2400,,31,24,,9471,a0090dbe
current,stable,259,0.51,0,1221.25,poison,13,12,,5230,b8a2a340
current,stable,260,0.92,0,2213.4,poison,16,14,,10740,b07bd50f
current,stable,261,1,1,2400,,11,28,,10433,65d183a1
current,stable,262,1,1,2400,,31,25,,11038,0af5f648
current,stable,263,1,1,2400,,19,23,,8361,2f35aa08
current,stable,264,1,1,2400,,11,29,,10662,be500277
current,stable,265,1,1,2400,,33,29,,11861,48e60204
current,stable,266,1,1,2400,,10,20,,10429,998eb7e1
current,stable,267,1,1,2400,,9,27,,10277,abb95ba0
current,stable,268,0.27,0,657.05,poison,5,12,,2788,f85fd24b
current,stable,269,0.91,0,2173.2,poison,16,16,,10523,f4993514
current,stable,270,0.28,0,668.9,poison,4,12,,2897,04c79877
current,stable,271,1,1,2400,,10,21,,10151,303ef58a
current,stable,272,1,1,2400,,16,14,,10186,9b35ad0b
current,stable,273,0.65,0,1566.65,poison,15,12,,7897,5acaf135
current,stable,274,1,1,2400,,26,21,,8286,290cfc5b
current,stable,275,0.99,0,2377.45,poison,6,12,,10752,450b6d77
current,stable,276,1,1,2400,,13,20,,10361,4bcde38c
current,stable,277,1,1,2400,,28,25,,8706,d490dfb4
current,stable,278,1,1,2400,,8,21,,8870,bfcfa7a2
current,stable,279,1,1,2400,,14,23,,9833,2568bcaf
current,stable,280,1,1,2400,,14,14,,11298,ff37f9f0
current,stable,281,0.27,0,647.35,poison,5,12,,3398,62d1e81c
current,stable,282,1,1,2400,,11,18,,12823,bd226b07
current,stable,283,0.33,0,791.85,poison,8,12,,3693,9336ceba
current,stable,284,1,1,2400,,10,23,,10398,8bc1596b
current,stable,285,1,1,2400,,13,21,,10174,feabfd1b
current,stable,286,1,1,2400,,8,24,,9924,41123147
current,stable,287,1,1,2400,,15,19,,8876,0a1a6cf1
current,stable,288,1,1,2400,,13,20,,10600,670a39cd
current,stable,289,1,1,2400,,21,15,,10728,137d808a
current,stable,290,0.37,0,877.75,poison,4,12,,3828,fd8cb4c5
current,stable,291,1,1,2400,,10,15,,10176,e2ef2c7f
current,stable,292,1,1,2400,,16,20,,9515,bd40805d
current,stable,293,0.45,0,1089.3,poison,4,12,,4999,9556cf10
current,stable,294,1,1,2400,,15,14,,7986,0b8a3e57
current,stable,295,1,1,2400,,29,30,,8188,ccb9c72c
current,stable,296,0.47,0,1132.75,poison,4,12,,4217,33f36ab1
current,stable,297,1,1,2400,,12,16,,7613,4ca3f658
current,stable,298,1,1,2400,,13,22,,6567,1f315d33
current,stable,299,0.29,0,695.6,poison,8,12,,2605,69aa3e91
model-fixed,composition,0,0.92,0,2209.85,poison,15,19,1355.2491386421025,9019,1608b6f3
model-fixed,composition,1,1,1,2400,,15,17,1453.974782070145,9474,ad171ba5
model-fixed,composition,2,0.88,0,2109.45,poison,16,14,1008.7649860884994,9222,10c44d00
model-fixed,composition,3,1,1,2400,,30,18,1052.154010394588,10512,3d26cbe2
model-fixed,composition,4,0.89,0,2129.8,poison,16,13,1012.4247627798468,9042,497c1d37
model-fixed,composition,5,1,1,2400,,13,20,1021.8986702151597,10062,b58c7fff
model-fixed,composition,6,0.86,0,2074.85,poison,35,11,924.9981891363859,8937,d429cae5
model-fixed,composition,7,1,1,2400,,13,19,1280.811721784994,9200,98af9cdd
model-fixed,composition,8,1,1,2400,,29,25,1227.5550863239914,10198,1909f00d
model-fixed,composition,9,1,1,2400,,19,24,954.4359873980284,9589,39b1294c
model-fixed,composition,10,1,1,2400,,15,20,1481.036379514262,9599,459c3c4b
model-fixed,composition,11,1,1,2400,,23,15,1419.2990833427757,10107,a5299232
model-fixed,composition,12,0.82,0,1972.6,cold,13,14,1156.1995566822588,8044,d4d7bfa2
model-fixed,composition,13,1,1,2400,,22,20,975.9893313981593,12026,2275a669
model-fixed,composition,14,1,1,2400,,21,17,1056.7464123945683,9833,4e031225
model-fixed,composition,15,0.76,0,1812.85,poison,27,8,1087.165479362011,6603,11dcb8a8
model-fixed,composition,16,1,1,2400,,36,21,1184.9144582636654,8496,85b1ad03
model-fixed,composition,17,1,1,2400,,35,13,948.6968228593469,10004,898164ea
model-fixed,composition,18,1,1,2400,,19,21,1230.41522372514,10002,7d9e8c6f
model-fixed,composition,19,0.39,0,934.7,poison,13,8,1493.4291507583112,4369,bc179201
model-fixed,composition,20,0.82,0,1970.4,cold,22,12,1195.6276488024741,9907,2770206f
model-fixed,composition,21,0.84,0,2025.3,poison,18,19,1099.0994222927839,8401,bdf6e94a
model-fixed,composition,22,1,1,2400,,13,19,1396.9266504049301,11433,63a72f0b
model-fixed,composition,23,0.64,0,1527.65,poison,22,11,1006.6232697106898,7062,c729eb7f
model-fixed,composition,24,1,1,2400,,22,13,914.0643363352865,13535,7f34036a
model-fixed,composition,25,1,1,2400,,18,15,909.055660944432,11871,ec861492
model-fixed,composition,26,1,1,2400,,14,18,1418.5124515090138,9642,1e244186
model-fixed,composition,27,1,1,2400,,12,20,1038.7996306177229,11712,d14f97ec
model-fixed,composition,28,1,1,2400,,24,25,1491.567375836894,9782,54edceed
model-fixed,composition,29,1,1,2400,,32,26,1168.8283814582974,10165,b7dbdc4b
model-fixed,composition,30,1,1,2400,,32,25,1246.451383922249,11753,194bd209
model-fixed,composition,31,1,1,2400,,23,15,1109.8990456201136,9529,881b14f0
model-fixed,composition,32,1,1,2400,,22,19,1451.950038364157,11013,e10777ae
model-fixed,composition,33,0.95,0,2286.75,poison,19,18,933.9349877089262,10128,a4da2273
model-fixed,composition,34,1,1,2400,,41,25,1440.3934170026332,9969,35c34d29
model-fixed,composition,35,1,1,2400,,20,20,1076.2001846451312,9867,0d1230ab
model-fixed,composition,36,0.29,0,706.55,cold,10,3,1431.0532630886883,3152,51854b20
model-fixed,composition,37,1,1,2400,,31,22,1275.561968749389,13172,40f83e6a
model-fixed,composition,38,1,1,2400,,13,23,1415.9737795125693,10321,098d24fe
model-fixed,composition,39,0.67,0,1598.65,poison,13,8,1050.0572400167584,8515,4e40e19b
model-fixed,composition,40,1,1,2400,,20,20,1220.4956889152527,11453,8e8ce22f
model-fixed,composition,41,1,1,2400,,51,36,1232.8261929564178,10479,c9c6c613
model-fixed,composition,42,0.96,0,2310.45,poison,25,20,1441.9177936390042,12868,778fc8f8
model-fixed,composition,43,1,1,2400,,38,19,979.1187167633325,11379,c198e1ae
model-fixed,composition,44,0.59,0,1426.1,cold,21,10,1135.521693667397,6311,f75b994c
model-fixed,composition,45,0.89,0,2132.3,cold,53,12,1280.4792047012597,10976,9f73d740
model-fixed,composition,46,0.8,0,1918.85,poison,24,10,1308.1812533084303,9254,d6a9fbb5
model-fixed,composition,47,1,1,2400,,19,22,1359.4722845591605,11375,36b1701c
model-fixed,composition,48,1,1,2400,,19,19,1289.9143806193024,9058,efc928f3
model-fixed,composition,49,1,1,2400,,39,15,1370.1839546207339,11979,8decd166
model-fixed,composition,50,1,1,2400,,16,19,1223.048041574657,10854,cb92cc91
model-fixed,composition,51,1,1,2400,,38,25,1190.0646095629781,12014,d34f8fe8
model-fixed,composition,52,1,1,2400,,15,22,1030.5976996198297,9971,a2a7e14f
model-fixed,composition,53,0.93,0,2225.15,poison,18,14,910.6717661954463,11521,bcd1c5c3
model-fixed,composition,54,0.86,0,2067.4,poison,15,12,925.2298789098859,10357,c66ada98
model-fixed,composition,55,1,1,2400,,31,25,1315.2466686442494,10469,964dcfe7
model-fixed,composition,56,0.26,0,614.6,poison,8,5,1267.03458186239,3168,8e45a5c5
model-fixed,composition,57,1,1,2400,,17,13,1362.3291590251029,10742,b77e6dc0
model-fixed,composition,58,0.1,0,238.1,thirst,4,4,1401.4836218208075,900,468d16b2
model-fixed,composition,59,1,1,2400,,18,16,1336.2382390536368,11395,963a15ed
model-fixed,composition,60,1,1,2400,,16,19,1153.169801691547,9936,df5cc34b
model-fixed,composition,61,1,1,2400,,18,16,960.9996335115284,10030,00f6f6cc
model-fixed,composition,62,0.42,0,1012.35,poison,6,0,1222.427462786436,4407,8afc4dc9
model-fixed,composition,63,1,1,2400,,15,15,1232.517156098038,10562,8418ce78
model-fixed,composition,64,0.6,0,1438.85,cold,25,12,1276.6067342832685,6212,f608350b
model-fixed,composition,65,1,1,2400,,40,23,963.0870806984603,10593,621cc001
model-fixed,composition,66,0.45,0,1069.9,poison,12,4,986.5628327708691,4783,3f642c1b
model-fixed,composition,67,1,1,2400,,39,14,909.949193475768,9895,9d813ff7
model-fixed,composition,68,1,1,2400,,28,24,1281.0644138138741,7946,b5903e18
model-fixed,composition,69,1,1,2400,,23,18,1171.9917150679976,9529,6341342c
model-fixed,composition,70,0.57,0,1379.15,poison,26,12,1277.3612827062607,4731,054351a0
model-fixed,composition,71,0.79,0,1890.95,poison,14,14,1034.9216405767947,7742,dfef6ea6
model-fixed,composition,72,0.9,0,2161.55,poison,17,16,1070.4212616663426,7433,9e02cde6
model-fixed,composition,73,1,1,2400,,29,17,1104.2127545457333,9118,0c44030f
model-fixed,composition,74,1,1,2400,,16,22,1485.3858197573572,8601,4ee7ab27
model-fixed,composition,75,1,1,2400,,17,19,1370.1367920264602,8183,647aaa26
model-fixed,composition,76,1,1,2400,,22,8,1216.054368764162,9040,4aaf31f0
model-fixed,composition,77,0.89,0,2132.5,poison,15,12,1125.5095273721963,7298,1a7d5e9e
model-fixed,composition,78,1,1,2400,,17,21,1204.263577144593,10230,152781cc
model-fixed,composition,79,0.7,0,1676,poison,47,9,1330.0101856235415,6179,d8f7f080
model-fixed,composition,80,1,1,2400,,36,21,1183.6501486133784,8755,b130c94c
model-fixed,composition,81,0.94,0,2261.1,poison,22,19,1463.9479940291494,7500,162d45c8
model-fixed,composition,82,1,1,2400,,29,21,1381.2492803670466,7012,d818f2b3
model-fixed,composition,83,1,1,2400,,16,22,1366.8350195512176,8258,1e949bfd
model-fixed,composition,84,0.69,0,1660.3,poison,24,10,1199.6968852356076,6337,40f0760e
model-fixed,composition,85,1,1,2400,,15,18,1383.1437966786325,8170,bab81128
model-fixed,composition,86,0.8,0,1924.35,poison,19,10,967.5357674248517,7546,aeb05eab
model-fixed,composition,87,1,1,2400,,18,26,1156.808812217787,8215,68ac79d4
model-fixed,composition,88,1,1,2400,,38,14,1173.720809770748,8855,5a96f7fa
model-fixed,composition,89,0.93,0,2227.55,poison,24,15,1259.988802531734,7741,05fcdf25
model-fixed,composition,90,1,1,2400,,17,20,1155.3427994716913,8150,fa98f898
model-fixed,composition,91,0.41,0,991.35,poison,9,12,1420.2966009266675,3308,2e41af0e
model-fixed,composition,92,1,1,2400,,24,24,927.627966273576,8994,dfd95bfb
model-fixed,composition,93,1,1,2400,,13,19,1101.074359472841,8460,74a1bdbe
model-fixed,composition,94,1,1,2400,,15,20,1300.118240620941,8920,bf091c48
model-fixed,composition,95,0.94,0,2257.35,poison,16,14,1018.5872426256537,8656,d4d439a8
model-fixed,composition,96,1,1,2400,,11,19,992.0312591828406,8594,335f9ef0
model-fixed,composition,97,0.38,0,916.95,cold,16,12,1231.5269999206066,4167,62ab117a
model-fixed,composition,98,1,1,2400,,30,22,924.7223654296249,10079,a1b8f5f4
model-fixed,composition,99,0.79,0,1902.2,poison,17,10,967.8169305436313,6850,5f1688d6
model-fixed,composition,100,0.85,0,2038,poison,16,8,1377.256285166368,7088,64398f22
model-fixed,composition,101,1,1,2400,,18,18,974.794791592285,8849,4d92dc2c
model-fixed,composition,102,0.86,0,2056.2,poison,20,12,1344.8649160098284,8891,5dc49fc1
model-fixed,composition,103,1,1,2400,,15,18,1469.4877217989415,17157,c754d555
model-fixed,composition,104,0.74,0,1776.95,cold,26,7,1105.1880461163819,7844,2ef44206
model-fixed,composition,105,0.28,0,674.5,poison,6,0,1135.4575088247657,2431,fba0ad73
model-fixed,composition,106,0.53,0,1262.7,cold,18,15,1370.607446366921,4508,93be685d
model-fixed,composition,107,1,1,2400,,14,15,1414.4714328926057,9762,1922196e
model-fixed,composition,108,1,1,2400,,58,25,1121.8604417983443,11214,1f11bc11
model-fixed,composition,109,0.57,0,1358.1,poison,12,10,1178.230143757537,5391,4a42c74d
model-fixed,composition,110,0.9,0,2167.5,poison,16,16,1115.6502345576882,9566,9da4526c
model-fixed,composition,111,1,1,2400,,12,19,960.8158277347684,12141,bd617a8f
model-fixed,composition,112,1,1,2400,,39,21,1085.309890564531,14192,413d2d45
model-fixed,composition,113,0.92,0,2216.2,poison,17,15,1113.8190667144954,9494,fa4d17b5
model-fixed,composition,114,0.81,0,1955.75,hunger,23,5,1361.66654471308,8106,b5e93b24
model-fixed,composition,115,1,1,2400,,14,14,1455.5010417010635,9956,67e243eb
model-fixed,composition,116,1,1,2400,,17,20,1018.9518865663558,11261,6f1ba24b
model-fixed,composition,117,0.8,0,1914.45,poison,28,6,916.4415249601007,11567,398ac205
model-fixed,composition,118,0.87,0,2083.45,poison,22,14,1006.9175567943603,10450,f77a922f
model-fixed,composition,119,1,1,2400,,12,18,1341.1057353951037,9845,300c4174
model-fixed,composition,120,1,1,2400,,20,20,994.2024345975369,13311,64f966ee
model-fixed,composition,121,1,1,2400,,31,20,1173.2023521792144,11053,8685002c
model-fixed,composition,122,1,1,2400,,13,20,1159.5645303837955,11532,abb2990c
model-fixed,composition,123,0.28,0,665.05,poison,8,0,1361.5515862125903,3803,5848da34
model-fixed,composition,124,0.48,0,1145.9,poison,10,0,1353.230178449303,4787,e771728c
model-fixed,composition,125,0.59,0,1412.45,poison,16,12,1167.0434507075697,6629,0782ccf0
model-fixed,composition,126,0.74,0,1765.05,poison,27,8,1107.4519793037325,7701,73c571e7
model-fixed,composition,127,1,1,2400,,15,17,905.0416419748217,11523,e5eaff99
model-fixed,composition,128,1,1,2400,,29,21,1466.7996475473046,10464,eee2536b
model-fixed,composition,129,0.3,0,714.4,poison,8,0,1144.7639701422304,3151,918712a6
model-fixed,composition,130,0.41,0,993.25,poison,9,6,1465.0964791886508,3550,c2cb3f23
model-fixed,composition,131,0.91,0,2194.65,poison,21,21,1281.5392343793064,9590,79627812
model-fixed,composition,132,0.74,0,1777.3,poison,23,9,1101.1725116986781,9059,33057411
model-fixed,composition,133,1,1,2400,,126,34,1475.874112173915,13106,8ade1039
model-fixed,composition,134,0.86,0,2075.25,poison,17,19,1290.601725736633,9163,f7c44e94
model-fixed,composition,135,1,1,2400,,20,18,1077.2608320694417,9622,a1d62901
model-fixed,composition,136,1,1,2400,,15,19,951.4538374263793,9700,b0c2ea30
model-fixed,composition,137,1,1,2400,,23,20,1320.6740022171289,11727,3260498e
model-fixed,composition,138,1,1,2400,,30,22,1447.0843572635204,9756,39fed5a7
model-fixed,composition,139,1,1,2400,,17,19,984.9529625382274,10745,d3744ebc
model-fixed,composition,140,1,1,2400,,29,26,1077.8336768969893,9614,79d4f2d1
model-fixed,composition,141,0.94,0,2256,poison,20,16,1340.8855895977467,9564,5a12bc62
model-fixed,composition,142,1,1,2400,,22,21,1118.7472659163177,9129,abe5261f
model-fixed,composition,143,1,1,2400,,15,20,1486.79534685798,10476,9c8a1c0a
model-fixed,composition,144,1,1,2400,,14,19,1136.9918907992542,9612,c4ca5633
model-fixed,composition,145,1,1,2400,,27,20,1264.3856103066355,9830,504cc70d
model-fixed,composition,146,0.79,0,1884.95,poison,20,12,929.2768886312842,7605,b0c1688f
model-fixed,composition,147,1,1,2400,,14,19,1286.7421955801547,14970,6a0449c4
model-fixed,composition,148,1,1,2400,,17,13,1130.9817840345204,10805,f7457d60
model-fixed,composition,149,1,1,2400,,34,23,1090.8703928813338,12194,8a127449
model-fixed,composition,150,0.88,0,2107.45,poison,14,14,1388.3687366265804,8582,e3f7af90
model-fixed,composition,151,1,1,2400,,15,18,1241.7869745288044,12180,1a2a41c6
model-fixed,composition,152,1,1,2400,,24,20,996.4221268426627,11773,c67218a5
model-fixed,composition,153,1,1,2400,,15,19,1465.5266754794866,9743,1dad9756
model-fixed,composition,154,0.86,0,2069.6,poison,19,14,1360.0727495737374,8526,d6a62a31
model-fixed,composition,155,1,1,2400,,48,22,1293.6976034659892,9593,a8869e15
model-fixed,composition,156,0.82,0,1962.85,poison,26,12,1090.0327538140118,10321,dbdd5bc6
model-fixed,composition,157,0.9,0,2158.05,poison,15,18,1184.5583468209952,11156,0b781939
model-fixed,composition,158,1,1,2400,,16,21,1361.2498610280454,9600,d981e07d
model-fixed,composition,159,0.63,0,1507,poison,14,12,1087.0310737285763,6147,0f997613
model-fixed,composition,160,1,1,2400,,27,18,1134.409105265513,12539,c39c99df
model-fixed,composition,161,1,1,2400,,14,19,1211.019501183182,11039,ccbaaad9
model-fixed,composition,162,0.87,0,2097.85,poison,21,16,1354.779640166089,8633,a24a17d8
model-fixed,composition,163,1,1,2400,,29,25,1193.7779202125967,9268,7d809ca0
model-fixed,composition,164,1,1,2400,,38,27,1397.6827750448138,11962,48b2fcc2
model-fixed,composition,165,1,1,2400,,22,19,1259.7743312828243,9732,c83ba3eb
model-fixed,composition,166,0.66,0,1580.65,poison,19,9,1234.640494454652,7118,00694fed
model-fixed,composition,167,1,1,2400,,15,20,1190.675621246919,11614,385d7165
model-fixed,composition,168,0.9,0,2149.7,cold,35,20,1314.1329189296812,8585,ff90eb32
model-fixed,composition,169,0.71,0,1707.95,poison,19,6,1195.129220187664,7357,ae85d2dc
model-fixed,composition,170,1,1,2400,,21,16,1303.8867191411555,9305,d005e8f6
model-fixed,composition,171,1,1,2400,,17,22,1105.4251719731838,10903,437643ca
model-fixed,composition,172,1,1,2400,,27,22,1323.0916259810328,9637,1faf7264
model-fixed,composition,173,0.89,0,2132.1,poison,18,13,1485.8402882236987,8278,0c28c769
model-fixed,composition,174,0.54,0,1286.4,poison,21,9,947.138951998204,4486,ac509979
model-fixed,composition,175,0.43,0,1040.5,poison,13,9,1297.4928145296872,4070,88f86413
model-fixed,composition,176,1,1,2400,,15,18,1049.629135709256,11030,6f79cae5
model-fixed,composition,177,0.4,0,970.2,poison,9,0,1195.7596875261515,3531,33b385cd
model-fixed,composition,178,1,1,2400,,46,21,1407.15163461864,9882,8c91ec3f
model-fixed,composition,179,0.52,0,1256.8,cold,16,12,919.9207201134413,5290,c390ef03
model-fixed,composition,180,1,1,2400,,15,22,1455.5653866380453,7760,28697f0a
model-fixed,composition,181,0.3,0,708.95,poison,9,5,1100.8694166317582,2429,6f771fee
model-fixed,composition,182,1,1,2400,,21,12,1398.7264457624406,9990,f1a0644d
model-fixed,composition,183,1,1,2400,,19,21,1043.0413277819753,8744,46a6ab10
model-fixed,composition,184,1,1,2400,,36,23,1111.4483778364956,11030,f59d55d7
model-fixed,composition,185,1,1,2400,,29,22,1221.8576656188816,9736,34137276
model-fixed,composition,186,1,1,2400,,24,22,1428.9914247114211,10145,cbe621f3
model-fixed,composition,187,1,1,2400,,29,23,1085.6338331010193,10252,f171544a
model-fixed,composition,188,0.49,0,1169.25,poison,13,9,1393.417603103444,5081,16fee304
model-fixed,composition,189,1,1,2400,,15,17,1201.2530513573438,10752,812ff521
model-fixed,composition,190,1,1,2400,,24,19,1321.2053932249546,9325,8893caed
model-fixed,composition,191,1,1,2400,,35,17,1496.1295024026185,8850,89258967
model-fixed,composition,192,1,1,2400,,13,19,930.2925735712051,10149,10dca007
model-fixed,composition,193,1,1,2400,,50,17,1258.9972082991153,9284,27c85067
model-fixed,composition,194,0.93,0,2223.05,poison,16,19,1152.4073097389191,9268,045c32e2
model-fixed,composition,195,0.91,0,2177.45,poison,15,16,999.0998560097069,10182,ce0d1697
model-fixed,composition,196,1,1,2400,,16,20,1205.9377323836088,9732,85188e28
model-fixed,composition,197,0.47,0,1136.95,poison,8,0,1488.0803638603538,4681,d68f3e9b
model-fixed,composition,198,0.36,0,866.3,poison,7,12,1394.535796623677,4468,efdbbb2a
model-fixed,composition,199,0.97,0,2316.15,poison,17,12,1047.8182077873498,11607,a8911cf3
model-fixed,composition,200,1,1,2400,,33,22,1357.1969599463046,9600,208f88e8
model-fixed,composition,201,1,1,2400,,20,21,992.1195602975786,9832,4d2d8cca
model-fixed,composition,202,1,1,2400,,16,21,1192.2995714005083,9322,f6a4e539
model-fixed,composition,203,1,1,2400,,50,27,1154.5003413688391,12068,d2fcc12d
model-fixed,composition,204,1,1,2400,,36,19,1000.1810078043491,10206,c2a98687
model-fixed,composition,205,1,1,2400,,13,18,994.9222215916961,10374,e208bcd1
model-fixed,composition,206,1,1,2400,,20,16,1122.0955364406109,10593,5ce881f1
model-fixed,composition,207,1,1,2400,,28,27,983.6325459647924,12111,ff12211e
model-fixed,composition,208,0.51,0,1213.65,poison,22,13,901.699693640694,6223,d7d663c1
model-fixed,composition,209,1,1,2400,,13,17,1252.5396300014108,10229,521cd5bd
model-fixed,composition,210,0.9,0,2150.9,cold,22,20,1169.0376046579331,8231,7abc67a2
model-fixed,composition,211,1,1,2400,,40,17,1002.9386837035418,11572,f3572b31
model-fixed,composition,212,0.92,0,2207.4,poison,22,15,1235.1081307511777,10354,56b5aa81
model-fixed,composition,213,1,1,2400,,34,22,1369.4587578065693,9410,6803a9af
model-fixed,composition,214,0.37,0,899.05,cold,9,0,925.6938612554222,3869,4e1de160
model-fixed,composition,215,1,1,2400,,34,20,1298.5434462781996,17394,a951d7ed
model-fixed,composition,216,0.98,0,2340.4,poison,16,19,1345.3038537874818,9993,ceee58d7
model-fixed,composition,217,1,1,2400,,26,14,1205.3591650910676,10473,d4abba0b
model-fixed,composition,218,1,1,2400,,29,22,1221.6119939927012,10024,a3d966a0
model-fixed,composition,219,1,1,2400,,19,20,948.6826007254422,11101,4100e561
model-fixed,composition,220,1,1,2400,,35,20,1211.7021025624126,9510,9637e667
model-fixed,composition,221,0.52,0,1256.9,poison,10,12,1457.7891195192933,4859,2bb9346d
model-fixed,composition,222,1,1,2400,,34,18,1047.5726979319006,18075,3f5ab165
model-fixed,composition,223,1,1,2400,,23,24,1194.918327452615,10147,cb7758e3
model-fixed,composition,224,0.89,0,2128.9,poison,22,19,1005.4493539966643,9604,b94c587b
model-fixed,composition,225,0.98,0,2361.8,poison,19,23,1376.4573000837117,9930,0e93a797
model-fixed,composition,226,1,1,2400,,15,22,939.5778216887265,10780,134023a1
model-fixed,composition,227,1,1,2400,,21,21,1434.9179482553154,10473,35d961f3
model-fixed,composition,228,1,1,2400,,16,20,921.1716557387263,10524,59a01f8c
model-fixed,composition,229,1,1,2400,,14,21,1319.0656683873385,10184,a88e36e9
model-fixed,composition,230,1,1,2400,,21,20,960.7735414523631,11239,11c0c65a
model-fixed,composition,231,0.96,0,2303.75,poison,24,15,970.7320349290967,10190,123633b3
model-fixed,composition,232,1,1,2400,,34,26,1424.1734676528722,9877,cfbaf54f
model-fixed,composition,233,0.74,0,1786.2,cold,20,15,1397.2399753052741,6924,81b6def2
model-fixed,composition,234,1,1,2400,,17,19,1363.8952993322164,9880,f8e7df22
model-fixed,composition,235,1,1,2400,,44,24,1054.7708944883198,12330,72dbba58
model-fixed,composition,236,1,1,2400,,40,19,1104.401738801971,14339,2534be04
model-fixed,composition,237,1,1,2400,,21,20,1203.0590652488172,12010,68fbabd5
model-fixed,composition,238,0.82,0,1978.8,cold,23,11,1113.8568364083767,10851,133fce8d
model-fixed,composition,239,1,1,2400,,28,22,1336.7236276622862,11961,305f8a35
model-fixed,composition,240,1,1,2400,,21,24,1202.6472402736545,11882,792b6c9f
model-fixed,composition,241,1,1,2400,,24,23,1046.5303159318864,13279,06e8af2d
model-fixed,composition,242,1,1,2400,,39,12,1344.6201412472874,11695,ffa49f9c
model-fixed,composition,243,1,1,2400,,20,16,937.8141772001982,12597,cbcc0144
model-fixed,composition,244,1,1,2400,,20,19,1135.7657541520894,11081,1293192a
model-fixed,composition,245,1,0,2397.7,poison,32,20,1292.609103396535,11935,e44814ab
model-fixed,composition,246,0.96,0,2315.25,poison,18,17,1038.6681274976581,10082,cc946083
model-fixed,composition,247,0.29,0,693.25,poison,6,0,1389.2561377957463,3075,6d2cba1c
model-fixed,composition,248,1,1,2400,,11,20,907.4884203728288,10497,d955cfae
model-fixed,composition,249,0.46,0,1108.05,poison,12,3,1409.0957075357437,4065,e3573fa0
model-fixed,composition,250,0.93,0,2227.15,poison,16,17,1225.0616886187345,9357,9f08695c
model-fixed,composition,251,0.61,0,1458.8,poison,19,7,1297.0446069259197,4953,593e16f2
model-fixed,composition,252,1,1,2400,,30,19,1103.9641621056944,10023,4fb845b8
model-fixed,composition,253,1,1,2400,,23,22,1119.4196885917336,8367,770c0142
model-fixed,composition,254,1,0,2397.5,poison,23,16,1270.0571752153337,9216,12394910
model-fixed,composition,255,1,1,2400,,20,19,978.7794969510287,10578,66c339f4
model-fixed,composition,256,0.77,0,1845.3,poison,15,14,984.344200277701,8152,6c6b24c9
model-fixed,composition,257,0.85,0,2049.95,poison,27,11,1446.5802851133049,8580,1bbec323
model-fixed,composition,258,1,1,2400,,23,23,919.6648745331913,9733,02ed72eb
model-fixed,composition,259,0.46,0,1111,poison,16,11,1459.2605631798506,5204,aa62a0e4
model-fixed,composition,260,0.73,0,1740.7,poison,16,12,1361.0214677173644,7501,45ae1b95
model-fixed,composition,261,0.93,0,2234,poison,22,13,1450.6259872578084,8301,92a8cc96
model-fixed,composition,262,1,1,2400,,16,21,1268.2364974636585,10561,882284fb
model-fixed,composition,263,1,1,2400,,22,21,1249.1626046597958,8929,375da677
model-fixed,composition,264,1,1,2400,,12,19,907.069144025445,8562,b4dd21a0
model-fixed,composition,265,1,1,2400,,37,26,1339.0997590497136,10426,6c5939b1
model-fixed,composition,266,1,1,2400,,17,22,945.520893484354,9575,6f5637ff
model-fixed,composition,267,1,1,2400,,16,22,1004.3327002320439,9979,f53b5e2a
model-fixed,composition,268,1,1,2400,,31,17,1445.2794782817364,9766,f58a5c2f
model-fixed,composition,269,0.3,0,719.2,poison,6,0,1217.0531110838056,2901,4b23e6fb
model-fixed,composition,270,1,1,2400,,15,20,905.9832656756043,10294,b7e6b2e2
model-fixed,composition,271,0.89,0,2147.65,poison,21,15,971.0220783948898,9332,2ea2d232
model-fixed,composition,272,1,1,2400,,18,16,1348.1315648183227,9594,dd84a98a
model-fixed,composition,273,0.66,0,1590.2,poison,22,14,1355.776495859027,7553,3c28512c
model-fixed,composition,274,0.8,0,1923.15,poison,20,13,1305.6870179716498,7292,30b5ba41
model-fixed,composition,275,0.42,0,1008.15,poison,10,1,967.6845006644726,5254,6a8411a5
model-fixed,composition,276,1,1,2400,,25,18,1469.6337923873216,10639,5d813cac
model-fixed,composition,277,1,1,2400,,34,28,1118.4982267208397,9854,4878de05
model-fixed,composition,278,1,1,2400,,20,24,1354.2102840263397,9973,c741e36f
model-fixed,composition,279,1,1,2400,,34,26,905.5938298813999,10860,8b0f96c8
model-fixed,composition,280,1,1,2400,,12,20,1254.6807469334453,10824,951e3626
model-fixed,composition,281,0.81,0,1938.3,poison,27,9,945.7816836889833,9850,3b4af27f
model-fixed,composition,282,0.96,0,2307.25,poison,18,20,1388.6873227078468,11416,97c0fb0c
model-fixed,composition,283,1,1,2400,,39,20,1067.9485361091793,9754,1ec03fbc
model-fixed,composition,284,1,1,2400,,15,18,1366.2202809937298,11345,a64ae565
model-fixed,composition,285,0.09,0,225.25,thirst,4,6,1176.8785789143294,846,16b833a3
model-fixed,composition,286,0.86,0,2053.45,poison,14,15,1320.0503782834858,9156,c4a71fab
model-fixed,composition,287,0.45,0,1071.9,cold,12,6,1252.034403802827,4394,263c0938
model-fixed,composition,288,1,1,2400,,12,21,1222.7287317160517,10666,2c22708a
model-fixed,composition,289,1,1,2400,,12,23,1262.9864285700023,10293,7f9e25e2
model-fixed,composition,290,1,1,2400,,19,21,1291.4361126255244,8577,0acc4fe5
model-fixed,composition,291,0.95,0,2280.8,poison,21,17,1298.5788947436959,11736,0110ccef
model-fixed,composition,292,1,1,2400,,20,21,1057.1428986266255,10595,07fb2173
model-fixed,composition,293,0.36,0,858.35,poison,7,0,1005.9947689063847,3971,c5a0a3bf
model-fixed,composition,294,1,1,2400,,12,18,1091.9827145989984,9088,5f8bc4aa
model-fixed,composition,295,1,1,2400,,34,26,1078.8521320559084,11266,ab53bef1
model-fixed,composition,296,0.86,0,2064.45,poison,26,20,1305.3439878858626,9813,6489b151
model-fixed,composition,297,0.87,0,2087.85,poison,21,16,1274.4486073963344,7619,6505439f
model-fixed,composition,298,0.9,0,2165.7,cold,28,21,941.0594351124018,7906,1795eb7f
model-fixed,composition,299,1,1,2400,,35,12,1427.4996501859277,6579,82c2e8bd
model-fixed,invert,0,0.86,0,2056.2,poison,16,17,1355.2491386421025,7216,829daf01
model-fixed,invert,1,1,1,2400,,19,6,1453.974782070145,8676,f3a30845
model-fixed,invert,2,0.54,0,1302.95,poison,14,12,1008.7649860884994,4886,85612815
model-fixed,invert,3,0.94,0,2261.7,poison,31,9,1052.154010394588,7028,1c4a9520
model-fixed,invert,4,0.47,0,1123.65,poison,12,12,1012.4247627798468,3862,fca3cf74
model-fixed,invert,5,0.74,0,1775.1,poison,17,11,1021.8986702151597,6316,7cf41557
model-fixed,invert,6,0.64,0,1537.6,poison,23,11,924.9981891363859,5709,7d5872ed
model-fixed,invert,7,0.62,0,1490.3,poison,11,12,1280.811721784994,4931,748fe164
model-fixed,invert,8,1,1,2400,,39,26,1227.5550863239914,7533,c32bd7f4
model-fixed,invert,9,1,1,2400,,31,27,954.4359873980284,7777,e0e9e5ab
model-fixed,invert,10,1,1,2400,,17,20,1481.036379514262,8124,6566b400
model-fixed,invert,11,0.82,0,1979.65,cold,23,13,1419.2990833427757,6672,b26a7a9a
model-fixed,invert,12,0.63,0,1517.9,poison,14,13,1156.1995566822588,5139,5aa94850
model-fixed,invert,13,1,1,2400,,29,22,975.9893313981593,9587,c8bb07f2
model-fixed,invert,14,1,1,2400,,16,13,1056.7464123945683,7177,3c60455c
model-fixed,invert,15,1,1,2400,,33,25,1087.165479362011,7189,28ed357e
model-fixed,invert,16,1,1,2400,,39,24,1184.9144582636654,6800,d6122768
model-fixed,invert,17,1,1,2400,,38,10,948.6968228593469,7031,f2689fe6
model-fixed,invert,18,0.6,0,1429.25,cold,22,13,1230.41522372514,5399,bf815a67
model-fixed,invert,19,0.39,0,934.7,poison,13,8,1493.4291507583112,4310,bc179201
model-fixed,invert,20,1,1,2400,,10,23,1195.6276488024741,9193,68fedfda
model-fixed,invert,21,0.66,0,1587,poison,15,15,1099.0994222927839,6111,d8e53c4c
model-fixed,invert,22,0.74,0,1764.4,poison,12,13,1396.9266504049301,7568,6fb00cfd
model-fixed,invert,23,1,1,2400,,24,17,1006.6232697106898,8099,46f0e8b2
model-fixed,invert,24,0.72,0,1720.9,poison,17,11,914.0643363352865,6989,957acc37
model-fixed,invert,25,0.52,0,1246.2,cold,13,13,909.055660944432,5493,4da8605e
model-fixed,invert,26,1,1,2400,,32,11,1418.5124515090138,9222,ded8e41a
model-fixed,invert,27,0.87,0,2077.65,poison,15,17,1038.7996306177229,7888,0474e2bb
model-fixed,invert,28,1,1,2400,,24,27,1491.567375836894,8652,259c50f0
model-fixed,invert,29,1,1,2400,,31,27,1168.8283814582974,8193,73ff2025
model-fixed,invert,30,1,1,2400,,30,22,1246.451383922249,9081,55713b78
model-fixed,invert,31,0.76,0,1829.5,poison,10,9,1109.8990456201136,6079,49a84730
model-fixed,invert,32,0.82,0,1963.35,poison,21,15,1451.950038364157,7639,becc6879
model-fixed,invert,33,0.99,0,2376.8,poison,32,18,933.9349877089262,9160,8f897a8f
model-fixed,invert,34,1,1,2400,,41,24,1440.3934170026332,8296,c5bc0603
model-fixed,invert,35,1,1,2400,,22,22,1076.2001846451312,8534,3648c660
model-fixed,invert,36,0.29,0,706.55,cold,10,3,1431.0532630886883,3083,51854b20
model-fixed,invert,37,1,1,2400,,37,24,1275.561968749389,11173,0120cd78
model-fixed,invert,38,1,1,2400,,35,23,1415.9737795125693,8899,8b92c640
model-fixed,invert,39,0.52,0,1255.15,cold,12,8,1050.0572400167584,5431,97a0b926
model-fixed,invert,40,1,1,2400,,14,22,1220.4956889152527,9290,04ec0832
model-fixed,invert,41,1,1,2400,,51,41,1232.8261929564178,8821,b1e03979
model-fixed,invert,42,1,1,2400,,39,18,1441.9177936390042,11374,feb41918
model-fixed,invert,43,1,1,2400,,46,26,979.1187167633325,9847,ef955d48
model-fixed,invert,44,0.84,0,2010.4,poison,27,11,1135.521693667397,8437,908f3ec8
model-fixed,invert,45,1,1,2400,,40,25,1280.4792047012597,10108,256ced97
model-fixed,invert,46,0.61,0,1457.35,poison,13,10,1308.1812533084303,6641,7cfe4607
model-fixed,invert,47,0.66,0,1589.9,poison,15,13,1359.4722845591605,6414,3718c94a
model-fixed,invert,48,0.6,0,1437.85,cold,10,10,1289.9143806193024,5107,96f2d631
model-fixed,invert,49,1,1,2400,,12,22,1370.1839546207339,9847,cf31f447
model-fixed,invert,50,1,1,2400,,16,19,1223.048041574657,8231,3fbb7fc0
model-fixed,invert,51,1,1,2400,,33,25,1190.0646095629781,9782,14f99d2e
model-fixed,invert,52,0.7,0,1690.9,poison,17,12,1030.5976996198297,6557,2d9c6b33
model-fixed,invert,53,0.82,0,1971.55,poison,17,12,910.6717661954463,7571,5e7aa56c
model-fixed,invert,54,0.61,0,1458.3,poison,10,12,925.2298789098859,6077,242510a7
model-fixed,invert,55,1,1,2400,,26,25,1315.2466686442494,7983,cf770ea2
model-fixed,invert,56,0.26,0,614.6,poison,8,5,1267.03458186239,2917,8e45a5c5
model-fixed,invert,57,1,1,2400,,18,10,1362.3291590251029,9629,62f17be0
model-fixed,invert,58,0.1,0,238.1,thirst,4,4,1401.4836218208075,772,468d16b2
model-fixed,invert,59,0.69,0,1665.35,poison,13,12,1336.2382390536368,6964,afe5d6b5
model-fixed,invert,60,1,1,2400,,15,22,1153.169801691547,8266,e1ea52b6
model-fixed,invert,61,0.88,0,2119.95,hunger,31,12,960.9996335115284,7757,7ff1230c
model-fixed,invert,62,0.42,0,1012.35,poison,6,0,1222.427462786436,4422,8afc4dc9
model-fixed,invert,63,1,1,2400,,15,16,1232.517156098038,8206,fede4f52
model-fixed,invert,64,0.57,0,1369.05,poison,25,12,1276.6067342832685,5794,201ae11c
model-fixed,invert,65,1,1,2400,,25,24,963.0870806984603,8324,7ee4b80c
model-fixed,invert,66,0.5,0,1195.05,poison,13,6,986.5628327708691,5185,34854560
model-fixed,invert,67,0.67,0,1613.15,poison,25,9,909.949193475768,6044,c6f56f10
model-fixed,invert,68,1,1,2400,,25,26,1281.0644138138741,6935,9d648a1e
model-fixed,invert,69,1,1,2400,,18,16,1171.9917150679976,8242,31a6bda2
model-fixed,invert,70,0.78,0,1870.25,poison,33,12,1277.3612827062607,6397,67e93adb
model-fixed,invert,71,0.84,0,2004.15,poison,11,18,1034.9216405767947,6157,d82e3b07
model-fixed,invert,72,0.56,0,1349.65,poison,10,12,1070.4212616663426,3687,309a3a67
model-fixed,invert,73,0.67,0,1604.65,poison,14,15,1104.2127545457333,5447,b51497f3
model-fixed,invert,74,0.76,0,1829.15,poison,14,13,1485.3858197573572,5976,f421bb19
model-fixed,invert,75,0.97,0,2323.15,poison,28,15,1370.1367920264602,7255,54cdb5ac
model-fixed,invert,76,0.59,0,1426.35,poison,12,3,1216.054368764162,4006,9527fb85
model-fixed,invert,77,0.6,0,1434.85,cold,10,12,1125.5095273721963,4113,44d2300d
model-fixed,invert,78,1,1,2400,,52,23,1204.263577144593,8158,dd2eddaf
model-fixed,invert,79,0.62,0,1495.8,poison,35,9,1330.0101856235415,5373,84bbf3b8
model-fixed,invert,80,1,1,2400,,32,21,1183.6501486133784,8163,7a4027c1
model-fixed,invert,81,0.92,0,2201.95,poison,17,19,1463.9479940291494,6127,1a3acf08
model-fixed,invert,82,0.72,0,1726.85,poison,19,11,1381.2492803670466,4544,0e3f218d
model-fixed,invert,83,0.82,0,1965.15,poison,19,12,1366.8350195512176,6097,a78c0291
model-fixed,invert,84,0.86,0,2068.15,poison,25,10,1199.6968852356076,6496,5bbd60c8
model-fixed,invert,85,1,1,2400,,24,15,1383.1437966786325,6901,b344fd2e
model-fixed,invert,86,1,1,2400,,28,15,967.5357674248517,6965,5a4273bb
model-fixed,invert,87,1,1,2400,,36,19,1156.808812217787,7287,5b89f4b6
model-fixed,invert,88,1,1,2400,,19,18,1173.720809770748,6843,b92be30b
model-fixed,invert,89,0.9,0,2151.15,poison,20,12,1259.988802531734,6329,e10512e5
model-fixed,invert,90,0.8,0,1913.15,poison,13,14,1155.3427994716913,5291,3927bdbc
model-fixed,invert,91,0.41,0,991.35,poison,9,12,1420.2966009266675,3198,2e41af0e
model-fixed,invert,92,0.8,0,1921.8,poison,17,12,927.627966273576,5816,060b5092
model-fixed,invert,93,0.81,0,1950,poison,16,12,1101.074359472841,6259,4f59b20f
model-fixed,invert,94,0.7,0,1686.7,poison,11,12,1300.118240620941,5288,ca1231cb
model-fixed,invert,95,0.61,0,1453.55,poison,10,5,1018.5872426256537,4372,486d1a5e
model-fixed,invert,96,0.6,0,1439.65,cold,16,12,992.0312591828406,4675,1754acf5
model-fixed,invert,97,0.38,0,916.95,cold,16,12,1231.5269999206066,4171,62ab117a
model-fixed,invert,98,0.61,0,1457.4,poison,16,12,924.7223654296249,5132,bc7a9df5
model-fixed,invert,99,0.63,0,1519.1,poison,19,6,967.8169305436313,4943,efb7d6da
model-fixed,invert,100,1,1,2400,,11,10,1377.256285166368,7395,a461575c
model-fixed,invert,101,1,1,2400,,18,10,974.794791592285,8044,10d16afd
model-fixed,invert,102,0.92,0,2199.3,poison,17,12,1344.8649160098284,8325,17be7374
model-fixed,invert,103,1,1,2400,,18,19,1469.4877217989415,14121,22d8181e
model-fixed,invert,104,0.52,0,1237.2,wounds,24,7,1105.1880461163819,4578,fcb8fd74
model-fixed,invert,105,0.28,0,674.5,poison,6,0,1135.4575088247657,2357,fba0ad73
model-fixed,invert,106,0.53,0,1262.7,cold,18,15,1370.607446366921,4282,93be685d
model-fixed,invert,107,0.75,0,1803.85,poison,18,9,1414.4714328926057,6133,d265c5b1
model-fixed,invert,108,1,1,2400,,51,25,1121.8604417983443,8053,586902f6
model-fixed,invert,109,0.59,0,1424.9,poison,10,10,1178.230143757537,5405,cee0909a
model-fixed,invert,110,1,1,2400,,11,16,1115.6502345576882,8743,282249a5
model-fixed,invert,111,0.64,0,1547.95,poison,12,12,960.8158277347684,6816,3116a869
model-fixed,invert,112,1,1,2400,,67,15,1085.309890564531,11223,0098823e
model-fixed,invert,113,1,1,2400,,12,18,1113.8190667144954,8050,85cb0e5b
model-fixed,invert,114,0.66,0,1576,poison,18,5,1361.66654471308,6150,68e8ec1a
model-fixed,invert,115,1,1,2400,,12,14,1455.5010417010635,8809,703a84cb
model-fixed,invert,116,1,1,2400,,36,25,1018.9518865663558,9966,1b96c84e
model-fixed,invert,117,0.97,0,2336.3,cold,27,8,916.4415249601007,10271,94a7e561
model-fixed,invert,118,0.65,0,1555.1,poison,19,12,1006.9175567943603,7276,818c3522
model-fixed,invert,119,0.71,0,1709.75,poison,13,12,1341.1057353951037,5921,64c69aec
model-fixed,invert,120,1,1,2400,,15,22,994.2024345975369,9264,4ea8275a
model-fixed,invert,121,1,1,2400,,24,20,1173.2023521792144,9108,753d4bfb
model-fixed,invert,122,0.7,0,1670.95,poison,13,12,1159.5645303837955,6785,33e1cfdc
model-fixed,invert,123,0.28,0,665.05,poison,8,0,1361.5515862125903,3422,5848da34
model-fixed,invert,124,0.48,0,1145.9,poison,10,0,1353.230178449303,4951,e771728c
model-fixed,invert,125,1,1,2400,,29,22,1167.0434507075697,9603,f9c613b9
model-fixed,invert,126,0.75,0,1788.65,cold,25,8,1107.4519793037325,6926,d3bea552
model-fixed,invert,127,0.93,0,2240.85,poison,15,10,905.0416419748217,8101,c5d899b8
model-fixed,invert,128,1,1,2400,,26,22,1466.7996475473046,9698,68d3de8d
model-fixed,invert,129,0.3,0,714.4,poison,8,0,1144.7639701422304,3465,918712a6
model-fixed,invert,130,0.41,0,993.25,poison,9,6,1465.0964791886508,3553,c2cb3f23
model-fixed,invert,131,0.78,0,1879.7,poison,14,13,1281.5392343793064,7485,bc4fdda6
model-fixed,invert,132,0.73,0,1762.7,poison,22,9,1101.1725116986781,7788,2cf57b46
model-fixed,invert,133,1,1,2400,,102,40,1475.874112173915,10484,a517fa81
model-fixed,invert,134,0.63,0,1502.9,poison,11,12,1290.601725736633,5526,5f7d26dc
model-fixed,invert,135,0.62,0,1492.95,poison,14,12,1077.2608320694417,5925,05193a82
model-fixed,invert,136,1,1,2400,,15,16,951.4538374263793,7869,3cbb387a
model-fixed,invert,137,0.88,0,2110.2,poison,21,17,1320.6740022171289,8819,726318ea
model-fixed,invert,138,1,1,2400,,33,17,1447.0843572635204,8378,bc2c80d5
model-fixed,invert,139,0.71,0,1706.3,poison,16,11,984.9529625382274,5754,70c70ebd
model-fixed,invert,140,1,1,2400,,24,24,1077.8336768969893,7685,20c01296
model-fixed,invert,141,0.57,0,1379.4,poison,12,11,1340.8855895977467,5194,691aabc4
model-fixed,invert,142,1,1,2400,,15,21,1118.7472659163177,7533,3b55b467
model-fixed,invert,143,1,1,2400,,28,12,1486.79534685798,9828,1b5e1e53
model-fixed,invert,144,0.71,0,1692.05,poison,14,13,1136.9918907992542,6028,83a52af3
model-fixed,invert,145,1,1,2400,,27,20,1264.3856103066355,8056,580ac142
model-fixed,invert,146,0.99,0,2369.45,poison,19,15,929.2768886312842,8159,ac8955dc
model-fixed,invert,147,1,1,2400,,30,21,1286.7421955801547,13116,c9937ef0
model-fixed,invert,148,1,1,2400,,15,19,1130.9817840345204,8696,263b7223
model-fixed,invert,149,1,1,2400,,34,21,1090.8703928813338,9048,22007b3c
model-fixed,invert,150,1,1,2400,,11,19,1388.3687366265804,7534,f7fc1b1d
model-fixed,invert,151,0.58,0,1392.5,poison,12,12,1241.7869745288044,6279,65275d7a
model-fixed,invert,152,1,1,2400,,21,20,996.4221268426627,9176,95730340
model-fixed,invert,153,0.78,0,1881.05,poison,16,15,1465.5266754794866,6760,3e7a32c7
model-fixed,invert,154,0.66,0,1590.6,poison,13,12,1360.0727495737374,5947,bac5573b
model-fixed,invert,155,1,1,2400,,27,24,1293.6976034659892,7855,57872c89
model-fixed,invert,156,1,1,2400,,33,16,1090.0327538140118,9457,ade56ed9
model-fixed,invert,157,0.75,0,1807.9,poison,13,16,1184.5583468209952,7570,7e2cd333
model-fixed,invert,158,1,1,2400,,22,16,1361.2498610280454,7866,68a8c6e9
model-fixed,invert,159,0.58,0,1397.7,poison,10,11,1087.0310737285763,4733,20f30d45
model-fixed,invert,160,0.81,0,1943.5,poison,26,13,1134.409105265513,8479,79c7cb34
model-fixed,invert,161,0.52,0,1245.55,poison,10,12,1211.019501183182,5568,de41bfd2
model-fixed,invert,162,1,1,2400,,22,17,1354.779640166089,8699,99ee52fd
model-fixed,invert,163,1,1,2400,,22,23,1193.7779202125967,7759,7e49de88
model-fixed,invert,164,1,1,2400,,50,24,1397.6827750448138,10501,acaabb00
model-fixed,invert,165,0.66,0,1587.9,poison,13,12,1259.7743312828243,6700,ca0ad457
model-fixed,invert,166,0.56,0,1355.2,poison,18,9,1234.640494454652,5562,9d4d498f
model-fixed,invert,167,0.64,0,1525.75,poison,12,12,1190.675621246919,6616,258af2c5
model-fixed,invert,168,1,1,2400,,19,16,1314.1329189296812,8176,3a6cb4dc
model-fixed,invert,169,1,1,2400,,37,9,1195.129220187664,9015,4c7d616f
model-fixed,invert,170,1,1,2400,,13,21,1303.8867191411555,7726,99afaca3
model-fixed,invert,171,0.6,0,1450.35,poison,12,12,1105.4251719731838,6489,fdf53bcc
model-fixed,invert,172,1,1,2400,,25,21,1323.0916259810328,8172,05686478
model-fixed,invert,173,0.66,0,1587.2,poison,14,12,1485.8402882236987,5567,abac1953
model-fixed,invert,174,0.6,0,1439.3,cold,26,9,947.138951998204,4798,7ed52a6f
model-fixed,invert,175,0.43,0,1040.5,poison,13,9,1297.4928145296872,3813,88f86413
model-fixed,invert,176,0.53,0,1269.05,poison,12,11,1049.629135709256,4772,dc5cb221
model-fixed,invert,177,0.4,0,970.2,poison,9,0,1195.7596875261515,3457,33b385cd
model-fixed,invert,178,1,1,2400,,44,21,1407.15163461864,8239,a6beb646
model-fixed,invert,179,1,1,2400,,25,25,919.9207201134413,9339,83b4fde8
model-fixed,invert,180,1,1,2400,,11,22,1455.5653866380453,6412,af03ddf9
model-fixed,invert,181,0.3,0,708.95,poison,9,5,1100.8694166317582,2246,6f771fee
model-fixed,invert,182,1,1,2400,,16,13,1398.7264457624406,7524,f7a8d54d
model-fixed,invert,183,1,1,2400,,35,26,1043.0413277819753,6764,a698cbe3
model-fixed,invert,184,1,1,2400,,27,21,1111.4483778364956,9439,7c75186f
model-fixed,invert,185,1,1,2400,,14,19,1221.8576656188816,7789,22478702
model-fixed,invert,186,1,1,2400,,26,22,1428.9914247114211,8199,b091724e
model-fixed,invert,187,1,1,2400,,27,23,1085.6338331010193,8110,b184bd4f
model-fixed,invert,188,0.49,0,1169.25,poison,13,9,1393.417603103444,5032,16fee304
model-fixed,invert,189,0.71,0,1708.85,poison,13,13,1201.2530513573438,6362,47131141
model-fixed,invert,190,1,1,2400,,27,17,1321.2053932249546,7552,510b7692
model-fixed,invert,191,1,1,2400,,37,14,1496.1295024026185,8004,76620e3a
model-fixed,invert,192,0.82,0,1969.4,cold,30,12,930.2925735712051,6727,7efc3f3e
model-fixed,invert,193,1,1,2400,,40,18,1258.9972082991153,7698,771492cb
model-fixed,invert,194,1,1,2400,,34,12,1152.4073097389191,8606,b4cd5ae0
model-fixed,invert,195,1,1,2400,,22,19,999.0998560097069,10401,c0343688
model-fixed,invert,196,0.74,0,1768.05,poison,13,12,1205.9377323836088,6692,450dc1c4
model-fixed,invert,197,0.47,0,1136.95,poison,8,0,1488.0803638603538,4741,d68f3e9b
model-fixed,invert,198,0.36,0,866.3,poison,7,12,1394.535796623677,4089,efdbbb2a
model-fixed,invert,199,0.62,0,1481,poison,17,12,1047.8182077873498,6604,89527c95
model-fixed,invert,200,1,1,2400,,31,20,1357.1969599463046,8744,8ee2c5b0
model-fixed,invert,201,0.84,0,2022.2,poison,23,13,992.1195602975786,7179,235def4d
model-fixed,invert,202,1,1,2400,,16,20,1192.2995714005083,7994,f6df2662
model-fixed,invert,203,1,1,2400,,46,25,1154.5003413688391,11003,dcd12d6c
model-fixed,invert,204,1,1,2400,,29,21,1000.1810078043491,7548,2db6a444
model-fixed,invert,205,1,1,2400,,23,15,994.9222215916961,8193,8fdd00da
model-fixed,invert,206,0.82,0,1956.45,poison,19,12,1122.0955364406109,7892,c1f0b636
model-fixed,invert,207,1,1,2400,,37,26,983.6325459647924,8825,5b922b25
model-fixed,invert,208,0.51,0,1231.95,poison,25,13,901.699693640694,5286,5764461e
model-fixed,invert,209,1,1,2400,,12,19,1252.5396300014108,8364,2fa2aee4
model-fixed,invert,210,0.79,0,1892.4,poison,29,14,1169.0376046579331,6500,6849c976
model-fixed,invert,211,1,1,2400,,33,26,1002.9386837035418,8394,ec20e68e
model-fixed,invert,212,0.71,0,1697.4,poison,16,12,1235.1081307511777,6733,1524cc4c
model-fixed,invert,213,1,1,2400,,38,25,1369.4587578065693,7709,a546a57f
model-fixed,invert,214,0.37,0,899.05,cold,9,0,925.6938612554222,3654,4e1de160
model-fixed,invert,215,1,1,2400,,32,21,1298.5434462781996,15689,c9deac54
model-fixed,invert,216,0.77,0,1847.05,poison,12,14,1345.3038537874818,6883,35390044
model-fixed,invert,217,1,1,2400,,30,17,1205.3591650910676,8487,03d83484
model-fixed,invert,218,1,1,2400,,27,23,1221.6119939927012,8174,0d4ff9b1
model-fixed,invert,219,1,1,2400,,19,20,948.6826007254422,9231,4830b862
model-fixed,invert,220,1,1,2400,,31,21,1211.7021025624126,7986,b9be5cc4
model-fixed,invert,221,0.52,0,1256.9,poison,10,12,1457.7891195192933,4693,2bb9346d
model-fixed,invert,222,1,1,2400,,26,19,1047.5726979319006,17676,21538dde
model-fixed,invert,223,1,1,2400,,29,24,1194.918327452615,8260,9e4fa8e5
model-fixed,invert,224,0.95,0,2272.95,poison,15,17,1005.4493539966643,7553,b1ba2148
model-fixed,invert,225,1,1,2400,,23,28,1376.4573000837117,7530,a5fe1061
model-fixed,invert,226,0.99,0,2371.35,poison,13,16,939.5778216887265,8142,d0a99282
model-fixed,invert,227,1,1,2400,,19,22,1434.9179482553154,7764,2025a7db
model-fixed,invert,228,0.89,0,2128.55,poison,14,12,921.1716557387263,7795,974dfd6a
model-fixed,invert,229,0.77,0,1847.6,poison,15,12,1319.0656683873385,7021,d20770fa
model-fixed,invert,230,0.81,0,1933.1,poison,24,12,960.7735414523631,8511,a92e4d3f
model-fixed,invert,231,0.74,0,1773.5,poison,17,12,970.7320349290967,6404,3e9d8a81
model-fixed,invert,232,1,1,2400,,29,24,1424.1734676528722,8147,1b0c235f
model-fixed,invert,233,0.72,0,1732.55,poison,22,15,1397.2399753052741,6195,061584a9
model-fixed,invert,234,1,1,2400,,21,25,1363.8952993322164,8529,3ce66622
model-fixed,invert,235,1,1,2400,,19,22,1054.7708944883198,9731,f97231ac
model-fixed,invert,236,1,1,2400,,44,13,1104.401738801971,12296,a5feb23c
model-fixed,invert,237,0.59,0,1407.85,poison,13,13,1203.0590652488172,5871,e83c4964
model-fixed,invert,238,0.98,0,2353.25,poison,23,13,1113.8568364083767,10362,8f6a2101
model-fixed,invert,239,1,1,2400,,51,26,1336.7236276622862,10352,693321f7
model-fixed,invert,240,1,1,2400,,19,20,1202.6472402736545,9504,6e72aab4
model-fixed,invert,241,1,1,2400,,26,25,1046.5303159318864,10693,1abc39c8
model-fixed,invert,242,0.6,0,1428.2,poison,20,12,1344.6201412472874,6406,d37003d8
model-fixed,invert,243,1,1,2400,,42,11,937.8141772001982,10868,1eb598bd
model-fixed,invert,244,1,1,2400,,37,23,1135.7657541520894,8842,f472cb86
model-fixed,invert,245,0.6,0,1436.05,cold,13,12,1292.609103396535,5624,5095b3a8
model-fixed,invert,246,1,1,2400,,15,16,1038.6681274976581,9099,37c85bad
model-fixed,invert,247,0.29,0,693.25,poison,6,0,1389.2561377957463,3071,6d2cba1c
model-fixed,invert,248,0.52,0,1250.7,poison,11,12,907.4884203728288,5054,758ad569
model-fixed,invert,249,0.46,0,1108.05,poison,12,3,1409.0957075357437,3929,e3573fa0
model-fixed,invert,250,0.74,0,1768.6,poison,11,15,1225.0616886187345,6428,39edd7f7
model-fixed,invert,251,0.91,0,2192.1,poison,32,7,1297.0446069259197,6983,7aa85019
model-fixed,invert,252,1,1,2400,,37,28,1103.9641621056944,8279,5f94f4e7
model-fixed,invert,253,1,1,2400,,24,22,1119.4196885917336,7064,935c8f58
model-fixed,invert,254,0.62,0,1480.6,poison,10,9,1270.0571752153337,4972,9e92dce7
model-fixed,invert,255,1,1,2400,,29,15,978.7794969510287,7454,3452e700
model-fixed,invert,256,0.61,0,1461.25,poison,11,13,984.344200277701,5506,c2ce23ef
model-fixed,invert,257,0.73,0,1763.3,poison,25,11,1446.5802851133049,6618,8f3cae38
model-fixed,invert,258,1,1,2400,,37,30,919.6648745331913,7466,91c9c9c0
model-fixed,invert,259,0.46,0,1111,poison,16,11,1459.2605631798506,4828,aa62a0e4
model-fixed,invert,260,0.86,0,2068.25,poison,24,12,1361.0214677173644,8247,a002cddc
model-fixed,invert,261,1,1,2400,,17,16,1450.6259872578084,6885,8d84885a
model-fixed,invert,262,1,1,2400,,12,21,1268.2364974636585,8244,1658abca
model-fixed,invert,263,0.73,0,1752.8,poison,16,12,1249.1626046597958,5148,db59956e
model-fixed,invert,264,0.42,0,1006.3,poison,8,9,907.069144025445,3369,eff4a3a6
model-fixed,invert,265,1,1,2400,,36,29,1339.0997590497136,8939,c0d26550
model-fixed,invert,266,1,1,2400,,18,22,945.520893484354,7402,c948598c
model-fixed,invert,267,0.56,0,1339.5,poison,11,13,1004.3327002320439,4471,cb0e2880
model-fixed,invert,268,1,1,2400,,25,21,1445.2794782817364,7738,8af420eb
model-fixed,invert,269,0.3,0,719.2,poison,6,0,1217.0531110838056,2579,4b23e6fb
model-fixed,invert,270,0.61,0,1464.85,poison,14,13,905.9832656756043,6253,ca1b6ade
model-fixed,invert,271,0.86,0,2054.55,poison,23,15,971.0220783948898,7805,6a7254a5
model-fixed,invert,272,1,1,2400,,17,18,1348.1315648183227,8016,59bc968a
model-fixed,invert,273,0.57,0,1368.8,poison,16,12,1355.776495859027,6259,9f4e4753
model-fixed,invert,274,1,1,2400,,19,22,1305.6870179716498,6534,472282fa
model-fixed,invert,275,1,1,2400,,20,8,967.6845006644726,9883,8f1470a6
model-fixed,invert,276,0.83,0,1982.05,poison,17,11,1469.6337923873216,7601,f187cc3a
model-fixed,invert,277,1,1,2400,,38,23,1118.4982267208397,8163,ba69437a
model-fixed,invert,278,1,1,2400,,50,24,1354.2102840263397,7923,c2d6442c
model-fixed,invert,279,1,1,2400,,26,22,905.5938298813999,8328,813389f5
model-fixed,invert,280,0.75,0,1791.35,cold,10,12,1254.6807469334453,7410,ba07b3c0
model-fixed,invert,281,1,1,2400,,36,17,945.7816836889833,9370,2ae2e439
model-fixed,invert,282,0.71,0,1694.75,poison,11,12,1388.6873227078468,7573,3b98b48b
model-fixed,invert,283,1,1,2400,,27,20,1067.9485361091793,8198,c04d7ff3
model-fixed,invert,284,0.65,0,1568.45,poison,14,12,1366.2202809937298,5892,7e6fdadd
model-fixed,invert,285,0.09,0,225.25,thirst,4,6,1176.8785789143294,700,16b833a3
model-fixed,invert,286,0.75,0,1809.2,poison,11,13,1320.0503782834858,7068,c86b8419
model-fixed,invert,287,0.45,0,1071.9,cold,12,6,1252.034403802827,4274,263c0938
model-fixed,invert,288,0.69,0,1653.55,poison,12,12,1222.7287317160517,6555,7cc303c0
model-fixed,invert,289,1,1,2400,,29,12,1262.9864285700023,9132,9873e618
model-fixed,invert,290,0.57,0,1358.6,poison,13,11,1291.4361126255244,3953,dc69d4aa
model-fixed,invert,291,0.89,0,2144,poison,28,12,1298.5788947436959,8646,d0c8ff6d
model-fixed,invert,292,1,1,2400,,18,20,1057.1428986266255,7900,f9ca6c06
model-fixed,invert,293,0.36,0,858.35,poison,7,0,1005.9947689063847,3923,c5a0a3bf
model-fixed,invert,294,1,1,2400,,10,22,1091.9827145989984,8113,d018523b
model-fixed,invert,295,1,1,2400,,35,27,1078.8521320559084,9338,a9cc7ef9
model-fixed,invert,296,0.71,0,1701.65,poison,24,19,1305.3439878858626,8099,9fd54173
model-fixed,invert,297,0.55,0,1327.45,poison,14,13,1274.4486073963344,4584,b12d989c
model-fixed,invert,298,1,1,2400,,33,27,941.0594351124018,8217,eb9da3c5
model-fixed,invert,299,1,1,2400,,35,12,1427.4996501859277,6463,1d52c4a9
model-fixed,novel,0,1,1,2400,,12,21,1355.2491386421025,9558,06c30ee7
model-fixed,novel,1,1,1,2400,,15,17,1453.974782070145,9254,ad171ba5
model-fixed,novel,2,1,1,2400,,13,18,1008.7649860884994,10190,63e6ec4e
model-fixed,novel,3,0.92,0,2204,poison,28,18,1052.154010394588,9043,a94e66c3
model-fixed,novel,4,1,1,2400,,13,18,1012.4247627798468,9834,7357111e
model-fixed,novel,5,1,1,2400,,13,20,1021.8986702151597,10327,9cc432ab
model-fixed,novel,6,1,1,2400,,44,12,924.9981891363859,10339,a8a72156
model-fixed,novel,7,1,1,2400,,13,19,1280.811721784994,9011,98af9cdd
model-fixed,novel,8,1,1,2400,,29,25,1227.5550863239914,10504,1909f00d
model-fixed,novel,9,1,1,2400,,19,22,954.4359873980284,9543,bf0f0cce
model-fixed,novel,10,1,1,2400,,15,20,1481.036379514262,9465,459c3c4b
model-fixed,novel,11,1,1,2400,,13,20,1419.2990833427757,9446,687c1996
model-fixed,novel,12,1,1,2400,,15,17,1156.1995566822588,9793,94245071
model-fixed,novel,13,1,1,2400,,17,20,975.9893313981593,11835,64d1a932
model-fixed,novel,14,1,1,2400,,19,16,1056.7464123945683,9988,75b91b9e
model-fixed,novel,15,0.76,0,1812.85,poison,27,8,1087.165479362011,7192,11dcb8a8
model-fixed,novel,16,1,1,2400,,36,21,1184.9144582636654,8425,85b1ad03
model-fixed,novel,17,1,1,2400,,35,13,948.6968228593469,9858,898164ea
model-fixed,novel,18,1,1,2400,,20,21,1230.41522372514,9457,97470e1f
model-fixed,novel,19,0.39,0,934.7,poison,13,8,1493.4291507583112,4310,bc179201
model-fixed,novel,20,0.82,0,1970.4,cold,22,12,1195.6276488024741,9481,2770206f
model-fixed,novel,21,1,1,2400,,15,22,1099.0994222927839,10532,59c4b68b
model-fixed,novel,22,1,1,2400,,13,19,1396.9266504049301,11194,63a72f0b
model-fixed,novel,23,0.64,0,1527.65,poison,22,11,1006.6232697106898,6576,c729eb7f
model-fixed,novel,24,1,1,2400,,24,13,914.0643363352865,12481,93c89922
model-fixed,novel,25,1,1,2400,,15,21,909.055660944432,12031,4217c1dc
model-fixed,novel,26,1,1,2400,,14,18,1418.5124515090138,9660,9227fb4b
model-fixed,novel,27,0.83,0,1981.3,poison,14,14,1038.7996306177229,9232,4086cc02
model-fixed,novel,28,1,1,2400,,37,23,1491.567375836894,9799,c760409a
model-fixed,novel,29,1,1,2400,,36,29,1168.8283814582974,9738,bdee0db3
model-fixed,novel,30,1,1,2400,,32,25,1246.451383922249,11292,194bd209
model-fixed,novel,31,1,1,2400,,17,17,1109.8990456201136,9090,843dae4f
model-fixed,novel,32,1,1,2400,,22,19,1451.950038364157,11177,9015600d
model-fixed,novel,33,1,1,2400,,16,19,933.9349877089262,11058,7bb6e68d
model-fixed,novel,34,1,1,2400,,41,25,1440.3934170026332,9899,35c34d29
model-fixed,novel,35,1,1,2400,,19,18,1076.2001846451312,9687,a8b5251c
model-fixed,novel,36,0.29,0,706.55,cold,10,3,1431.0532630886883,2968,51854b20
model-fixed,novel,37,1,1,2400,,31,22,1275.561968749389,13367,40f83e6a
model-fixed,novel,38,1,1,2400,,18,24,1415.9737795125693,10535,766bbe15
model-fixed,novel,39,0.67,0,1598.65,poison,13,8,1050.0572400167584,8070,4e40e19b
model-fixed,novel,40,1,1,2400,,20,20,1220.4956889152527,11413,8e8ce22f
model-fixed,novel,41,1,1,2400,,39,29,1232.8261929564178,10608,8c64e9d8
model-fixed,novel,42,1,1,2400,,15,20,1441.9177936390042,13373,1d9ddc4c
model-fixed,novel,43,1,1,2400,,28,19,979.1187167633325,11742,b8a4a976
model-fixed,novel,44,0.59,0,1426.1,cold,21,10,1135.521693667397,6294,f75b994c
model-fixed,novel,45,0.89,0,2132.3,cold,53,12,1280.4792047012597,10855,9f73d740
model-fixed,novel,46,1,1,2400,,36,10,1308.1812533084303,11645,5ca160b8
model-fixed,novel,47,1,1,2400,,19,23,1359.4722845591605,10408,843d32fc
model-fixed,novel,48,1,1,2400,,13,17,1289.9143806193024,9199,c64b5eb8
model-fixed,novel,49,1,1,2400,,13,20,1370.1839546207339,11965,111708af
model-fixed,novel,50,1,1,2400,,17,19,1223.048041574657,10988,f0d03bb2
model-fixed,novel,51,1,1,2400,,38,25,1190.0646095629781,12350,d34f8fe8
model-fixed,novel,52,1,1,2400,,16,22,1030.5976996198297,10277,07d2ce1c
model-fixed,novel,53,1,1,2400,,16,18,910.6717661954463,11772,15075053
model-fixed,novel,54,1,1,2400,,13,19,925.2298789098859,12348,40ab96ac
model-fixed,novel,55,1,1,2400,,31,25,1315.2466686442494,10217,964dcfe7
model-fixed,novel,56,0.26,0,614.6,poison,8,5,1267.03458186239,3186,8e45a5c5
model-fixed,novel,57,1,1,2400,,17,9,1362.3291590251029,11310,a22ec517
model-fixed,novel,58,0.1,0,238.1,thirst,4,4,1401.4836218208075,774,468d16b2
model-fixed,novel,59,1,1,2400,,15,16,1336.2382390536368,11127,cb01cd70
model-fixed,novel,60,1,1,2400,,16,19,1153.169801691547,10039,df5cc34b
model-fixed,novel,61,1,1,2400,,18,13,960.9996335115284,9761,d7202f40
model-fixed,novel,62,0.42,0,1012.35,poison,6,0,1222.427462786436,4409,8afc4dc9
model-fixed,novel,63,1,1,2400,,14,15,1232.517156098038,10015,f82f47d7
model-fixed,novel,64,0.6,0,1438.85,cold,25,12,1276.6067342832685,6171,f608350b
model-fixed,novel,65,1,1,2400,,40,23,963.0870806984603,10071,621cc001
model-fixed,novel,66,0.45,0,1069.9,poison,12,4,986.5628327708691,4609,3f642c1b
model-fixed,novel,67,1,1,2400,,39,14,909.949193475768,9933,9d813ff7
model-fixed,novel,68,1,1,2400,,28,24,1281.0644138138741,8074,b5903e18
model-fixed,novel,69,1,1,2400,,24,18,1171.9917150679976,9710,588bade3
model-fixed,novel,70,0.57,0,1379.15,poison,26,12,1277.3612827062607,4782,054351a0
model-fixed,novel,71,0.96,0,2301.8,poison,22,14,1034.9216405767947,9663,8bb53710
model-fixed,novel,72,1,1,2400,,14,20,1070.4212616663426,8067,c1de53a5
model-fixed,novel,73,1,1,2400,,17,18,1104.2127545457333,8153,42cc43ca
model-fixed,novel,74,1,1,2400,,18,23,1485.3858197573572,8796,2d257488
model-fixed,novel,75,1,1,2400,,17,19,1370.1367920264602,8018,647aaa26
model-fixed,novel,76,0.93,0,2222.55,poison,21,4,1216.054368764162,8499,bad912d2
model-fixed,novel,77,1,1,2400,,13,20,1125.5095273721963,7584,71c24ba5
model-fixed,novel,78,1,1,2400,,20,22,1204.263577144593,10022,e31e03cf
model-fixed,novel,79,0.7,0,1676,poison,47,9,1330.0101856235415,6131,d8f7f080
model-fixed,novel,80,1,1,2400,,36,21,1183.6501486133784,8973,b130c94c
model-fixed,novel,81,1,1,2400,,30,19,1463.9479940291494,8620,e43a9f88
model-fixed,novel,82,1,1,2400,,29,21,1381.2492803670466,7110,d818f2b3
model-fixed,novel,83,1,1,2400,,15,23,1366.8350195512176,8279,d28980c0
model-fixed,novel,84,0.69,0,1660.3,poison,24,10,1199.6968852356076,6067,40f0760e
model-fixed,novel,85,1,1,2400,,15,18,1383.1437966786325,8175,bab81128
model-fixed,novel,86,0.94,0,2249.95,poison,20,10,967.5357674248517,8925,a103b212
model-fixed,novel,87,1,1,2400,,20,26,1156.808812217787,8204,e54da815
model-fixed,novel,88,1,1,2400,,26,15,1173.720809770748,8237,ee0c147d
model-fixed,novel,89,1,1,2400,,15,19,1259.988802531734,7808,52d8b80b
model-fixed,novel,90,1,1,2400,,15,17,1155.3427994716913,8334,56693ea3
model-fixed,novel,91,0.41,0,991.35,poison,9,12,1420.2966009266675,3080,2e41af0e
model-fixed,novel,92,1,1,2400,,23,25,927.627966273576,9026,d37639e6
model-fixed,novel,93,1,1,2400,,13,19,1101.074359472841,8413,74a1bdbe
model-fixed,novel,94,1,1,2400,,15,20,1300.118240620941,8829,bf091c48
model-fixed,novel,95,1,1,2400,,14,15,1018.5872426256537,9277,2ee853eb
model-fixed,novel,96,0.8,0,1918.1,poison,14,12,992.0312591828406,6925,83baf96d
model-fixed,novel,97,0.38,0,916.95,cold,16,12,1231.5269999206066,4202,62ab117a
model-fixed,novel,98,1,1,2400,,30,22,924.7223654296249,10025,a1b8f5f4
model-fixed,novel,99,1,1,2400,,14,12,967.8169305436313,8920,ee269c2c
model-fixed,novel,100,0.85,0,2038,poison,16,8,1377.256285166368,7067,64398f22
model-fixed,novel,101,1,1,2400,,15,17,974.794791592285,9171,0418a7d4
model-fixed,novel,102,1,1,2400,,14,19,1344.8649160098284,10212,fab8fcd3
model-fixed,novel,103,1,1,2400,,24,19,1469.4877217989415,18405,4199ae4d
model-fixed,novel,104,0.74,0,1776.95,cold,26,7,1105.1880461163819,7341,2ef44206
model-fixed,novel,105,0.28,0,674.5,poison,6,0,1135.4575088247657,2437,fba0ad73
model-fixed,novel,106,0.53,0,1262.7,cold,18,15,1370.607446366921,4287,93be685d
model-fixed,novel,107,1,1,2400,,14,15,1414.4714328926057,9545,1922196e
model-fixed,novel,108,1,1,2400,,58,25,1121.8604417983443,10624,1f11bc11
model-fixed,novel,109,0.57,0,1358.1,poison,12,10,1178.230143757537,5397,4a42c74d
model-fixed,novel,110,1,1,2400,,14,19,1115.6502345576882,10742,a9c3a7c7
model-fixed,novel,111,1,1,2400,,12,19,960.8158277347684,12268,bd617a8f
model-fixed,novel,112,1,1,2400,,22,21,1085.309890564531,13531,d48f8e60
model-fixed,novel,113,1,1,2400,,15,17,1113.8190667144954,10240,7aa241b1
model-fixed,novel,114,0.81,0,1955.75,hunger,23,5,1361.66654471308,8666,b5e93b24
model-fixed,novel,115,1,1,2400,,15,14,1455.5010417010635,10004,1b000339
model-fixed,novel,116,1,1,2400,,15,20,1018.9518865663558,11035,8e13a1c6
model-fixed,novel,117,0.8,0,1914.45,poison,28,6,916.4415249601007,11808,398ac205
model-fixed,novel,118,1,1,2400,,13,19,1006.9175567943603,11874,0855e0a2
model-fixed,novel,119,1,1,2400,,14,17,1341.1057353951037,9928,a761f697
model-fixed,novel,120,1,1,2400,,18,21,994.2024345975369,13177,3149be67
model-fixed,novel,121,1,1,2400,,25,18,1173.2023521792144,10484,64296bc1
model-fixed,novel,122,1,1,2400,,14,19,1159.5645303837955,11858,8d698031
model-fixed,novel,123,0.28,0,665.05,poison,8,0,1361.5515862125903,3959,5848da34
model-fixed,novel,124,0.48,0,1145.9,poison,10,0,1353.230178449303,4970,e771728c
model-fixed,novel,125,0.59,0,1412.45,poison,16,12,1167.0434507075697,6790,0782ccf0
model-fixed,novel,126,0.74,0,1765.05,poison,27,8,1107.4519793037325,7696,73c571e7
model-fixed,novel,127,1,1,2400,,13,17,905.0416419748217,11281,117d3f5a
model-fixed,novel,128,1,1,2400,,29,21,1466.7996475473046,10820,eee2536b
model-fixed,novel,129,0.3,0,714.4,poison,8,0,1144.7639701422304,3064,918712a6
model-fixed,novel,130,0.41,0,993.25,poison,9,6,1465.0964791886508,3557,c2cb3f23
model-fixed,novel,131,1,1,2400,,18,23,1281.5392343793064,10233,8c354863
model-fixed,novel,132,1,1,2400,,30,18,1101.1725116986781,12846,55907240
model-fixed,novel,133,1,1,2400,,126,34,1475.874112173915,13034,8ade1039
model-fixed,novel,134,1,1,2400,,14,20,1290.601725736633,10306,fc1e18af
model-fixed,novel,135,1,1,2400,,13,23,1077.2608320694417,9523,157c9ea5
model-fixed,novel,136,1,1,2400,,15,19,951.4538374263793,9785,b0c2ea30
model-fixed,novel,137,1,1,2400,,23,15,1320.6740022171289,11277,8705b346
model-fixed,novel,138,1,1,2400,,33,21,1447.0843572635204,9850,273ede75
model-fixed,novel,139,1,1,2400,,20,19,984.9529625382274,10675,4b95f488
model-fixed,novel,140,1,1,2400,,32,27,1077.8336768969893,9933,5374db44
model-fixed,novel,141,1,1,2400,,16,15,1340.8855895977467,10139,c5eab49b
model-fixed,novel,142,1,1,2400,,22,21,1118.7472659163177,9209,abe5261f
model-fixed,novel,143,1,1,2400,,15,20,1486.79534685798,10747,a1a815c0
model-fixed,novel,144,1,1,2400,,14,19,1136.9918907992542,9376,9d17bff5
model-fixed,novel,145,1,1,2400,,32,19,1264.3856103066355,9874,ecac91a3
model-fixed,novel,146,1,1,2400,,19,20,929.2768886312842,10032,698a300a
model-fixed,novel,147,1,1,2400,,14,19,1286.7421955801547,15551,6a0449c4
model-fixed,novel,148,1,1,2400,,20,12,1130.9817840345204,10389,c9cbdea2
model-fixed,novel,149,0.97,0,2332.55,cold,38,17,1090.8703928813338,12001,6e0014f7
model-fixed,novel,150,1,1,2400,,16,18,1388.3687366265804,9736,0e988550
model-fixed,novel,151,1,1,2400,,16,19,1241.7869745288044,12110,7d032942
model-fixed,novel,152,1,1,2400,,20,21,996.4221268426627,11346,b73d266f
model-fixed,novel,153,1,1,2400,,15,19,1465.5266754794866,9734,1dad9756
model-fixed,novel,154,1,1,2400,,14,18,1360.0727495737374,10436,3369f217
model-fixed,novel,155,1,1,2400,,48,22,1293.6976034659892,9532,a8869e15
model-fixed,novel,156,0.82,0,1962.85,poison,26,12,1090.0327538140118,10395,dbdd5bc6
model-fixed,novel,157,1,1,2400,,13,21,1184.5583468209952,12110,398f13af
model-fixed,novel,158,1,1,2400,,16,19,1361.2498610280454,9664,1a1ef9c8
model-fixed,novel,159,0.63,0,1507,poison,14,12,1087.0310737285763,6363,0f997613
model-fixed,novel,160,1,1,2400,,27,18,1134.409105265513,12044,c39c99df
model-fixed,novel,161,1,1,2400,,19,19,1211.019501183182,10966,d7d727ee
model-fixed,novel,162,0.85,0,2031.05,poison,18,13,1354.779640166089,7615,4eec90af
model-fixed,novel,163,1,1,2400,,29,25,1193.7779202125967,9010,7d809ca0
model-fixed,novel,164,1,1,2400,,38,27,1397.6827750448138,12050,48b2fcc2
model-fixed,novel,165,1,1,2400,,22,17,1259.7743312828243,10120,2b7b814a
model-fixed,novel,166,0.66,0,1580.65,poison,19,9,1234.640494454652,7342,00694fed
model-fixed,novel,167,1,1,2400,,15,20,1190.675621246919,11942,385d7165
model-fixed,novel,168,1,1,2400,,25,23,1314.1329189296812,10190,b5b1e068
model-fixed,novel,169,0.71,0,1707.95,poison,19,6,1195.129220187664,7479,ae85d2dc
model-fixed,novel,170,1,1,2400,,21,16,1303.8867191411555,9426,d005e8f6
model-fixed,novel,171,1,1,2400,,16,22,1105.4251719731838,11059,1afbf8dc
model-fixed,novel,172,1,1,2400,,30,22,1323.0916259810328,9699,fcc984a8
model-fixed,novel,173,1,1,2400,,16,15,1485.8402882236987,9397,8f1dd4ac
model-fixed,novel,174,0.54,0,1286.4,poison,21,9,947.138951998204,4703,ac509979
model-fixed,novel,175,0.43,0,1040.5,poison,13,9,1297.4928145296872,3982,88f86413
model-fixed,novel,176,1,1,2400,,18,20,1049.629135709256,10866,6a07f19c
model-fixed,novel,177,0.4,0,970.2,poison,9,0,1195.7596875261515,3392,33b385cd
model-fixed,novel,178,1,1,2400,,46,21,1407.15163461864,9681,8c91ec3f
model-fixed,novel,179,0.52,0,1256.8,cold,16,12,919.9207201134413,5404,c390ef03
model-fixed,novel,180,1,1,2400,,16,23,1455.5653866380453,7970,d1431b2d
model-fixed,novel,181,0.3,0,708.95,poison,9,5,1100.8694166317582,2424,6f771fee
model-fixed,novel,182,1,1,2400,,17,13,1398.7264457624406,9010,4247aee4
model-fixed,novel,183,1,1,2400,,46,19,1043.0413277819753,8885,c623fdcd
model-fixed,novel,184,1,1,2400,,36,23,1111.4483778364956,10752,f59d55d7
model-fixed,novel,185,1,1,2400,,29,22,1221.8576656188816,9565,34137276
model-fixed,novel,186,1,1,2400,,23,22,1428.9914247114211,10158,dfd6d7b3
model-fixed,novel,187,1,1,2400,,29,23,1085.6338331010193,9958,f171544a
model-fixed,novel,188,0.49,0,1169.25,poison,13,9,1393.417603103444,4855,16fee304
model-fixed,novel,189,1,1,2400,,16,20,1201.2530513573438,10394,1d1e5cab
model-fixed,novel,190,1,1,2400,,18,22,1321.2053932249546,8697,99aff6f9
model-fixed,novel,191,1,1,2400,,37,12,1496.1295024026185,8998,727e199e
model-fixed,novel,192,1,1,2400,,13,19,930.2925735712051,9722,10dca007
model-fixed,novel,193,1,1,2400,,50,17,1258.9972082991153,9592,27c85067
model-fixed,novel,194,1,1,2400,,14,20,1152.4073097389191,9693,ade9784f
model-fixed,novel,195,1,1,2400,,13,20,999.0998560097069,11338,5d69ab01
model-fixed,novel,196,1,1,2400,,16,20,1205.9377323836088,9446,85188e28
model-fixed,novel,197,0.47,0,1136.95,poison,8,0,1488.0803638603538,4659,d68f3e9b
model-fixed,novel,198,0.36,0,866.3,poison,7,12,1394.535796623677,4574,efdbbb2a
model-fixed,novel,199,1,1,2400,,14,20,1047.8182077873498,11685,f2348ee7
model-fixed,novel,200,1,1,2400,,35,20,1357.1969599463046,10146,7e2a0dd1
model-fixed,novel,201,1,1,2400,,20,21,992.1195602975786,9526,4d2d8cca
model-fixed,novel,202,1,1,2400,,18,20,1192.2995714005083,9040,b0936c56
model-fixed,novel,203,1,1,2400,,50,27,1154.5003413688391,12100,d2fcc12d
model-fixed,novel,204,1,1,2400,,34,19,1000.1810078043491,10882,da783752
model-fixed,novel,205,1,1,2400,,13,18,994.9222215916961,10653,e208bcd1
model-fixed,novel,206,1,1,2400,,16,19,1122.0955364406109,10402,31bb40a4
model-fixed,novel,207,1,1,2400,,21,24,983.6325459647924,11499,97c4b5d9
model-fixed,novel,208,0.51,0,1213.65,poison,22,13,901.699693640694,5755,d7d663c1
model-fixed,novel,209,1,1,2400,,15,17,1252.5396300014108,10195,fc7ddc7e
model-fixed,novel,210,1,1,2400,,17,22,1169.0376046579331,9374,cbb5b2dc
model-fixed,novel,211,1,1,2400,,40,17,1002.9386837035418,11357,f3572b31
model-fixed,novel,212,1,1,2400,,17,19,1235.1081307511777,10716,2c4df138
model-fixed,novel,213,1,1,2400,,34,22,1369.4587578065693,9277,6803a9af
model-fixed,novel,214,0.37,0,899.05,cold,9,0,925.6938612554222,3720,4e1de160
model-fixed,novel,215,1,1,2400,,34,20,1298.5434462781996,17482,a951d7ed
model-fixed,novel,216,1,1,2400,,13,19,1345.3038537874818,9952,dd3b5943
model-fixed,novel,217,1,1,2400,,26,14,1205.3591650910676,10481,d4abba0b
model-fixed,novel,218,1,1,2400,,29,22,1221.6119939927012,10080,a3d966a0
model-fixed,novel,219,1,1,2400,,18,20,948.6826007254422,11319,bd0555cf
model-fixed,novel,220,1,1,2400,,32,20,1211.7021025624126,9532,c8eca589
model-fixed,novel,221,0.52,0,1256.9,poison,10,12,1457.7891195192933,4927,2bb9346d
model-fixed,novel,222,1,1,2400,,14,17,1047.5726979319006,17404,6142a991
model-fixed,novel,223,1,1,2400,,28,24,1194.918327452615,9894,d47916ea
model-fixed,novel,224,1,1,2400,,18,22,1005.4493539966643,10579,c8ae688e
model-fixed,novel,225,1,1,2400,,23,25,1376.4573000837117,9400,faa33a63
model-fixed,novel,226,1,1,2400,,15,21,939.5778216887265,10681,3e684cfd
model-fixed,novel,227,1,1,2400,,22,20,1434.9179482553154,10226,42a82f24
model-fixed,novel,228,1,1,2400,,16,20,921.1716557387263,10382,59a01f8c
model-fixed,novel,229,1,1,2400,,16,21,1319.0656683873385,10617,7009e231
model-fixed,novel,230,1,1,2400,,18,19,960.7735414523631,11361,96200e3d
model-fixed,novel,231,1,1,2400,,19,20,970.7320349290967,10474,e0404f9f
model-fixed,novel,232,1,1,2400,,30,24,1424.1734676528722,10203,78ce6ba4
model-fixed,novel,233,0.74,0,1786.2,cold,20,15,1397.2399753052741,7124,81b6def2
model-fixed,novel,234,1,1,2400,,17,20,1363.8952993322164,10074,8da886b3
model-fixed,novel,235,1,1,2400,,47,21,1054.7708944883198,11570,572adf39
model-fixed,novel,236,1,1,2400,,15,20,1104.401738801971,13646,9d2b9725
model-fixed,novel,237,1,1,2400,,11,19,1203.0590652488172,10458,8fcb077e
model-fixed,novel,238,0.82,0,1978.8,cold,23,11,1113.8568364083767,10487,133fce8d
model-fixed,novel,239,1,1,2400,,28,22,1336.7236276622862,11900,94199579
model-fixed,novel,240,1,1,2400,,23,20,1202.6472402736545,12613,89d98e65
model-fixed,novel,241,0.97,0,2328.55,cold,39,23,1046.5303159318864,12665,96f22c38
model-fixed,novel,242,1,1,2400,,39,12,1344.6201412472874,11596,ffa49f9c
model-fixed,novel,243,1,1,2400,,16,17,937.8141772001982,12451,3331c698
model-fixed,novel,244,1,1,2400,,20,19,1135.7657541520894,11038,802de450
model-fixed,novel,245,1,1,2400,,31,19,1292.609103396535,12191,300f4e1f
model-fixed,novel,246,1,1,2400,,15,20,1038.6681274976581,10414,4672b96f
model-fixed,novel,247,0.29,0,693.25,poison,6,0,1389.2561377957463,3083,6d2cba1c
model-fixed,novel,248,1,1,2400,,11,20,907.4884203728288,10472,d955cfae
model-fixed,novel,249,0.46,0,1108.05,poison,12,3,1409.0957075357437,4086,e3573fa0
model-fixed,novel,250,1,1,2400,,14,22,1225.0616886187345,10376,beb7fb0e
model-fixed,novel,251,0.61,0,1458.8,poison,19,7,1297.0446069259197,4793,593e16f2
model-fixed,novel,252,1,1,2400,,30,19,1103.9641621056944,10142,4fb845b8
model-fixed,novel,253,1,1,2400,,23,22,1119.4196885917336,8126,770c0142
model-fixed,novel,254,1,1,2400,,15,16,1270.0571752153337,9366,11e9b93a
model-fixed,novel,255,1,1,2400,,20,19,978.7794969510287,10274,66c339f4
model-fixed,novel,256,1,1,2400,,14,23,984.344200277701,10858,a47da762
model-fixed,novel,257,1,1,2400,,38,19,1446.5802851133049,10326,c23e0627
model-fixed,novel,258,1,1,2400,,23,23,919.6648745331913,9907,02ed72eb
model-fixed,novel,259,0.46,0,1111,poison,16,11,1459.2605631798506,4797,aa62a0e4
model-fixed,novel,260,0.73,0,1740.7,poison,16,12,1361.0214677173644,7620,45ae1b95
model-fixed,novel,261,1,1,2400,,16,17,1450.6259872578084,8823,245b822a
model-fixed,novel,262,1,1,2400,,16,21,1268.2364974636585,10570,882284fb
model-fixed,novel,263,1,1,2400,,16,19,1249.1626046597958,8155,a12569d3
model-fixed,novel,264,0.8,0,1930.9,poison,15,14,907.069144025445,6629,11609913
model-fixed,novel,265,1,1,2400,,43,30,1339.0997590497136,10486,b8b42f5b
model-fixed,novel,266,1,1,2400,,17,22,945.520893484354,9571,d15e1b59
model-fixed,novel,267,1,1,2400,,16,22,1004.3327002320439,10027,f53b5e2a
model-fixed,novel,268,1,1,2400,,33,20,1445.2794782817364,9735,5293cc1f
model-fixed,novel,269,0.3,0,719.2,poison,6,0,1217.0531110838056,2617,4b23e6fb
model-fixed,novel,270,1,1,2400,,15,20,905.9832656756043,10249,b7e6b2e2
model-fixed,novel,271,1,1,2400,,18,19,971.0220783948898,10491,0ed83c40
model-fixed,novel,272,1,1,2400,,18,16,1348.1315648183227,9595,dd84a98a
model-fixed,novel,273,0.66,0,1590.2,poison,22,14,1355.776495859027,7781,3c28512c
model-fixed,novel,274,0.8,0,1923.15,poison,20,13,1305.6870179716498,7311,30b5ba41
model-fixed,novel,275,0.42,0,1008.15,poison,10,1,967.6845006644726,5275,6a8411a5
model-fixed,novel,276,1,1,2400,,23,17,1469.6337923873216,10315,a59944b3
model-fixed,novel,277,1,1,2400,,34,28,1118.4982267208397,9895,4878de05
model-fixed,novel,278,1,1,2400,,19,25,1354.2102840263397,9509,af391aea
model-fixed,novel,279,1,1,2400,,34,26,905.5938298813999,11218,8b0f96c8
model-fixed,novel,280,1,1,2400,,12,20,1254.6807469334453,11020,951e3626
model-fixed,novel,281,1,1,2400,,33,9,945.7816836889833,12401,6652613b
model-fixed,novel,282,1,1,2400,,14,22,1388.6873227078468,12337,4ff8a233
model-fixed,novel,283,1,1,2400,,34,21,1067.9485361091793,9512,790abebd
model-fixed,novel,284,1,1,2400,,15,18,1366.2202809937298,11314,a64ae565
model-fixed,novel,285,0.09,0,225.25,thirst,4,6,1176.8785789143294,719,16b833a3
model-fixed,novel,286,1,1,2400,,14,20,1320.0503782834858,10321,fb6aa13c
model-fixed,novel,287,0.45,0,1071.9,cold,12,6,1252.034403802827,4665,263c0938
model-fixed,novel,288,1,1,2400,,13,22,1222.7287317160517,11450,fc126415
model-fixed,novel,289,1,1,2400,,12,23,1262.9864285700023,10261,a8f0c498
model-fixed,novel,290,1,1,2400,,18,22,1291.4361126255244,8819,307ecdfd
model-fixed,novel,291,1,1,2400,,14,19,1298.5788947436959,11746,59091c4f
model-fixed,novel,292,1,1,2400,,20,21,1057.1428986266255,10528,07fb2173
model-fixed,novel,293,0.36,0,858.35,poison,7,0,1005.9947689063847,3889,c5a0a3bf
model-fixed,novel,294,1,1,2400,,13,16,1091.9827145989984,9543,009695be
model-fixed,novel,295,1,1,2400,,38,27,1078.8521320559084,11635,ec3dbbb6
model-fixed,novel,296,1,1,2400,,25,23,1305.3439878858626,10902,2b4eb864
model-fixed,novel,297,1,1,2400,,16,19,1274.4486073963344,8820,1927cba9
model-fixed,novel,298,1,1,2400,,19,21,941.0594351124018,8565,7bcbe1ae
model-fixed,novel,299,1,1,2400,,35,12,1427.4996501859277,6940,82c2e8bd
model-fixed,stable,0,1,1,2400,,15,25,,7781,f7fc6c36
model-fixed,stable,1,1,1,2400,,12,9,,7786,cff2e1fc
model-fixed,stable,2,1,1,2400,,13,18,,8227,ec2b4db8
model-fixed,stable,3,0.94,0,2261.7,poison,31,9,,7341,1c4a9520
model-fixed,stable,4,1,1,2400,,12,20,,7809,3743b640
model-fixed,stable,5,1,1,2400,,10,20,,8197,03576ae5
model-fixed,stable,6,1,1,2400,,24,20,,7823,2204fd9b
model-fixed,stable,7,1,1,2400,,10,20,,7281,26e576c2
model-fixed,stable,8,1,1,2400,,19,21,,7345,ac71d5e4
model-fixed,stable,9,1,1,2400,,18,23,,7930,c98d45f1
model-fixed,stable,10,1,1,2400,,15,19,,8173,6d6d0a09
model-fixed,stable,11,1,1,2400,,13,20,,8020,08deed61
model-fixed,stable,12,1,1,2400,,13,20,,7694,d7fdac75
model-fixed,stable,13,1,1,2400,,13,20,,9249,3fab5728
model-fixed,stable,14,0.74,0,1785.55,cold,25,6,,5620,155894af
model-fixed,stable,15,1,1,2400,,33,25,,7236,28ed357e
model-fixed,stable,16,1,1,2400,,25,22,,6926,b5f04fc7
model-fixed,stable,17,1,1,2400,,31,19,,6819,9c4dc594
model-fixed,stable,18,1,1,2400,,18,26,,7687,b5416cb6
model-fixed,stable,19,0.39,0,934.7,poison,13,8,,4491,bc179201
model-fixed,stable,20,0.68,0,1624.9,poison,17,14,,7305,d1a00222
model-fixed,stable,21,1,1,2400,,13,21,,8318,5708e39b
model-fixed,stable,22,1,1,2400,,13,20,,9197,c9c21096
model-fixed,stable,23,1,1,2400,,26,20,,8562,4ce22ebc
model-fixed,stable,24,1,1,2400,,16,18,,9758,9574a90a
model-fixed,stable,25,1,1,2400,,11,20,,9391,d7a8bbfb
model-fixed,stable,26,1,1,2400,,11,17,,8322,267f38b2
model-fixed,stable,27,1,1,2400,,10,24,,9105,99cb460b
model-fixed,stable,28,1,1,2400,,24,27,,8752,259c50f0
model-fixed,stable,29,1,1,2400,,31,27,,8053,73ff2025
model-fixed,stable,30,1,1,2400,,30,22,,9373,55713b78
model-fixed,stable,31,1,1,2400,,16,14,,8025,074d8f17
model-fixed,stable,32,1,1,2400,,20,19,,8984,14eb6fde
model-fixed,stable,33,1,1,2400,,11,18,,8439,89ee2669
model-fixed,stable,34,1,1,2400,,41,24,,8419,c5bc0603
model-fixed,stable,35,1,1,2400,,25,23,,8161,2c39ed9f
model-fixed,stable,36,0.29,0,706.55,cold,10,3,,3039,51854b20
model-fixed,stable,37,1,1,2400,,24,22,,10592,8eea8acc
model-fixed,stable,38,1,1,2400,,17,23,,9101,e83bb034
model-fixed,stable,39,0.52,0,1255.15,cold,12,8,,5832,97a0b926
model-fixed,stable,40,1,0,2398.65,poison,16,22,,9196,22bd80ab
model-fixed,stable,41,1,1,2400,,36,31,,8419,c40e5dd9
model-fixed,stable,42,1,1,2400,,11,19,,11263,e5a24be4
model-fixed,stable,43,1,1,2400,,18,20,,9282,b20d98f8
model-fixed,stable,44,1,1,2400,,33,11,,9763,4cc34834
model-fixed,stable,45,1,1,2400,,22,23,,9989,7c0f671b
model-fixed,stable,46,0.63,0,1507.75,poison,15,10,,6565,642f73d0
model-fixed,stable,47,1,1,2400,,15,21,,9299,827f8056
model-fixed,stable,48,1,1,2400,,12,16,,7531,5b28e51d
model-fixed,stable,49,1,1,2400,,21,19,,9894,0a1d92de
model-fixed,stable,50,1,1,2400,,13,18,,8495,3eeda242
model-fixed,stable,51,1,1,2400,,33,25,,9379,14f99d2e
model-fixed,stable,52,1,1,2400,,11,20,,7984,be149afb
model-fixed,stable,53,1,1,2400,,13,17,,9162,450b0266
model-fixed,stable,54,1,1,2400,,12,18,,9848,c297b444
model-fixed,stable,55,1,1,2400,,26,25,,7746,cf770ea2
model-fixed,stable,56,0.26,0,614.6,poison,8,5,,2983,8e45a5c5
model-fixed,stable,57,1,1,2400,,27,10,,9400,0c6cd907
model-fixed,stable,58,0.1,0,238.1,thirst,4,4,,876,468d16b2
model-fixed,stable,59,1,1,2400,,10,17,,9531,37020157
model-fixed,stable,60,1,1,2400,,15,22,,8840,e1ea52b6
model-fixed,stable,61,1,1,2400,,16,18,,7918,26dc00fd
model-fixed,stable,62,0.42,0,1012.35,poison,6,0,,4414,8afc4dc9
model-fixed,stable,63,1,1,2400,,11,14,,8075,1ceb2330
model-fixed,stable,64,0.65,0,1571.8,poison,32,12,,6280,9356e27b
model-fixed,stable,65,1,1,2400,,27,29,,7931,9c88697a
model-fixed,stable,66,0.45,0,1076.6,poison,10,4,,4758,d0f2c84a
model-fixed,stable,67,0.97,0,2323.9,cold,37,9,,8261,c1f012d1
model-fixed,stable,68,1,1,2400,,25,26,,6969,9d648a1e
model-fixed,stable,69,1,1,2400,,18,16,,7747,31a6bda2
model-fixed,stable,70,0.58,0,1388.8,poison,26,12,,4833,dc8c1cbe
model-fixed,stable,71,1,1,2400,,13,20,,6713,64a416ff
model-fixed,stable,72,1,1,2400,,10,18,,6408,cf2e989c
model-fixed,stable,73,1,1,2400,,14,20,,7438,663094d9
model-fixed,stable,74,1,1,2400,,13,20,,7690,8888cb13
model-fixed,stable,75,1,1,2400,,19,20,,7172,9b8ca349
model-fixed,stable,76,1,1,2400,,13,15,,6063,0ef8dc06
model-fixed,stable,77,1,1,2400,,12,19,,6797,e3c9514f
model-fixed,stable,78,1,1,2400,,15,21,,7546,818995be
model-fixed,stable,79,0.96,0,2312.95,poison,52,9,,7914,ea1ff173
model-fixed,stable,80,1,1,2400,,32,21,,8261,7a4027c1
model-fixed,stable,81,1,1,2400,,16,23,,6224,abbd732a
model-fixed,stable,82,1,1,2400,,29,22,,5808,a936a238
model-fixed,stable,83,1,1,2400,,11,16,,6637,a1b7d943
model-fixed,stable,84,0.62,0,1489.4,poison,18,10,,4734,748c6b7e
model-fixed,stable,85,1,1,2400,,13,18,,7016,c113615e
model-fixed,stable,86,1,1,2400,,22,23,,6245,87fddbec
model-fixed,stable,87,1,1,2400,,19,20,,7058,06dd7b1e
model-fixed,stable,88,1,1,2400,,40,12,,6930,d19b09ed
model-fixed,stable,89,1,1,2400,,12,20,,6197,409651d1
model-fixed,stable,90,0.9,0,2163.85,cold,20,13,,6996,da145c69
model-fixed,stable,91,0.41,0,991.35,poison,9,12,,3100,2e41af0e
model-fixed,stable,92,1,1,2400,,9,20,,6220,55c6d6eb
model-fixed,stable,93,1,1,2400,,14,21,,6856,218a468b
model-fixed,stable,94,1,1,2400,,10,21,,7515,646709e3
model-fixed,stable,95,1,1,2400,,11,7,,6893,18b590cf
model-fixed,stable,96,1,1,2400,,15,14,,7052,f0f79456
model-fixed,stable,97,0.38,0,916.95,cold,16,12,,4329,62ab117a
model-fixed,stable,98,1,1,2400,,11,20,,7411,79c5f61d
model-fixed,stable,99,1,1,2400,,14,16,,6605,27557ca5
model-fixed,stable,100,0.92,0,2204.1,poison,11,8,,6810,371f0d13
model-fixed,stable,101,1,1,2400,,16,16,,7507,90f0d6b5
model-fixed,stable,102,1,1,2400,,12,20,,8211,58c8fbfd
model-fixed,stable,103,1,1,2400,,13,17,,15089,70368c59
model-fixed,stable,104,0.52,0,1237.2,wounds,24,7,,4592,fcb8fd74
model-fixed,stable,105,0.28,0,674.5,poison,6,0,,2356,fba0ad73
model-fixed,stable,106,0.53,0,1262.7,cold,18,15,,4208,93be685d
model-fixed,stable,107,1,1,2400,,11,19,,7405,73b95af9
model-fixed,stable,108,1,1,2400,,51,25,,7840,586902f6
model-fixed,stable,109,0.89,0,2136.45,poison,26,10,,8505,a3919522
model-fixed,stable,110,1,1,2400,,11,14,,8047,7db1eed7
model-fixed,stable,111,1,1,2400,,10,20,,10223,a2f6f2f4
model-fixed,stable,112,1,1,2400,,22,20,,10696,04047620
model-fixed,stable,113,1,1,2400,,13,16,,8255,66cde1ce
model-fixed,stable,114,0.66,0,1576,poison,18,5,,6602,68e8ec1a
model-fixed,stable,115,1,1,2400,,12,14,,9059,441429f9
model-fixed,stable,116,1,1,2400,,17,20,,10176,121c3b4c
model-fixed,stable,117,0.72,0,1723.65,poison,21,6,,8032,10ee55c4
model-fixed,stable,118,1,1,2400,,10,21,,10295,76744d87
model-fixed,stable,119,1,1,2400,,9,16,,7522,74b76322
model-fixed,stable,120,1,1,2400,,15,22,,9400,4ea8275a
model-fixed,stable,121,1,1,2400,,26,18,,8974,80857050
model-fixed,stable,122,1,1,2400,,11,20,,9749,1b3940c2
model-fixed,stable,123,0.28,0,665.05,poison,8,0,,3086,5848da34
model-fixed,stable,124,0.48,0,1145.9,poison,10,0,,4717,e771728c
model-fixed,stable,125,1,1,2400,,19,19,,9808,d040773d
model-fixed,stable,126,0.75,0,1788.65,cold,25,8,,6490,d3bea552
model-fixed,stable,127,1,1,2400,,15,12,,7895,83bf0804
model-fixed,stable,128,1,1,2400,,26,22,,9165,68d3de8d
model-fixed,stable,129,0.3,0,714.4,poison,8,0,,3455,918712a6
model-fixed,stable,130,0.41,0,993.25,poison,9,6,,3613,c2cb3f23
model-fixed,stable,131,0.78,0,1879.7,poison,14,13,,7602,bc4fdda6
model-fixed,stable,132,0.74,0,1785.9,cold,24,9,,7536,f7a2ce46
model-fixed,stable,133,1,1,2400,,122,32,,10327,c568a0b4
model-fixed,stable,134,1,1,2400,,12,21,,8702,824b7726
model-fixed,stable,135,1,1,2400,,14,21,,7654,31831b9b
model-fixed,stable,136,1,1,2400,,22,18,,8166,fa550618
model-fixed,stable,137,1,1,2400,,19,17,,9159,914b78aa
model-fixed,stable,138,1,1,2400,,28,21,,7936,15e11888
model-fixed,stable,139,1,1,2400,,13,18,,7904,869f94b3
model-fixed,stable,140,1,1,2400,,32,24,,7897,ef6383e7
model-fixed,stable,141,1,1,2400,,13,15,,8245,4e37b6cb
model-fixed,stable,142,1,1,2400,,17,21,,7279,eed530d1
model-fixed,stable,143,1,1,2400,,11,20,,9319,158604a1
model-fixed,stable,144,1,1,2400,,13,19,,8111,895fe616
model-fixed,stable,145,1,1,2400,,27,20,,7919,580ac142
model-fixed,stable,146,1,1,2400,,28,22,,8122,96009c75
model-fixed,stable,147,1,1,2400,,13,19,,12957,de8c9cf0
model-fixed,stable,148,0.61,0,1460.2,poison,17,12,,5784,dc965872
model-fixed,stable,149,1,1,2400,,34,21,,9083,22007b3c
model-fixed,stable,150,1,1,2400,,12,22,,7751,3acba731
model-fixed,stable,151,1,1,2400,,14,16,,10360,5580739e
model-fixed,stable,152,1,1,2400,,21,19,,9567,67f004f4
model-fixed,stable,153,1,1,2400,,12,19,,8013,b80c2c30
model-fixed,stable,154,1,1,2400,,13,22,,8516,4d142a1b
model-fixed,stable,155,1,1,2400,,27,24,,7467,57872c89
model-fixed,stable,156,0.96,0,2311.15,poison,38,12,,9725,78ef0684
model-fixed,stable,157,1,1,2400,,11,24,,9736,6dbcd8ad
model-fixed,stable,158,1,1,2400,,13,21,,7717,25ab03a3
model-fixed,stable,159,1,1,2400,,26,18,,7586,423dc6b5
model-fixed,stable,160,1,1,2400,,15,19,,9411,b23b144d
model-fixed,stable,161,1,1,2400,,18,23,,9328,c8e4f167
model-fixed,stable,162,0.75,0,1792.35,poison,12,13,,6165,14098247
model-fixed,stable,163,1,1,2400,,26,26,,7465,48b4db54
model-fixed,stable,164,1,1,2400,,27,23,,10050,944a5a49
model-fixed,stable,165,1,1,2400,,15,18,,8295,d7705a75
model-fixed,stable,166,1,1,2400,,28,14,,9440,a848ae6f
model-fixed,stable,167,1,1,2400,,13,21,,9785,13534500
model-fixed,stable,168,1,1,2400,,19,19,,8343,d05be8c9
model-fixed,stable,169,1,1,2400,,37,9,,9194,4c7d616f
model-fixed,stable,170,1,1,2400,,19,19,,7731,5b80e8bb
model-fixed,stable,171,1,1,2400,,11,20,,9566,6440ca5a
model-fixed,stable,172,1,1,2400,,25,21,,8452,05686478
model-fixed,stable,173,1,1,2400,,14,16,,8368,477a7e9b
model-fixed,stable,174,0.6,0,1439.3,cold,26,9,,4918,7ed52a6f
model-fixed,stable,175,0.43,0,1040.5,poison,13,9,,3794,88f86413
model-fixed,stable,176,1,1,2400,,10,18,,8292,a0978528
model-fixed,stable,177,0.4,0,970.2,poison,9,0,,3539,33b385cd
model-fixed,stable,178,1,1,2400,,44,21,,8292,a6beb646
model-fixed,stable,179,0.52,0,1259.45,cold,11,12,,4954,4e88c3e0
model-fixed,stable,180,1,1,2400,,13,23,,6440,03a5296a
model-fixed,stable,181,0.3,0,708.95,poison,9,5,,2489,6f771fee
model-fixed,stable,182,1,1,2400,,20,12,,8045,3f22c13a
model-fixed,stable,183,1,1,2400,,18,20,,6859,dedd129f
model-fixed,stable,184,1,1,2400,,33,25,,8569,8a059012
model-fixed,stable,185,1,1,2400,,24,20,,7964,b3e2866a
model-fixed,stable,186,1,1,2400,,21,22,,7627,a8363ee9
model-fixed,stable,187,1,1,2400,,27,23,,8353,b184bd4f
model-fixed,stable,188,0.49,0,1169.25,poison,13,9,,5164,16fee304
model-fixed,stable,189,1,1,2400,,11,20,,8756,67ec6957
model-fixed,stable,190,1,1,2400,,18,21,,7616,38e6dc24
model-fixed,stable,191,1,1,2400,,33,12,,8346,88d38897
model-fixed,stable,192,1,1,2400,,11,19,,7050,01c37d4e
model-fixed,stable,193,1,1,2400,,18,21,,6923,af522e6d
model-fixed,stable,194,1,1,2400,,11,21,,8535,49076dac
model-fixed,stable,195,1,1,2400,,14,20,,9480,d8dc61e5
model-fixed,stable,196,0.95,0,2269.15,poison,15,18,,7863,352caf57
model-fixed,stable,197,0.47,0,1136.95,poison,8,0,,4420,d68f3e9b
model-fixed,stable,198,0.36,0,866.3,poison,7,12,,4104,efdbbb2a
model-fixed,stable,199,1,1,2400,,11,20,,9290,136ae8b0
model-fixed,stable,200,1,1,2400,,32,19,,8491,21f8049f
model-fixed,stable,201,1,1,2400,,16,19,,7560,84b6cd81
model-fixed,stable,202,1,1,2400,,16,20,,7672,f6df2662
model-fixed,stable,203,1,1,2400,,46,25,,10543,dcd12d6c
model-fixed,stable,204,1,1,2400,,29,21,,7693,2db6a444
model-fixed,stable,205,1,1,2400,,13,18,,8020,eb6c2ec0
model-fixed,stable,206,1,1,2400,,16,17,,8581,4875b28a
model-fixed,stable,207,1,1,2400,,16,25,,8710,18afefa5
model-fixed,stable,208,0.89,0,2139.4,hunger,49,13,,8226,a767d740
model-fixed,stable,209,0.96,0,2293.05,poison,14,14,,8161,a46dedf4
model-fixed,stable,210,1,1,2400,,20,20,,7408,31c3f9ec
model-fixed,stable,211,1,1,2400,,33,26,,8284,ec20e68e
model-fixed,stable,212,1,1,2400,,14,19,,9134,52a7a085
model-fixed,stable,213,1,1,2400,,24,21,,8003,b572f8fe
model-fixed,stable,214,0.37,0,899.05,cold,9,0,,3751,4e1de160
model-fixed,stable,215,1,1,2400,,32,21,,14989,c9deac54
model-fixed,stable,216,1,1,2400,,10,21,,8855,3355ee65
model-fixed,stable,217,1,1,2400,,18,18,,8156,b5bcc952
model-fixed,stable,218,1,1,2400,,27,23,,8184,0d4ff9b1
model-fixed,stable,219,1,1,2400,,15,25,,8780,f15def8e
model-fixed,stable,220,1,1,2400,,33,21,,7925,83641723
model-fixed,stable,221,0.52,0,1256.9,poison,10,12,,4789,2bb9346d
model-fixed,stable,222,1,1,2400,,11,17,,14980,399d555d
model-fixed,stable,223,1,1,2400,,29,23,,8417,de401ae7
model-fixed,stable,224,1,1,2400,,16,20,,7924,5d095577
model-fixed,stable,225,1,1,2400,,24,21,,7992,fa79b9b5
model-fixed,stable,226,1,1,2400,,14,18,,8492,d8d57722
model-fixed,stable,227,1,1,2400,,18,22,,7834,b8097a6d
model-fixed,stable,228,1,1,2400,,12,15,,8376,1e7001d9
model-fixed,stable,229,1,1,2400,,10,20,,8336,8fa3bd18
model-fixed,stable,230,1,1,2400,,16,20,,9305,2bdec05c
model-fixed,stable,231,1,1,2400,,15,21,,8034,0292e4d8
model-fixed,stable,232,1,1,2400,,29,24,,8137,1b0c235f
model-fixed,stable,233,0.73,0,1758.35,poison,22,15,,6520,cdc2f666
model-fixed,stable,234,1,1,2400,,21,25,,8692,3ce66622
model-fixed,stable,235,1,1,2400,,19,22,,9660,f97231ac
model-fixed,stable,236,1,1,2400,,12,20,,11186,27dcb618
model-fixed,stable,237,1,1,2400,,12,22,,9616,de9bc479
model-fixed,stable,238,0.98,0,2353.25,poison,23,13,,10157,8f6a2101
model-fixed,stable,239,1,1,2400,,22,24,,10279,4d6a01d2
model-fixed,stable,240,1,1,2400,,20,21,,9614,fee6b81c
model-fixed,stable,241,1,1,2400,,20,22,,11327,462a7857
model-fixed,stable,242,0.97,0,2329.15,cold,42,12,,9534,b66253b6
model-fixed,stable,243,1,1,2400,,16,19,,10434,120b19b2
model-fixed,stable,244,1,1,2400,,31,20,,9444,894e28bd
model-fixed,stable,245,1,1,2400,,13,21,,8746,8019c023
model-fixed,stable,246,1,1,2400,,18,21,,8172,a1bfc559
model-fixed,stable,247,0.29,0,693.25,poison,6,0,,3224,6d2cba1c
model-fixed,stable,248,1,1,2400,,19,20,,8773,18ba049c
model-fixed,stable,249,0.46,0,1108.05,poison,12,3,,4055,e3573fa0
model-fixed,stable,250,1,1,2400,,11,20,,8508,81a58e82
model-fixed,stable,251,0.91,0,2192.1,poison,32,7,,7277,7aa85019
model-fixed,stable,252,1,1,2400,,19,19,,8799,64f3ba13
model-fixed,stable,253,1,1,2400,,24,22,,7101,935c8f58
model-fixed,stable,254,1,1,2400,,11,19,,7391,8272a766
model-fixed,stable,255,1,1,2400,,20,16,,7390,b2c0614b
model-fixed,stable,256,1,1,2400,,11,22,,8933,623eadee
model-fixed,stable,257,1,1,2400,,30,19,,8343,acd899f2
model-fixed,stable,258,1,1,2400,,28,27,,7825,b2c6e8e3
model-fixed,stable,259,0.46,0,1111,poison,16,11,,4656,aa62a0e4
model-fixed,stable,260,1,1,2400,,25,12,,9755,34060203
model-fixed,stable,261,1,1,2400,,14,17,,7497,ae36a57c
model-fixed,stable,262,1,1,2400,,38,19,,8602,373ce195
model-fixed,stable,263,1,1,2400,,22,20,,6284,d375c813
model-fixed,stable,264,1,1,2400,,12,16,,7053,dbf56d45
model-fixed,stable,265,1,1,2400,,36,29,,8786,c0d26550
model-fixed,stable,266,1,1,2400,,20,21,,7888,0af03c2b
model-fixed,stable,267,1,1,2400,,10,21,,7481,bb8d159c
model-fixed,stable,268,1,1,2400,,26,16,,7785,c0e7a8ac
model-fixed,stable,269,0.3,0,719.2,poison,6,0,,2608,4b23e6fb
model-fixed,stable,270,1,1,2400,,11,20,,8566,1f6e17b3
model-fixed,stable,271,1,1,2400,,18,20,,8411,d8977a10
model-fixed,stable,272,1,1,2400,,18,17,,8092,34ba8bce
model-fixed,stable,273,0.97,0,2329.05,cold,22,15,,10645,9dfcfd45
model-fixed,stable,274,1,1,2400,,17,22,,6379,6363bec0
model-fixed,stable,275,0.45,0,1071.25,poison,10,1,,4816,d63090b7
model-fixed,stable,276,1,1,2400,,15,19,,8715,08bf0b0d
model-fixed,stable,277,1,1,2400,,29,25,,8138,07238ba9
model-fixed,stable,278,1,1,2400,,12,20,,8110,46ba573d
model-fixed,stable,279,1,1,2400,,30,23,,8157,b52863b6
model-fixed,stable,280,1,1,2400,,12,20,,9096,8e8657ea
model-fixed,stable,281,0.77,0,1843.8,poison,33,8,,7521,4823fc44
model-fixed,stable,282,1,1,2400,,11,17,,9984,e3beba89
model-fixed,stable,283,1,1,2400,,27,20,,8071,c04d7ff3
model-fixed,stable,284,1,1,2400,,12,18,,8696,3fd5fb0a
model-fixed,stable,285,0.09,0,225.25,thirst,4,6,,852,16b833a3
model-fixed,stable,286,1,1,2400,,10,20,,8995,7b519757
model-fixed,stable,287,0.45,0,1071.9,cold,12,6,,4520,263c0938
model-fixed,stable,288,1,1,2400,,11,19,,9267,6ba6a7a5
model-fixed,stable,289,1,1,2400,,11,19,,8592,84253d33
model-fixed,stable,290,1,1,2400,,13,20,,7383,17be47f5
model-fixed,stable,291,1,1,2400,,11,21,,8593,1dccfaa8
model-fixed,stable,292,1,1,2400,,18,20,,7927,f9ca6c06
model-fixed,stable,293,0.36,0,858.35,poison,7,0,,4265,c5a0a3bf
model-fixed,stable,294,1,1,2400,,10,18,,7822,371732b3
model-fixed,stable,295,1,1,2400,,35,27,,9921,a9cc7ef9
model-fixed,stable,296,1,1,2400,,23,22,,9264,7550d1c5
model-fixed,stable,297,1,1,2400,,15,17,,7667,11e8eb2c
model-fixed,stable,298,1,1,2400,,17,21,,8001,4d28a607
model-fixed,stable,299,1,1,2400,,35,12,,6761,1d52c4a9
heuristic_1_75,composition,0,0.86,0,2054.65,poison,14,20,1355.2491386421025,9171,c9e54c5c
heuristic_1_75,composition,1,0.58,0,1380.25,hunger,12,2,1453.974782070145,5447,083c3946
heuristic_1_75,composition,2,0.79,0,1906.5,poison,15,14,1008.7649860884994,9366,0425edf6
heuristic_1_75,composition,3,1,1,2400,,33,25,1052.154010394588,10795,d1362b79
heuristic_1_75,composition,4,0.91,0,2195.9,poison,17,14,1012.4247627798468,10637,102451d6
heuristic_1_75,composition,5,0.94,0,2250.1,poison,17,20,1021.8986702151597,10135,a1d14072
heuristic_1_75,composition,6,0.69,0,1645.25,poison,19,16,924.9981891363859,6896,9792eff5
heuristic_1_75,composition,7,1,1,2400,,13,19,1280.811721784994,10427,98af9cdd
heuristic_1_75,composition,8,1,1,2400,,48,19,1227.5550863239914,10630,2f72ef6a
heuristic_1_75,composition,9,1,1,2400,,27,24,954.4359873980284,10013,f5094de8
heuristic_1_75,composition,10,1,1,2400,,15,20,1481.036379514262,10046,459c3c4b
heuristic_1_75,composition,11,0.84,0,2006.75,poison,15,15,1419.2990833427757,8178,ac50e4e9
heuristic_1_75,composition,12,0.77,0,1842.2,poison,15,14,1156.1995566822588,7279,f3932000
heuristic_1_75,composition,13,1,1,2400,,22,20,975.9893313981593,11727,a5a341ee
heuristic_1_75,composition,14,0.85,0,2051.05,poison,17,14,1056.7464123945683,7750,50a78442
heuristic_1_75,composition,15,0.65,0,1570.15,hunger,20,8,1087.165479362011,5993,4e3caa16
heuristic_1_75,composition,16,1,1,2400,,36,21,1184.9144582636654,8018,85b1ad03
heuristic_1_75,composition,17,1,1,2400,,29,25,948.6968228593469,8147,c260a995
heuristic_1_75,composition,18,1,1,2400,,19,21,1230.41522372514,8703,7d9e8c6f
heuristic_1_75,composition,19,0.42,0,1015.35,hunger,11,8,1493.4291507583112,4163,020971d9
heuristic_1_75,composition,20,0.76,0,1826.2,poison,22,12,1195.6276488024741,7435,d87fe533
heuristic_1_75,composition,21,0.84,0,2017.3,poison,17,19,1099.0994222927839,8115,1f74554e
heuristic_1_75,composition,22,1,1,2400,,13,19,1396.9266504049301,10470,63a72f0b
heuristic_1_75,composition,23,1,1,2400,,34,21,1006.6232697106898,8398,78ca8bff
heuristic_1_75,composition,24,1,1,2400,,19,23,914.0643363352865,10176,fd3a899a
heuristic_1_75,composition,25,0.88,0,2109.2,poison,15,15,909.055660944432,8652,4d6c0bdc
heuristic_1_75,composition,26,1,1,2400,,14,18,1418.5124515090138,8320,1e244186
heuristic_1_75,composition,27,1,1,2400,,12,20,1038.7996306177229,9599,d14f97ec
heuristic_1_75,composition,28,1,1,2400,,16,21,1491.567375836894,7982,35214d99
heuristic_1_75,composition,29,1,1,2400,,34,24,1168.8283814582974,8471,c76ab386
heuristic_1_75,composition,30,0.78,0,1881.25,poison,28,17,1246.451383922249,6942,d072fee4
heuristic_1_75,composition,31,1,1,2400,,23,17,1109.8990456201136,7551,4d54adc3
heuristic_1_75,composition,32,1,1,2400,,23,18,1451.950038364157,8898,a5331ab2
heuristic_1_75,composition,33,0.91,0,2179.45,poison,18,18,933.9349877089262,7988,37e1cdf5
heuristic_1_75,composition,34,1,1,2400,,32,23,1440.3934170026332,8268,58dddb5b
heuristic_1_75,composition,35,1,1,2400,,22,19,1076.2001846451312,7981,a1ded2f5
heuristic_1_75,composition,36,0.29,0,701.85,cold,13,3,1431.0532630886883,2376,7a3b8c8e
heuristic_1_75,composition,37,1,1,2400,,31,22,1275.561968749389,10501,40f83e6a
heuristic_1_75,composition,38,1,1,2400,,16,17,1415.9737795125693,7878,2005c1f0
heuristic_1_75,composition,39,0.84,0,2007.95,poison,19,15,1050.0572400167584,7407,dccde183
heuristic_1_75,composition,40,1,1,2400,,19,25,1220.4956889152527,9120,42c7b167
heuristic_1_75,composition,41,1,1,2400,,51,36,1232.8261929564178,8721,7f77a744
heuristic_1_75,composition,42,0.94,0,2260.6,poison,25,20,1441.9177936390042,10564,bf124721
heuristic_1_75,composition,43,1,1,2400,,17,21,979.1187167633325,9577,586c492a
heuristic_1_75,composition,44,1,1,2400,,27,23,1135.521693667397,9470,7b99c1e3
heuristic_1_75,composition,45,1,1,2400,,36,22,1280.4792047012597,9606,3378c938
heuristic_1_75,composition,46,1,1,2400,,25,21,1308.1812533084303,9351,87daa850
heuristic_1_75,composition,47,0.89,0,2147.95,poison,21,20,1359.4722845591605,8140,55a53d14
heuristic_1_75,composition,48,1,1,2400,,19,19,1289.9143806193024,7261,efc928f3
heuristic_1_75,composition,49,0.99,0,2367.3,poison,21,19,1370.1839546207339,9218,cfffbcf1
heuristic_1_75,composition,50,1,1,2400,,16,19,1223.048041574657,8726,cb92cc91
heuristic_1_75,composition,51,1,1,2400,,25,29,1190.0646095629781,9763,dec4ba71
heuristic_1_75,composition,52,1,1,2400,,15,21,1030.5976996198297,8456,21ef1e99
heuristic_1_75,composition,53,1,1,2400,,17,19,910.6717661954463,9907,cc8f1038
heuristic_1_75,composition,54,0.83,0,2002.1,poison,15,12,925.2298789098859,9012,2e9ddedb
heuristic_1_75,composition,55,1,1,2400,,39,29,1315.2466686442494,8712,5773b42c
heuristic_1_75,composition,56,0.31,0,740.3,hunger,8,5,1267.03458186239,3291,60be36aa
heuristic_1_75,composition,57,0.55,0,1320.7,hunger,12,9,1362.3291590251029,5538,b834c763
heuristic_1_75,composition,58,0.1,0,238.1,thirst,4,4,1401.4836218208075,855,468d16b2
heuristic_1_75,composition,59,1,1,2400,,16,25,1336.2382390536368,11456,da0891c1
heuristic_1_75,composition,60,1,1,2400,,16,19,1153.169801691547,10816,df5cc34b
heuristic_1_75,composition,61,1,1,2400,,22,15,960.9996335115284,10467,26efd461
heuristic_1_75,composition,62,1,1,2400,,22,15,1222.427462786436,11177,8e04b537
heuristic_1_75,composition,63,0.99,0,2369.15,poison,15,15,1232.517156098038,10209,2790fb3d
heuristic_1_75,composition,64,0.57,0,1356.4,poison,17,15,1276.6067342832685,6137,2d18eda1
heuristic_1_75,composition,65,1,1,2400,,36,19,963.0870806984603,11311,0ee5da70
heuristic_1_75,composition,66,0.93,0,2226.65,poison,19,16,986.5628327708691,10173,2f5c9440
heuristic_1_75,composition,67,0.6,0,1432.4,poison,20,10,909.949193475768,6269,25c5b4b7
heuristic_1_75,composition,68,1,1,2400,,30,23,1281.0644138138741,9016,d29ce0ce
heuristic_1_75,composition,69,1,1,2400,,25,15,1171.9917150679976,11555,476318de
heuristic_1_75,composition,70,1,1,2400,,25,21,1277.3612827062607,9929,18626073
heuristic_1_75,composition,71,1,1,2400,,24,23,1034.9216405767947,11803,611aef05
heuristic_1_75,composition,72,0.72,0,1731.95,poison,13,12,1070.4212616663426,7146,542c4088
heuristic_1_75,composition,73,1,1,2400,,13,24,1104.2127545457333,10807,cad09a6f
heuristic_1_75,composition,74,1,1,2400,,16,15,1485.3858197573572,11978,bac6cc38
heuristic_1_75,composition,75,1,1,2400,,17,19,1370.1367920264602,10350,647aaa26
heuristic_1_75,composition,76,1,1,2400,,20,11,1216.054368764162,10677,2e79aeb9
heuristic_1_75,composition,77,0.84,0,2018.35,poison,14,12,1125.5095273721963,9211,f65788e6
heuristic_1_75,composition,78,1,1,2400,,17,21,1204.263577144593,12789,152781cc
heuristic_1_75,composition,79,0.9,0,2154,cold,35,9,1330.0101856235415,9697,5da550bb
heuristic_1_75,composition,80,1,1,2400,,31,22,1183.6501486133784,10967,fcdc2fec
heuristic_1_75,composition,81,0.89,0,2135.2,hunger,31,11,1463.9479940291494,8515,ddbf1055
heuristic_1_75,composition,82,1,1,2400,,27,18,1381.2492803670466,10116,3db0a93c
heuristic_1_75,composition,83,1,1,2400,,17,22,1366.8350195512176,11112,93be58e9
heuristic_1_75,composition,84,0.68,0,1638.4,poison,19,10,1199.6968852356076,7463,b0527e39
heuristic_1_75,composition,85,1,1,2400,,15,18,1383.1437966786325,10876,bab81128
heuristic_1_75,composition,86,1,1,2400,,15,20,967.5357674248517,10701,5af5e334
heuristic_1_75,composition,87,0.91,0,2184.9,poison,25,21,1156.808812217787,9503,36e38d24
heuristic_1_75,composition,88,1,1,2400,,17,19,1173.720809770748,10401,f4892881
heuristic_1_75,composition,89,0.8,0,1922.95,poison,16,13,1259.988802531734,7743,226f75f5
heuristic_1_75,composition,90,0.88,0,2118.2,poison,25,16,1155.3427994716913,9365,b057867f
heuristic_1_75,composition,91,0.65,0,1570.35,poison,27,20,1420.2966009266675,5407,03822180
heuristic_1_75,composition,92,1,1,2400,,22,17,927.627966273576,10398,9ed6ed71
heuristic_1_75,composition,93,1,1,2400,,13,19,1101.074359472841,9991,74a1bdbe
heuristic_1_75,composition,94,1,1,2400,,14,20,1300.118240620941,10782,a0b88c88
heuristic_1_75,composition,95,0.99,0,2371.05,poison,17,13,1018.5872426256537,11823,36636f10
heuristic_1_75,composition,96,1,1,2400,,16,20,992.0312591828406,10795,21700b05
heuristic_1_75,composition,97,0.37,0,888.7,cold,19,12,1231.5269999206066,5183,39dba5bc
heuristic_1_75,composition,98,1,1,2400,,24,22,924.7223654296249,12053,c9a9f12c
heuristic_1_75,composition,99,1,1,2400,,20,12,967.8169305436313,10779,acb71ec9
heuristic_1_75,composition,100,0.85,0,2038,poison,16,8,1377.256285166368,8867,f39a18b6
heuristic_1_75,composition,101,0.88,0,2110.05,poison,15,13,974.794791592285,9711,0fd91614
heuristic_1_75,composition,102,1,1,2400,,33,12,1344.8649160098284,11364,7b978561
heuristic_1_75,composition,103,1,1,2400,,15,17,1469.4877217989415,17406,e99f3de4
heuristic_1_75,composition,104,1,1,2400,,31,20,1105.1880461163819,9435,69cd8d25
heuristic_1_75,composition,105,0.29,0,685.55,hunger,7,0,1135.4575088247657,2621,50696aae
heuristic_1_75,composition,106,1,1,2400,,23,22,1370.607446366921,8941,9db1dd81
heuristic_1_75,composition,107,0.93,0,2240.35,poison,20,16,1414.4714328926057,8010,76115dbe
heuristic_1_75,composition,108,1,1,2400,,23,21,1121.8604417983443,8629,cea92828
heuristic_1_75,composition,109,1,1,2400,,17,21,1178.230143757537,9198,7a8f2280
heuristic_1_75,composition,110,0.83,0,1993.75,poison,18,12,1115.6502345576882,6975,620a570d
heuristic_1_75,composition,111,1,1,2400,,15,21,960.8158277347684,10097,c0ba78d6
heuristic_1_75,composition,112,1,1,2400,,17,19,1085.309890564531,10343,4852e2bf
heuristic_1_75,composition,113,0.92,0,2218.25,poison,17,15,1113.8190667144954,7143,adb118ce
heuristic_1_75,composition,114,0.59,0,1426.25,poison,12,5,1361.66654471308,4444,7f1de2f9
heuristic_1_75,composition,115,1,1,2400,,14,14,1455.5010417010635,7450,67e243eb
heuristic_1_75,composition,116,0.86,0,2072.25,poison,13,12,1018.9518865663558,7861,80a4a8fa
heuristic_1_75,composition,117,0.89,0,2146.75,cold,40,17,916.4415249601007,9273,da5e7497
heuristic_1_75,composition,118,0.84,0,2026.4,poison,17,14,1006.9175567943603,7965,d7287b33
heuristic_1_75,composition,119,1,1,2400,,9,20,1341.1057353951037,7637,896e09de
heuristic_1_75,composition,120,1,1,2400,,18,21,994.2024345975369,9733,061cf301
heuristic_1_75,composition,121,1,1,2400,,31,20,1173.2023521792144,8003,324301e4
heuristic_1_75,composition,122,1,1,2400,,13,20,1159.5645303837955,8554,abb2990c
heuristic_1_75,composition,123,0.15,0,355.4,cold,6,0,1361.5515862125903,1020,a61e73f0
heuristic_1_75,composition,124,0.83,0,2001.05,poison,16,12,1353.230178449303,6157,d5264a3e
heuristic_1_75,composition,125,1,1,2400,,26,19,1167.0434507075697,8504,80aed55c
heuristic_1_75,composition,126,0.8,0,1923.3,poison,28,14,1107.4519793037325,6500,87d745b2
heuristic_1_75,composition,127,0.98,0,2352.5,poison,15,17,905.0416419748217,8753,7ce4ac70
heuristic_1_75,composition,128,1,1,2400,,31,22,1466.7996475473046,8817,593fda9f
heuristic_1_75,composition,129,0.33,0,799.15,hunger,7,0,1144.7639701422304,2395,a85cac5e
heuristic_1_75,composition,130,1,1,2400,,15,18,1465.0964791886508,8103,137fd07e
heuristic_1_75,composition,131,1,1,2400,,21,22,1281.5392343793064,8240,6d8bd123
heuristic_1_75,composition,132,0.86,0,2069.45,poison,20,15,1101.1725116986781,8230,d68cd185
heuristic_1_75,composition,133,1,1,2400,,80,32,1475.874112173915,10733,6e7d0f53
heuristic_1_75,composition,134,0.88,0,2104.65,poison,15,19,1290.601725736633,7779,63ea8d0a
heuristic_1_75,composition,135,0.93,0,2241.1,poison,26,18,1077.2608320694417,8297,1952e608
heuristic_1_75,composition,136,1,1,2400,,21,21,951.4538374263793,8993,9779b50f
heuristic_1_75,composition,137,1,1,2400,,21,15,1320.6740022171289,10010,3fe33189
heuristic_1_75,composition,138,1,1,2400,,20,20,1447.0843572635204,9070,dbd04745
heuristic_1_75,composition,139,1,1,2400,,17,19,984.9529625382274,10123,d3744ebc
heuristic_1_75,composition,140,1,1,2400,,32,16,1077.8336768969893,9186,3e1e470e
heuristic_1_75,composition,141,0.88,0,2101.35,poison,17,13,1340.8855895977467,8757,e2ff3ac9
heuristic_1_75,composition,142,1,1,2400,,23,22,1118.7472659163177,9451,e08264a9
heuristic_1_75,composition,143,0.98,0,2359,poison,17,20,1486.79534685798,10900,7a1fe6ae
heuristic_1_75,composition,144,0.99,0,2380.35,poison,16,19,1136.9918907992542,11361,a0690ee1
heuristic_1_75,composition,145,1,1,2400,,27,20,1264.3856103066355,11436,504cc70d
heuristic_1_75,composition,146,1,1,2400,,16,20,929.2768886312842,11633,3d2047fc
heuristic_1_75,composition,147,1,1,2400,,14,19,1286.7421955801547,16551,6a0449c4
heuristic_1_75,composition,148,0.81,0,1939.15,poison,18,12,1130.9817840345204,9660,d99aecfd
heuristic_1_75,composition,149,1,1,2400,,33,21,1090.8703928813338,12359,9b4ccf1f
heuristic_1_75,composition,150,1,1,2400,,13,20,1388.3687366265804,9775,5d9ed394
heuristic_1_75,composition,151,1,1,2400,,18,22,1241.7869745288044,12909,ecc45e7b
heuristic_1_75,composition,152,1,1,2400,,20,22,996.4221268426627,12093,6f96d442
heuristic_1_75,composition,153,0.84,0,2014.75,poison,15,12,1465.5266754794866,8034,3db4067a
heuristic_1_75,composition,154,1,1,2400,,23,16,1360.0727495737374,11870,22df5201
heuristic_1_75,composition,155,1,1,2400,,41,26,1293.6976034659892,10443,1815960b
heuristic_1_75,composition,156,0.47,0,1124.3,poison,17,12,1090.0327538140118,4814,56934010
heuristic_1_75,composition,157,1,1,2400,,14,21,1184.5583468209952,11130,622bbb6e
heuristic_1_75,composition,158,1,1,2400,,16,21,1361.2498610280454,9553,d981e07d
heuristic_1_75,composition,159,1,1,2400,,16,16,1087.0310737285763,10335,543ff8f7
heuristic_1_75,composition,160,1,1,2400,,27,12,1134.409105265513,11016,10210034
heuristic_1_75,composition,161,0.99,0,2367.75,poison,17,19,1211.019501183182,11605,e83a19e8
heuristic_1_75,composition,162,1,1,2400,,15,18,1354.779640166089,10010,6c9e0e68
heuristic_1_75,composition,163,1,1,2400,,17,25,1193.7779202125967,9755,aedd8d2c
heuristic_1_75,composition,164,1,1,2400,,34,26,1397.6827750448138,12400,b1093ae1
heuristic_1_75,composition,165,0.9,0,2166.2,poison,16,16,1259.7743312828243,9620,341d99e2
heuristic_1_75,composition,166,0.6,0,1431.75,poison,19,9,1234.640494454652,6342,bcb8cdd1
heuristic_1_75,composition,167,0.98,0,2363.2,poison,21,17,1190.675621246919,11547,e5b9c4f4
heuristic_1_75,composition,168,0.92,0,2205.9,poison,23,22,1314.1329189296812,8975,304937df
heuristic_1_75,composition,169,1,1,2400,,36,15,1195.129220187664,11598,4e091caa
heuristic_1_75,composition,170,1,1,2400,,21,17,1303.8867191411555,9850,237c7c2c
heuristic_1_75,composition,171,1,1,2400,,21,24,1105.4251719731838,12532,6dae4e08
heuristic_1_75,composition,172,1,1,2400,,27,22,1323.0916259810328,10999,1faf7264
heuristic_1_75,composition,173,0.98,0,2351.35,poison,14,16,1485.8402882236987,10540,9cda6d11
heuristic_1_75,composition,174,1,1,2400,,17,21,947.138951998204,10965,7d076c73
heuristic_1_75,composition,175,1,1,2400,,15,15,1297.4928145296872,11157,8d3a0c7d
heuristic_1_75,composition,176,0.76,0,1812.25,poison,15,11,1049.629135709256,9093,19cabcbe
heuristic_1_75,composition,177,0.68,0,1642.95,poison,19,0,1195.7596875261515,6827,d1284628
heuristic_1_75,composition,178,1,1,2400,,37,25,1407.15163461864,10427,6e151c3b
heuristic_1_75,composition,179,1,1,2400,,31,25,919.9207201134413,12367,01ec7364
heuristic_1_75,composition,180,0.99,0,2364.75,poison,18,20,1455.5653866380453,9097,0556c396
heuristic_1_75,composition,181,0.38,0,907.5,hunger,6,5,1100.8694166317582,3607,f772e9ac
heuristic_1_75,composition,182,0.76,0,1818.45,poison,17,12,1398.7264457624406,7394,54f42180
heuristic_1_75,composition,183,1,1,2400,,19,21,1043.0413277819753,9875,46a6ab10
heuristic_1_75,composition,184,1,1,2400,,35,19,1111.4483778364956,13359,e72559b8
heuristic_1_75,composition,185,1,1,2400,,31,21,1221.8576656188816,11377,97d0d0c7
heuristic_1_75,composition,186,0.99,0,2384.6,poison,21,20,1428.9914247114211,10569,d536e2fe
heuristic_1_75,composition,187,1,1,2400,,29,23,1085.6338331010193,10652,f171544a
heuristic_1_75,composition,188,1,1,2400,,36,22,1393.417603103444,13006,5238ac8d
heuristic_1_75,composition,189,0.82,0,1964.2,poison,17,13,1201.2530513573438,9179,2f6e9b4b
heuristic_1_75,composition,190,0.95,0,2272.7,poison,17,10,1321.2053932249546,8798,842de74b
heuristic_1_75,composition,191,1,1,2400,,27,16,1496.1295024026185,10328,e11239c3
heuristic_1_75,composition,192,1,1,2400,,13,19,930.2925735712051,10842,10dca007
heuristic_1_75,composition,193,0.99,0,2387.4,poison,20,22,1258.9972082991153,9044,4ae4be4d
heuristic_1_75,composition,194,0.93,0,2221.35,poison,16,19,1152.4073097389191,9277,3f3991cc
heuristic_1_75,composition,195,0.68,0,1642.25,poison,20,12,999.0998560097069,7657,fbdf41ac
heuristic_1_75,composition,196,1,0,2390.2,poison,28,21,1205.9377323836088,9690,d4efd6da
heuristic_1_75,composition,197,1,1,2400,,32,19,1488.0803638603538,10877,c49cce58
heuristic_1_75,composition,198,1,1,2400,,32,22,1394.535796623677,12262,c81fe0d8
heuristic_1_75,composition,199,0.87,0,2080.1,poison,15,12,1047.8182077873498,10067,c9ed06b3
heuristic_1_75,composition,200,0.34,0,817.5,poison,6,12,1357.1969599463046,3991,39812f5a
heuristic_1_75,composition,201,1,1,2400,,20,21,992.1195602975786,10691,4d2d8cca
heuristic_1_75,composition,202,1,1,2400,,16,21,1192.2995714005083,10463,f6a4e539
heuristic_1_75,composition,203,1,1,2400,,45,26,1154.5003413688391,11763,f067a971
heuristic_1_75,composition,204,1,1,2400,,27,19,1000.1810078043491,10289,e50b65c6
heuristic_1_75,composition,205,1,1,2400,,18,15,994.9222215916961,11349,c51f4381
heuristic_1_75,composition,206,1,1,2400,,17,19,1122.0955364406109,11061,e2e923aa
heuristic_1_75,composition,207,1,1,2400,,24,24,983.6325459647924,11718,0762bd1a
heuristic_1_75,composition,208,1,1,2400,,45,19,901.699693640694,11771,24b7cf7c
heuristic_1_75,composition,209,1,1,2400,,16,18,1252.5396300014108,11392,fe188172
heuristic_1_75,composition,210,1,1,2400,,21,21,1169.0376046579331,9105,d7b4d03c
heuristic_1_75,composition,211,1,1,2400,,39,12,1002.9386837035418,11923,52bd663d
heuristic_1_75,composition,212,0.68,0,1622.5,poison,14,12,1235.1081307511777,7111,8cb0d35a
heuristic_1_75,composition,213,1,1,2400,,33,21,1369.4587578065693,9289,9bbedfae
heuristic_1_75,composition,214,1,1,2400,,21,19,925.6938612554222,11221,5a5ecff9
heuristic_1_75,composition,215,1,1,2400,,34,20,1298.5434462781996,18364,a951d7ed
heuristic_1_75,composition,216,1,1,2400,,16,21,1345.3038537874818,10016,8a3a0c7a
heuristic_1_75,composition,217,1,1,2400,,26,20,1205.3591650910676,9976,49db9b23
heuristic_1_75,composition,218,1,1,2400,,29,22,1221.6119939927012,11077,d86280e0
heuristic_1_75,composition,219,1,1,2400,,19,20,948.6826007254422,11798,4100e561
heuristic_1_75,composition,220,1,1,2400,,40,22,1211.7021025624126,10193,60f6e4af
heuristic_1_75,composition,221,0.64,0,1535.6,poison,11,12,1457.7891195192933,6063,fcdbbd35
heuristic_1_75,composition,222,1,1,2400,,12,19,1047.5726979319006,17468,3e0a0b11
heuristic_1_75,composition,223,1,1,2400,,23,24,1194.918327452615,9957,cb7758e3
heuristic_1_75,composition,224,1,1,2400,,21,22,1005.4493539966643,10507,be34d103
heuristic_1_75,composition,225,1,1,2400,,21,21,1376.4573000837117,8830,3d318b03
heuristic_1_75,composition,226,0.92,0,2213.5,poison,18,15,939.5778216887265,9215,b78c8f46
heuristic_1_75,composition,227,1,1,2400,,21,21,1434.9179482553154,9747,35d961f3
heuristic_1_75,composition,228,1,1,2400,,16,20,921.1716557387263,9911,59a01f8c
heuristic_1_75,composition,229,1,1,2400,,14,21,1319.0656683873385,9576,a88e36e9
heuristic_1_75,composition,230,1,1,2400,,14,21,960.7735414523631,10946,442808b9
heuristic_1_75,composition,231,0.67,0,1615.25,poison,16,12,970.7320349290967,6328,f1bf4e7e
heuristic_1_75,composition,232,1,1,2400,,34,22,1424.1734676528722,10526,36970808
heuristic_1_75,composition,233,0.62,0,1480.35,poison,18,12,1397.2399753052741,5478,f8f89a5f
heuristic_1_75,composition,234,1,1,2400,,34,29,1363.8952993322164,9089,33c325a0
heuristic_1_75,composition,235,1,1,2400,,28,22,1054.7708944883198,10912,7bb6a3d0
heuristic_1_75,composition,236,1,1,2400,,31,24,1104.401738801971,11691,c8d58e93
heuristic_1_75,composition,237,0.83,0,1999.15,poison,13,18,1203.0590652488172,7907,0ed10c1e
heuristic_1_75,composition,238,1,1,2400,,34,12,1113.8568364083767,10922,0ce24a01
heuristic_1_75,composition,239,1,1,2400,,27,23,1336.7236276622862,11119,0b1402bf
heuristic_1_75,composition,240,1,1,2400,,22,23,1202.6472402736545,10967,69fcccde
heuristic_1_75,composition,241,1,1,2400,,22,21,1046.5303159318864,12222,ecb10438
heuristic_1_75,composition,242,1,1,2400,,26,13,1344.6201412472874,9177,d42627a8
heuristic_1_75,composition,243,1,1,2400,,29,14,937.8141772001982,12189,fba12eda
heuristic_1_75,composition,244,1,1,2400,,20,19,1135.7657541520894,10859,7a19a669
heuristic_1_75,composition,245,0.92,0,2217.8,poison,18,19,1292.609103396535,9946,2624624e
heuristic_1_75,composition,246,1,1,2400,,18,20,1038.6681274976581,10034,c5150e3a
heuristic_1_75,composition,247,0.97,0,2322.35,poison,21,18,1389.2561377957463,12969,164ea9e5
heuristic_1_75,composition,248,1,1,2400,,13,21,907.4884203728288,10535,5265a380
heuristic_1_75,composition,249,0.74,0,1785.25,poison,18,5,1409.0957075357437,6017,43316b03
heuristic_1_75,composition,250,0.93,0,2228.7,poison,16,17,1225.0616886187345,9968,8b951fcc
heuristic_1_75,composition,251,1,1,2400,,28,21,1297.0446069259197,8291,4dd3de54
heuristic_1_75,composition,252,1,1,2400,,24,20,1103.9641621056944,11045,2b59ed50
heuristic_1_75,composition,253,1,1,2400,,23,22,1119.4196885917336,9818,770c0142
heuristic_1_75,composition,254,0.85,0,2041.1,poison,21,13,1270.0571752153337,9503,950a182e
heuristic_1_75,composition,255,1,1,2400,,22,17,978.7794969510287,10486,f2739040
heuristic_1_75,composition,256,0.87,0,2093.85,poison,15,18,984.344200277701,11602,944de2d6
heuristic_1_75,composition,257,1,1,2400,,18,18,1446.5802851133049,9915,e7bd4ffc
heuristic_1_75,composition,258,1,1,2400,,23,23,919.6648745331913,10050,02ed72eb
heuristic_1_75,composition,259,1,1,2400,,41,28,1459.2605631798506,10507,e79baaf4
heuristic_1_75,composition,260,1,1,2400,,19,15,1361.0214677173644,11234,e84f6aec
heuristic_1_75,composition,261,0.81,0,1944.25,poison,19,18,1450.6259872578084,6881,14a9e6c3
heuristic_1_75,composition,262,1,1,2400,,16,21,1268.2364974636585,11349,882284fb
heuristic_1_75,composition,263,0.76,0,1813.15,poison,24,15,1249.1626046597958,6204,c61d7eb3
heuristic_1_75,composition,264,1,1,2400,,12,19,907.069144025445,8491,b4dd21a0
heuristic_1_75,composition,265,1,1,2400,,43,22,1339.0997590497136,11104,116ad6ac
heuristic_1_75,composition,266,1,1,2400,,16,22,945.520893484354,9901,00b2dd0b
heuristic_1_75,composition,267,1,1,2400,,14,19,1004.3327002320439,9579,c3b37081
heuristic_1_75,composition,268,0.66,0,1594.9,hunger,12,10,1445.2794782817364,4905,86d59e7c
heuristic_1_75,composition,269,1,1,2400,,40,20,1217.0531110838056,9159,ce36f88f
heuristic_1_75,composition,270,0.87,0,2080.5,poison,15,16,905.9832656756043,8245,fa20efa5
heuristic_1_75,composition,271,0.86,0,2066,poison,20,15,971.0220783948898,7803,b54f99bf
heuristic_1_75,composition,272,1,1,2400,,17,19,1348.1315648183227,8538,36cdf070
heuristic_1_75,composition,273,0.72,0,1738.75,hunger,31,12,1355.776495859027,6800,5692f745
heuristic_1_75,composition,274,1,1,2400,,35,24,1305.6870179716498,7606,14a4581b
heuristic_1_75,composition,275,1,1,2400,,23,2,967.6845006644726,9978,d6b3cb93
heuristic_1_75,composition,276,1,1,2400,,24,17,1469.6337923873216,8060,c75c6ce5
heuristic_1_75,composition,277,1,1,2400,,21,21,1118.4982267208397,7744,90e12658
heuristic_1_75,composition,278,1,1,2400,,14,25,1354.2102840263397,7515,04a42f88
heuristic_1_75,composition,279,1,1,2400,,39,21,905.5938298813999,8765,c6c36ba8
heuristic_1_75,composition,280,0.99,0,2371.2,poison,20,13,1254.6807469334453,8990,bcdc52ff
heuristic_1_75,composition,281,0.59,0,1427.7,cold,23,9,945.7816836889833,5206,b0c4c46e
heuristic_1_75,composition,282,0.93,0,2225.6,poison,15,15,1388.6873227078468,8324,3acede77
heuristic_1_75,composition,283,1,1,2400,,32,20,1067.9485361091793,7921,6590ed3d
heuristic_1_75,composition,284,0.93,0,2223.05,poison,17,15,1366.2202809937298,8294,bae641e7
heuristic_1_75,composition,285,0.09,0,225.25,thirst,4,6,1176.8785789143294,710,16b833a3
heuristic_1_75,composition,286,1,1,2400,,13,20,1320.0503782834858,8130,6c0c3419
heuristic_1_75,composition,287,1,1,2400,,33,17,1252.034403802827,6576,ddee7002
heuristic_1_75,composition,288,1,1,2400,,12,21,1222.7287317160517,8548,2c22708a
heuristic_1_75,composition,289,1,1,2400,,12,23,1262.9864285700023,8167,7f9e25e2
heuristic_1_75,composition,290,0.88,0,2117.25,poison,15,12,1291.4361126255244,6325,56f6b073
heuristic_1_75,composition,291,0.91,0,2189.25,hunger,17,17,1298.5788947436959,8389,9c9e22ad
heuristic_1_75,composition,292,1,1,2400,,22,19,1057.1428986266255,8019,0550a2ca
heuristic_1_75,composition,293,0.41,0,995.15,hunger,8,0,1005.9947689063847,3344,b73c3cf2
heuristic_1_75,composition,294,1,1,2400,,12,19,1091.9827145989984,7200,45552f0a
heuristic_1_75,composition,295,1,1,2400,,30,25,1078.8521320559084,8652,c9d0719a
heuristic_1_75,composition,296,1,1,2400,,25,23,1305.3439878858626,8303,b3d1c1f7
heuristic_1_75,composition,297,0.59,0,1426.5,cold,17,10,1274.4486073963344,4122,3c29ff1c
heuristic_1_75,composition,298,1,1,2400,,13,20,941.0594351124018,6315,cf397862
heuristic_1_75,composition,299,1,1,2400,,39,24,1427.4996501859277,4768,acb94a9c
heuristic_1_75,invert,0,0.71,0,1713.95,poison,11,13,1355.2491386421025,6694,c826fd67
heuristic_1_75,invert,1,0.58,0,1380.25,hunger,12,2,1453.974782070145,5533,083c3946
heuristic_1_75,invert,2,0.48,0,1146.95,poison,11,12,1008.7649860884994,4897,7ccd68fa
heuristic_1_75,invert,3,1,1,2400,,30,25,1052.154010394588,8044,59d990b4
heuristic_1_75,invert,4,0.47,0,1117.9,poison,13,12,1012.4247627798468,4410,8c1fe28e
heuristic_1_75,invert,5,0.7,0,1679.15,poison,13,14,1021.8986702151597,6527,a4f9c7fe
heuristic_1_75,invert,6,0.93,0,2241.1,wounds,36,14,924.9981891363859,8662,85f75fd0
heuristic_1_75,invert,7,0.62,0,1490.3,poison,11,12,1280.811721784994,5470,2d8950e2
heuristic_1_75,invert,8,1,1,2400,,31,26,1227.5550863239914,8663,1ac463de
heuristic_1_75,invert,9,0.67,0,1610.25,cold,22,13,954.4359873980284,6059,1f94f9c4
heuristic_1_75,invert,10,1,1,2400,,17,20,1481.036379514262,8599,6566b400
heuristic_1_75,invert,11,1,1,2400,,19,20,1419.2990833427757,8112,136393c8
heuristic_1_75,invert,12,0.63,0,1507.45,poison,13,13,1156.1995566822588,5242,dd49f463
heuristic_1_75,invert,13,1,1,2400,,38,23,975.9893313981593,9834,b083a09d
heuristic_1_75,invert,14,0.69,0,1648.75,poison,14,13,1056.7464123945683,5496,5c20ece4
heuristic_1_75,invert,15,1,1,2400,,32,11,1087.165479362011,7160,17bd50fe
heuristic_1_75,invert,16,1,1,2400,,38,26,1184.9144582636654,7309,7c815164
heuristic_1_75,invert,17,1,1,2400,,32,14,948.6968228593469,5864,014406e0
heuristic_1_75,invert,18,0.55,0,1314.85,poison,20,13,1230.41522372514,3992,0a37ba2e
heuristic_1_75,invert,19,0.42,0,1015.35,hunger,11,8,1493.4291507583112,4054,020971d9
heuristic_1_75,invert,20,1,1,2400,,10,23,1195.6276488024741,8460,68fedfda
heuristic_1_75,invert,21,0.61,0,1471.4,poison,13,15,1099.0994222927839,4809,43bf1caa
heuristic_1_75,invert,22,1,1,2400,,13,14,1396.9266504049301,8873,ff7b7155
heuristic_1_75,invert,23,1,1,2400,,39,19,1006.6232697106898,6560,1467ab45
heuristic_1_75,invert,24,1,1,2400,,17,16,914.0643363352865,8017,40651911
heuristic_1_75,invert,25,0.7,0,1684.15,poison,16,15,909.055660944432,5701,7736de28
heuristic_1_75,invert,26,0.63,0,1502,poison,12,11,1418.5124515090138,4885,a4669e75
heuristic_1_75,invert,27,0.78,0,1882.9,poison,12,14,1038.7996306177229,6195,58b29c1d
heuristic_1_75,invert,28,1,1,2400,,22,20,1491.567375836894,7275,3ff8cd64
heuristic_1_75,invert,29,1,1,2400,,30,26,1168.8283814582974,7025,a088f6d4
heuristic_1_75,invert,30,1,1,2400,,32,30,1246.451383922249,7687,c9a324a6
heuristic_1_75,invert,31,0.76,0,1818.45,poison,18,9,1109.8990456201136,4622,47bdce03
heuristic_1_75,invert,32,1,1,2400,,21,20,1451.950038364157,7295,affd8ccf
heuristic_1_75,invert,33,0.51,0,1215.45,poison,12,11,933.9349877089262,3473,608ac541
heuristic_1_75,invert,34,1,1,2400,,39,27,1440.3934170026332,6757,50f50214
heuristic_1_75,invert,35,1,1,2400,,22,22,1076.2001846451312,6801,3648c660
heuristic_1_75,invert,36,0.29,0,701.85,cold,13,3,1431.0532630886883,2482,7a3b8c8e
heuristic_1_75,invert,37,1,1,2400,,35,27,1275.561968749389,8302,647e34d5
heuristic_1_75,invert,38,1,1,2400,,33,24,1415.9737795125693,6519,a47e15d1
heuristic_1_75,invert,39,0.52,0,1257.65,cold,12,8,1050.0572400167584,3792,b1fbe29d
heuristic_1_75,invert,40,1,1,2400,,14,22,1220.4956889152527,6962,04ec0832
heuristic_1_75,invert,41,1,1,2400,,51,40,1232.8261929564178,7083,d3fea2e8
heuristic_1_75,invert,42,0.72,0,1725.3,poison,23,12,1441.9177936390042,7253,9133de39
heuristic_1_75,invert,43,0.52,0,1243.75,poison,12,12,979.1187167633325,4424,366698a0
heuristic_1_75,invert,44,1,1,2400,,36,12,1135.521693667397,7704,8e73dc67
heuristic_1_75,invert,45,1,1,2400,,33,26,1280.4792047012597,8092,082da041
heuristic_1_75,invert,46,0.89,0,2131.5,wounds,29,17,1308.1812533084303,7234,bbe439fe
heuristic_1_75,invert,47,0.61,0,1471.4,poison,19,17,1359.4722845591605,5183,13225e4d
heuristic_1_75,invert,48,0.57,0,1361.2,poison,11,10,1289.9143806193024,3815,79a9a1e2
heuristic_1_75,invert,49,1,1,2400,,14,20,1370.1839546207339,8146,57e264b5
heuristic_1_75,invert,50,1,1,2400,,14,17,1223.048041574657,6637,b2ade553
heuristic_1_75,invert,51,1,1,2400,,29,27,1190.0646095629781,7334,be13eab2
heuristic_1_75,invert,52,0.59,0,1412.25,poison,11,12,1030.5976996198297,4407,8a5dce3d
heuristic_1_75,invert,53,0.7,0,1684.35,poison,14,12,910.6717661954463,5417,8ada0b40
heuristic_1_75,invert,54,0.63,0,1512.35,poison,9,12,925.2298789098859,5397,ffb91331
heuristic_1_75,invert,55,1,1,2400,,32,26,1315.2466686442494,7064,29409419
heuristic_1_75,invert,56,0.31,0,740.3,hunger,8,5,1267.03458186239,2692,60be36aa
heuristic_1_75,invert,57,0.55,0,1320.7,hunger,12,9,1362.3291590251029,5682,b834c763
heuristic_1_75,invert,58,0.1,0,238.1,thirst,4,4,1401.4836218208075,718,468d16b2
heuristic_1_75,invert,59,0.64,0,1538.45,poison,12,16,1336.2382390536368,6487,343d4dfe
heuristic_1_75,invert,60,1,1,2400,,15,22,1153.169801691547,9137,e1ea52b6
heuristic_1_75,invert,61,1,1,2400,,28,9,960.9996335115284,8619,aedc94f4
heuristic_1_75,invert,62,1,1,2400,,20,14,1222.427462786436,9917,b968e6e2
heuristic_1_75,invert,63,0.71,0,1696.6,poison,13,10,1232.517156098038,6593,64c65f75
heuristic_1_75,invert,64,0.67,0,1608.85,poison,16,16,1276.6067342832685,6913,fe3fda7d
heuristic_1_75,invert,65,1,1,2400,,21,20,963.0870806984603,8279,113862b3
heuristic_1_75,invert,66,0.53,0,1280.9,poison,13,12,986.5628327708691,4954,49bd1ebd
heuristic_1_75,invert,67,1,1,2400,,37,23,909.949193475768,8503,795e2d4c
heuristic_1_75,invert,68,1,1,2400,,30,25,1281.0644138138741,7835,afe5fe81
heuristic_1_75,invert,69,1,1,2400,,22,15,1171.9917150679976,9524,e2d46c01
heuristic_1_75,invert,70,0.69,0,1659.3,wounds,20,12,1277.3612827062607,6205,054a5604
heuristic_1_75,invert,71,1,1,2400,,10,22,1034.9216405767947,8720,dcdb0bbd
heuristic_1_75,invert,72,0.58,0,1383.95,poison,10,12,1070.4212616663426,4921,7806a7d8
heuristic_1_75,invert,73,0.51,0,1225.1,poison,11,13,1104.2127545457333,4711,53b41ff2
heuristic_1_75,invert,74,0.63,0,1515.1,poison,15,14,1485.3858197573572,6834,ae8d8688
heuristic_1_75,invert,75,1,1,2400,,27,15,1370.1367920264602,9393,c5f0c8ca
heuristic_1_75,invert,76,0.64,0,1536.35,poison,14,7,1216.054368764162,5005,8baf9c2b
heuristic_1_75,invert,77,0.57,0,1358.1,poison,11,12,1125.5095273721963,4991,719c759c
heuristic_1_75,invert,78,0.7,0,1671.8,poison,16,13,1204.263577144593,7489,80c6381e
heuristic_1_75,invert,79,0.75,0,1788.05,cold,30,9,1330.0101856235415,7046,ecf7f0bd
heuristic_1_75,invert,80,1,1,2400,,29,15,1183.6501486133784,9024,2066e35d
heuristic_1_75,invert,81,1,1,2400,,30,11,1463.9479940291494,8781,3e02e00a
heuristic_1_75,invert,82,1,1,2400,,22,22,1381.2492803670466,7921,013a4e12
heuristic_1_75,invert,83,1,1,2400,,30,17,1366.8350195512176,8868,35c70cb7
heuristic_1_75,invert,84,0.76,0,1824.45,cold,23,10,1199.6968852356076,6885,a49feb4a
heuristic_1_75,invert,85,0.65,0,1557.15,poison,13,13,1383.1437966786325,6210,a665c5ca
heuristic_1_75,invert,86,1,1,2400,,28,15,967.5357674248517,8714,aa1ac9c2
heuristic_1_75,invert,87,0.77,0,1840.15,poison,17,17,1156.808812217787,7109,9e76d43b
heuristic_1_75,invert,88,1,1,2400,,25,23,1173.720809770748,8761,f5c92a59
heuristic_1_75,invert,89,0.7,0,1688.85,poison,22,12,1259.988802531734,6104,31f6ff2d
heuristic_1_75,invert,90,1,1,2400,,13,21,1155.3427994716913,8581,802c802b
heuristic_1_75,invert,91,0.86,0,2072.7,poison,25,20,1420.2966009266675,7249,f0bf9962
heuristic_1_75,invert,92,0.61,0,1475.65,poison,15,12,927.627966273576,5282,8e9e55a2
heuristic_1_75,invert,93,0.64,0,1537.45,poison,14,12,1101.074359472841,5506,bb52a995
heuristic_1_75,invert,94,0.7,0,1682.7,poison,13,12,1300.118240620941,6667,47245129
heuristic_1_75,invert,95,0.75,0,1792.15,poison,13,5,1018.5872426256537,6601,31f48f0e
heuristic_1_75,invert,96,0.96,0,2307.05,poison,16,19,992.0312591828406,8558,c5ed8af3
heuristic_1_75,invert,97,0.37,0,888.7,cold,19,12,1231.5269999206066,5176,39dba5bc
heuristic_1_75,invert,98,1,1,2400,,35,33,924.7223654296249,9191,4a85c565
heuristic_1_75,invert,99,0.44,0,1057,poison,12,6,967.8169305436313,4082,b8cdcac7
heuristic_1_75,invert,100,0.93,0,2226.15,hunger,15,8,1377.256285166368,8602,04c1fcfa
heuristic_1_75,invert,101,1,1,2400,,16,12,974.794791592285,8901,4ab434f4
heuristic_1_75,invert,102,0.8,0,1923.2,poison,14,12,1344.8649160098284,7558,519d5b2c
heuristic_1_75,invert,103,1,1,2400,,18,18,1469.4877217989415,14621,f724033f
heuristic_1_75,invert,104,1,1,2400,,34,18,1105.1880461163819,7807,839e3d8c
heuristic_1_75,invert,105,0.29,0,685.55,hunger,7,0,1135.4575088247657,2656,50696aae
heuristic_1_75,invert,106,0.67,0,1608.5,poison,16,12,1370.607446366921,5226,6920fc7d
heuristic_1_75,invert,107,0.66,0,1591.35,poison,12,9,1414.4714328926057,5054,7bf07435
heuristic_1_75,invert,108,1,1,2400,,19,20,1121.8604417983443,7313,3da2d270
heuristic_1_75,invert,109,1,1,2400,,21,22,1178.230143757537,7486,9b5d0beb
heuristic_1_75,invert,110,1,1,2400,,11,16,1115.6502345576882,7260,282249a5
heuristic_1_75,invert,111,0.67,0,1608.7,hunger,12,12,960.8158277347684,5850,90683eac
heuristic_1_75,invert,112,1,1,2400,,46,27,1085.309890564531,8814,2b2b7ebd
heuristic_1_75,invert,113,1,1,2400,,12,18,1113.8190667144954,6036,85cb0e5b
heuristic_1_75,invert,114,1,1,2400,,14,17,1361.66654471308,6220,ba0a7ad2
heuristic_1_75,invert,115,1,1,2400,,12,14,1455.5010417010635,6512,703a84cb
heuristic_1_75,invert,116,1,1,2400,,26,23,1018.9518865663558,7770,92c7d278
heuristic_1_75,invert,117,1,1,2400,,35,13,916.4415249601007,7622,af027e8b
heuristic_1_75,invert,118,1,1,2400,,11,20,1006.9175567943603,7482,2af598fe
heuristic_1_75,invert,119,1,1,2400,,16,18,1341.1057353951037,5808,226539a0
heuristic_1_75,invert,120,1,1,2400,,18,18,994.2024345975369,7328,2a6ee061
heuristic_1_75,invert,121,1,1,2400,,24,20,1173.2023521792144,6784,b4e5990d
heuristic_1_75,invert,122,0.69,0,1655.65,poison,12,12,1159.5645303837955,5203,ce1b1ce0
heuristic_1_75,invert,123,0.15,0,355.4,cold,6,0,1361.5515862125903,1099,a61e73f0
heuristic_1_75,invert,124,0.69,0,1652.65,poison,12,5,1353.230178449303,4236,d2c667ef
heuristic_1_75,invert,125,1,1,2400,,28,23,1167.0434507075697,7379,39e8fc69
heuristic_1_75,invert,126,0.59,0,1427.6,cold,17,3,1107.4519793037325,4663,f9b3ed31
heuristic_1_75,invert,127,0.84,0,2011.55,poison,13,10,905.0416419748217,5757,a53685c3
heuristic_1_75,invert,128,1,1,2400,,26,22,1466.7996475473046,7586,68d3de8d
heuristic_1_75,invert,129,0.33,0,799.15,hunger,7,0,1144.7639701422304,2417,a85cac5e
heuristic_1_75,invert,130,1,1,2400,,19,14,1465.0964791886508,6573,72780548
heuristic_1_75,invert,131,0.97,0,2330.5,cold,23,19,1281.5392343793064,6452,35720554
heuristic_1_75,invert,132,0.61,0,1475.7,hunger,14,10,1101.1725116986781,4774,1011e106
heuristic_1_75,invert,133,1,1,2400,,57,36,1475.874112173915,9353,47acc5fb
heuristic_1_75,invert,134,0.63,0,1508.7,poison,13,12,1290.601725736633,4957,0f44d636
heuristic_1_75,invert,135,0.6,0,1440.9,hunger,18,13,1077.2608320694417,4332,0f6c2e75
heuristic_1_75,invert,136,1,1,2400,,26,26,951.4538374263793,6944,a8a1545e
heuristic_1_75,invert,137,0.94,0,2253.15,hunger,27,17,1320.6740022171289,7965,466d00e6
heuristic_1_75,invert,138,1,1,2400,,21,18,1447.0843572635204,7108,430b464e
heuristic_1_75,invert,139,0.71,0,1694.05,poison,15,11,984.9529625382274,5256,0e172b75
heuristic_1_75,invert,140,1,1,2400,,21,21,1077.8336768969893,7683,39e8f433
heuristic_1_75,invert,141,0.57,0,1359.55,poison,12,11,1340.8855895977467,4967,1989251b
heuristic_1_75,invert,142,1,1,2400,,15,21,1118.7472659163177,7305,3b55b467
heuristic_1_75,invert,143,1,1,2400,,13,20,1486.79534685798,9928,43398b73
heuristic_1_75,invert,144,0.69,0,1666.3,poison,14,13,1136.9918907992542,6360,baf992bc
heuristic_1_75,invert,145,1,1,2400,,27,19,1264.3856103066355,9157,cbd60ac5
heuristic_1_75,invert,146,0.53,0,1272.75,poison,13,12,929.2768886312842,5419,33590a0b
heuristic_1_75,invert,147,1,1,2400,,29,21,1286.7421955801547,14286,c0effa95
heuristic_1_75,invert,148,1,1,2400,,13,19,1130.9817840345204,9589,5fd37409
heuristic_1_75,invert,149,1,1,2400,,36,22,1090.8703928813338,9924,c5b5b752
heuristic_1_75,invert,150,1,1,2400,,10,20,1388.3687366265804,8792,f275fddb
heuristic_1_75,invert,151,1,1,2400,,11,20,1241.7869745288044,10490,b114b34b
heuristic_1_75,invert,152,1,1,2400,,19,21,996.4221268426627,10383,5bf7fcdc
heuristic_1_75,invert,153,0.64,0,1545.35,poison,12,9,1465.5266754794866,5417,2b38d462
heuristic_1_75,invert,154,0.79,0,1893.8,poison,12,12,1360.0727495737374,7978,f6e82218
heuristic_1_75,invert,155,1,1,2400,,27,24,1293.6976034659892,8868,57872c89
heuristic_1_75,invert,156,0.84,0,2025.15,poison,21,16,1090.0327538140118,8392,09a9152d
heuristic_1_75,invert,157,0.53,0,1269.85,poison,10,12,1184.5583468209952,5671,b9e20914
heuristic_1_75,invert,158,0.91,0,2188.1,poison,15,16,1361.2498610280454,7662,d17342ac
heuristic_1_75,invert,159,0.56,0,1339.3,poison,12,9,1087.0310737285763,4649,fb7b2b2f
heuristic_1_75,invert,160,1,1,2400,,18,15,1134.409105265513,9325,212c9960
heuristic_1_75,invert,161,1,1,2400,,20,25,1211.019501183182,9058,937ed3b3
heuristic_1_75,invert,162,0.7,0,1688.9,poison,15,12,1354.779640166089,6322,b2db35b5
heuristic_1_75,invert,163,1,1,2400,,24,22,1193.7779202125967,7882,08dc5980
heuristic_1_75,invert,164,1,1,2400,,38,25,1397.6827750448138,10205,77b5b802
heuristic_1_75,invert,165,0.56,0,1346.95,poison,12,11,1259.7743312828243,5084,47b4cc8c
heuristic_1_75,invert,166,1,1,2400,,30,9,1234.640494454652,8677,8f84d468
heuristic_1_75,invert,167,0.7,0,1684.4,poison,17,11,1190.675621246919,7119,b04d83db
heuristic_1_75,invert,168,0.85,0,2033.8,hunger,27,17,1314.1329189296812,7480,42ea52c9
heuristic_1_75,invert,169,1,1,2400,,29,10,1195.129220187664,8717,92258c4c
heuristic_1_75,invert,170,1,1,2400,,13,21,1303.8867191411555,8837,99afaca3
heuristic_1_75,invert,171,0.57,0,1372.5,poison,16,12,1105.4251719731838,6556,34b64152
heuristic_1_75,invert,172,1,1,2400,,25,21,1323.0916259810328,9037,05686478
heuristic_1_75,invert,173,0.76,0,1819.55,poison,12,11,1485.8402882236987,7008,05ef9e5f
heuristic_1_75,invert,174,0.53,0,1272.8,poison,11,12,947.138951998204,4577,2c6f4642
heuristic_1_75,invert,175,1,1,2400,,19,16,1297.4928145296872,8779,dbd0ae69
heuristic_1_75,invert,176,0.54,0,1293.35,poison,11,11,1049.629135709256,5601,891c3f86
heuristic_1_75,invert,177,1,1,2400,,33,2,1195.7596875261515,7982,44c1e6b2
heuristic_1_75,invert,178,1,1,2400,,33,29,1407.15163461864,9127,813aeed1
heuristic_1_75,invert,179,0.66,0,1592.8,poison,13,13,919.9207201134413,6703,68041f28
heuristic_1_75,invert,180,1,1,2400,,19,26,1455.5653866380453,8012,4b3435e0
heuristic_1_75,invert,181,0.38,0,907.5,hunger,6,5,1100.8694166317582,3729,f772e9ac
heuristic_1_75,invert,182,0.77,0,1859.55,poison,15,12,1398.7264457624406,6479,348204ba
heuristic_1_75,invert,183,1,1,2400,,21,20,1043.0413277819753,8265,18a96f2d
heuristic_1_75,invert,184,1,1,2400,,35,23,1111.4483778364956,10581,061e3da0
heuristic_1_75,invert,185,1,1,2400,,14,19,1221.8576656188816,10244,22478702
heuristic_1_75,invert,186,1,1,2400,,15,19,1428.9914247114211,9026,8f3a1db3
heuristic_1_75,invert,187,1,1,2400,,27,23,1085.6338331010193,8265,b184bd4f
heuristic_1_75,invert,188,1,1,2400,,36,22,1393.417603103444,10227,63c876e2
heuristic_1_75,invert,189,0.69,0,1652,poison,11,13,1201.2530513573438,6848,db8ff833
heuristic_1_75,invert,190,0.94,0,2253.65,poison,22,10,1321.2053932249546,7269,b2b0676f
heuristic_1_75,invert,191,1,1,2400,,22,19,1496.1295024026185,8408,591d1ff1
heuristic_1_75,invert,192,1,1,2400,,29,27,930.2925735712051,8307,032a3867
heuristic_1_75,invert,193,1,1,2400,,14,23,1258.9972082991153,7513,967ca153
heuristic_1_75,invert,194,0.71,0,1693.8,poison,12,12,1152.4073097389191,6225,9eb8815b
heuristic_1_75,invert,195,0.6,0,1437.35,cold,18,12,999.0998560097069,5644,e06bee46
heuristic_1_75,invert,196,0.75,0,1806.7,poison,14,13,1205.9377323836088,6183,7ab8a39b
heuristic_1_75,invert,197,1,1,2400,,32,19,1488.0803638603538,9134,769e12ff
heuristic_1_75,invert,198,1,1,2400,,32,21,1394.535796623677,10829,9a32e6dc
heuristic_1_75,invert,199,0.61,0,1460.95,poison,20,13,1047.8182077873498,5766,35ff6f61
heuristic_1_75,invert,200,0.34,0,817.5,poison,6,12,1357.1969599463046,3472,39812f5a
heuristic_1_75,invert,201,0.69,0,1651.05,poison,17,13,992.1195602975786,5992,22bd5cd1
heuristic_1_75,invert,202,1,1,2400,,16,20,1192.2995714005083,8399,f6df2662
heuristic_1_75,invert,203,1,1,2400,,36,26,1154.5003413688391,10251,5dd6538b
heuristic_1_75,invert,204,1,1,2400,,21,21,1000.1810078043491,7824,bc61e708
heuristic_1_75,invert,205,1,1,2400,,16,15,994.9222215916961,8821,698fefb7
heuristic_1_75,invert,206,1,1,2400,,34,30,1122.0955364406109,9197,a2f31f64
heuristic_1_75,invert,207,1,1,2400,,37,28,983.6325459647924,9122,a5c2d740
heuristic_1_75,invert,208,1,1,2400,,41,19,901.699693640694,8821,dc075f57
heuristic_1_75,invert,209,1,1,2400,,12,13,1252.5396300014108,8698,845bec05
heuristic_1_75,invert,210,0.66,0,1574.25,poison,17,16,1169.0376046579331,4934,5a549080
heuristic_1_75,invert,211,1,1,2400,,34,19,1002.9386837035418,8196,0f039967
heuristic_1_75,invert,212,0.66,0,1572.05,poison,13,12,1235.1081307511777,6684,4b0f613f
heuristic_1_75,invert,213,1,1,2400,,35,24,1369.4587578065693,7934,35808591
heuristic_1_75,invert,214,0.81,0,1945.55,poison,15,7,925.6938612554222,7893,f9afba41
heuristic_1_75,invert,215,1,1,2400,,32,21,1298.5434462781996,16171,c9deac54
heuristic_1_75,invert,216,0.73,0,1751.55,poison,16,14,1345.3038537874818,6598,6774d403
heuristic_1_75,invert,217,0.81,0,1945.7,poison,22,13,1205.3591650910676,7537,62abfb49
heuristic_1_75,invert,218,1,1,2400,,27,23,1221.6119939927012,8938,0d4ff9b1
heuristic_1_75,invert,219,1,1,2400,,17,21,948.6826007254422,9384,544b4719
heuristic_1_75,invert,220,1,1,2400,,33,22,1211.7021025624126,8367,b40f9284
heuristic_1_75,invert,221,0.98,0,2355.85,poison,13,17,1457.7891195192933,8494,cbffe301
heuristic_1_75,invert,222,0.51,0,1235.9,poison,9,10,1047.5726979319006,8684,d21b0660
heuristic_1_75,invert,223,1,1,2400,,34,33,1194.918327452615,8590,5896a033
heuristic_1_75,invert,224,0.9,0,2163.4,poison,14,17,1005.4493539966643,7389,4dba9ce0
heuristic_1_75,invert,225,0.87,0,2091.8,poison,18,23,1376.4573000837117,6667,d33a5e1a
heuristic_1_75,invert,226,0.47,0,1136.2,poison,11,12,939.5778216887265,4194,0f54ac10
heuristic_1_75,invert,227,1,1,2400,,19,22,1434.9179482553154,7583,2025a7db
heuristic_1_75,invert,228,0.81,0,1938,poison,17,12,921.1716557387263,7239,533ba1d9
heuristic_1_75,invert,229,0.63,0,1505.8,poison,12,12,1319.0656683873385,5345,79a3071e
heuristic_1_75,invert,230,1,1,2400,,13,14,960.7735414523631,9322,d10a1ff9
heuristic_1_75,invert,231,1,1,2400,,15,17,970.7320349290967,7874,1d70d9d9
heuristic_1_75,invert,232,1,1,2400,,27,23,1424.1734676528722,8210,f99f2447
heuristic_1_75,invert,233,0.67,0,1596.1,hunger,17,12,1397.2399753052741,5485,17146a7c
heuristic_1_75,invert,234,1,1,2400,,42,27,1363.8952993322164,7868,fff3267a
heuristic_1_75,invert,235,1,1,2400,,19,22,1054.7708944883198,9022,f97231ac
heuristic_1_75,invert,236,1,1,2400,,33,22,1104.401738801971,9800,aa95ea20
heuristic_1_75,invert,237,0.91,0,2189.3,poison,25,22,1203.0590652488172,7719,a428f8fa
heuristic_1_75,invert,238,1,1,2400,,22,13,1113.8568364083767,8527,d5d6bc2c
heuristic_1_75,invert,239,0.71,0,1698.9,poison,21,12,1336.7236276622862,6775,bb5e7f2a
heuristic_1_75,invert,240,1,1,2400,,23,24,1202.6472402736545,8287,6f86c33c
heuristic_1_75,invert,241,1,1,2400,,23,23,1046.5303159318864,10281,ea5d9cfa
heuristic_1_75,invert,242,0.64,0,1535.45,poison,11,12,1344.6201412472874,5273,95690240
heuristic_1_75,invert,243,1,1,2400,,26,14,937.8141772001982,9739,ab54bd2d
heuristic_1_75,invert,244,1,1,2400,,42,27,1135.7657541520894,8872,af4d9014
heuristic_1_75,invert,245,0.56,0,1334.45,poison,11,12,1292.609103396535,5334,2c0c8d15
heuristic_1_75,invert,246,1,1,2400,,21,23,1038.6681274976581,8618,f247938b
heuristic_1_75,invert,247,1,1,2400,,19,20,1389.2561377957463,10886,266f1d7f
heuristic_1_75,invert,248,0.51,0,1214.9,poison,10,12,907.4884203728288,4720,b047f1d5
heuristic_1_75,invert,249,1,1,2400,,25,8,1409.0957075357437,6952,dcd13bc2
heuristic_1_75,invert,250,0.74,0,1768.85,poison,11,15,1225.0616886187345,6458,b8044405
heuristic_1_75,invert,251,1,1,2400,,26,17,1297.0446069259197,6862,b9ba7771
heuristic_1_75,invert,252,1,1,2400,,43,27,1103.9641621056944,9485,b096b94d
heuristic_1_75,invert,253,1,1,2400,,24,22,1119.4196885917336,8228,935c8f58
heuristic_1_75,invert,254,1,1,2400,,12,18,1270.0571752153337,8855,1799d62e
heuristic_1_75,invert,255,0.98,0,2357.2,hunger,26,14,978.7794969510287,8562,03b88cfd
heuristic_1_75,invert,256,0.5,0,1199.9,poison,12,13,984.344200277701,5090,c3effa14
heuristic_1_75,invert,257,0.71,0,1695.25,poison,21,13,1446.5802851133049,6125,ff6cbcac
heuristic_1_75,invert,258,1,1,2400,,43,25,919.6648745331913,7703,d01007ef
heuristic_1_75,invert,259,1,1,2400,,38,25,1459.2605631798506,8671,9136a34d
heuristic_1_75,invert,260,1,1,2400,,22,18,1361.0214677173644,9586,3ec6e922
heuristic_1_75,invert,261,0.87,0,2084.75,poison,15,16,1450.6259872578084,6983,0f9c452e
heuristic_1_75,invert,262,1,1,2400,,12,21,1268.2364974636585,8645,1658abca
heuristic_1_75,invert,263,1,1,2400,,32,27,1249.1626046597958,7300,8ba39a15
heuristic_1_75,invert,264,0.5,0,1188.85,poison,10,10,907.069144025445,3837,50dc6b8d
heuristic_1_75,invert,265,1,1,2400,,39,19,1339.0997590497136,9629,d5a68018
heuristic_1_75,invert,266,0.55,0,1319.15,poison,11,12,945.520893484354,4424,8cf60025
heuristic_1_75,invert,267,1,1,2400,,16,15,1004.3327002320439,7765,4392461c
heuristic_1_75,invert,268,1,1,2400,,30,20,1445.2794782817364,7155,de74b833
heuristic_1_75,invert,269,1,1,2400,,42,16,1217.0531110838056,7603,fdf7f9e0
heuristic_1_75,invert,270,0.41,0,987.85,poison,11,12,905.9832656756043,3455,93fc217d
heuristic_1_75,invert,271,1,1,2400,,20,25,971.0220783948898,7133,d550077c
heuristic_1_75,invert,272,1,1,2400,,15,19,1348.1315648183227,7027,63b6e48f
heuristic_1_75,invert,273,1,1,2400,,45,18,1355.776495859027,7738,dc20416e
heuristic_1_75,invert,274,1,1,2400,,21,25,1305.6870179716498,5991,948fe98d
heuristic_1_75,invert,275,1,1,2400,,19,6,967.6845006644726,7971,5c09148e
heuristic_1_75,invert,276,0.78,0,1879.35,poison,17,11,1469.6337923873216,5351,189ef4ee
heuristic_1_75,invert,277,1,1,2400,,33,26,1118.4982267208397,6231,2e8d2d9d
heuristic_1_75,invert,278,0.75,0,1790.7,poison,12,16,1354.2102840263397,4777,337f5b3b
heuristic_1_75,invert,279,1,1,2400,,27,23,905.5938298813999,6644,21ec1974
heuristic_1_75,invert,280,0.71,0,1692.75,poison,12,12,1254.6807469334453,5348,eed31729
heuristic_1_75,invert,281,0.6,0,1430.65,cold,16,8,945.7816836889833,4586,388e153d
heuristic_1_75,invert,282,0.63,0,1506.85,poison,11,12,1388.6873227078468,5012,62e04a87
heuristic_1_75,invert,283,1,1,2400,,27,20,1067.9485361091793,6370,c04d7ff3
heuristic_1_75,invert,284,0.65,0,1548.55,poison,13,11,1366.2202809937298,4729,303c263c
heuristic_1_75,invert,285,0.09,0,225.25,thirst,4,6,1176.8785789143294,573,16b833a3
heuristic_1_75,invert,286,0.67,0,1606.85,poison,12,12,1320.0503782834858,5063,63ba568b
heuristic_1_75,invert,287,1,1,2400,,33,26,1252.034403802827,5425,7428ac33
heuristic_1_75,invert,288,0.69,0,1653.55,poison,12,12,1222.7287317160517,5226,a0bff994
heuristic_1_75,invert,289,0.83,0,1985.9,poison,25,12,1262.9864285700023,5982,55c75640
heuristic_1_75,invert,290,1,1,2400,,11,16,1291.4361126255244,5677,b3c9f30a
heuristic_1_75,invert,291,1,1,2400,,26,26,1298.5788947436959,6908,e6cef6b1
heuristic_1_75,invert,292,1,1,2400,,21,17,1057.1428986266255,6456,aedccfeb
heuristic_1_75,invert,293,0.41,0,995.15,hunger,8,0,1005.9947689063847,3355,b73c3cf2
heuristic_1_75,invert,294,1,1,2400,,14,17,1091.9827145989984,5946,ffb6a2f8
heuristic_1_75,invert,295,1,1,2400,,29,22,1078.8521320559084,7549,2e54c310
heuristic_1_75,invert,296,1,1,2400,,30,26,1305.3439878858626,7399,0dfe889e
heuristic_1_75,invert,297,0.97,0,2322.7,hunger,22,10,1274.4486073963344,5808,4a032c83
heuristic_1_75,invert,298,1,1,2400,,30,26,941.0594351124018,6322,0d11627d
heuristic_1_75,invert,299,1,1,2400,,35,28,1427.4996501859277,4268,4a6c19e5
heuristic_1_75,novel,0,1,1,2400,,12,23,1355.2491386421025,11324,ba717765
heuristic_1_75,novel,1,0.58,0,1380.25,hunger,12,2,1453.974782070145,5385,083c3946
heuristic_1_75,novel,2,1,1,2400,,13,20,1008.7649860884994,11765,65628ac5
heuristic_1_75,novel,3,1,1,2400,,33,25,1052.154010394588,10791,d1362b79
heuristic_1_75,novel,4,1,1,2400,,14,14,1012.4247627798468,11305,f1775801
heuristic_1_75,novel,5,1,1,2400,,15,21,1021.8986702151597,10977,b8e5cbd4
heuristic_1_75,novel,6,0.69,0,1645.25,poison,19,16,924.9981891363859,6765,9792eff5
heuristic_1_75,novel,7,1,1,2400,,13,19,1280.811721784994,10418,98af9cdd
heuristic_1_75,novel,8,1,1,2400,,28,22,1227.5550863239914,10379,3e1347cc
heuristic_1_75,novel,9,1,1,2400,,30,25,954.4359873980284,10442,830ddd44
heuristic_1_75,novel,10,1,1,2400,,15,20,1481.036379514262,10008,459c3c4b
heuristic_1_75,novel,11,1,1,2400,,13,20,1419.2990833427757,9142,687c1996
heuristic_1_75,novel,12,1,1,2400,,15,17,1156.1995566822588,9765,94245071
heuristic_1_75,novel,13,1,1,2400,,17,20,975.9893313981593,12037,64d1a932
heuristic_1_75,novel,14,1,1,2400,,15,14,1056.7464123945683,9287,0b857f96
heuristic_1_75,novel,15,0.65,0,1570.15,hunger,20,8,1087.165479362011,5855,4e3caa16
heuristic_1_75,novel,16,1,1,2400,,36,21,1184.9144582636654,8295,85b1ad03
heuristic_1_75,novel,17,1,1,2400,,29,25,948.6968228593469,8083,bdeacada
heuristic_1_75,novel,18,1,1,2400,,20,21,1230.41522372514,8420,97470e1f
heuristic_1_75,novel,19,0.42,0,1015.35,hunger,11,8,1493.4291507583112,3839,020971d9
heuristic_1_75,novel,20,0.76,0,1826.2,poison,22,12,1195.6276488024741,7393,d87fe533
heuristic_1_75,novel,21,1,1,2400,,15,22,1099.0994222927839,9931,59c4b68b
heuristic_1_75,novel,22,1,1,2400,,13,19,1396.9266504049301,10475,63a72f0b
heuristic_1_75,novel,23,1,1,2400,,34,21,1006.6232697106898,8511,78ca8bff
heuristic_1_75,novel,24,1,1,2400,,20,23,914.0643363352865,9882,406bd8a9
heuristic_1_75,novel,25,1,1,2400,,15,21,909.055660944432,9723,4217c1dc
heuristic_1_75,novel,26,1,1,2400,,14,18,1418.5124515090138,8734,9227fb4b
heuristic_1_75,novel,27,1,1,2400,,13,20,1038.7996306177229,9748,3036ec28
heuristic_1_75,novel,28,1,1,2400,,16,21,1491.567375836894,7927,35214d99
heuristic_1_75,novel,29,1,1,2400,,34,24,1168.8283814582974,8571,c76ab386
heuristic_1_75,novel,30,1,1,2400,,27,21,1246.451383922249,9349,e067ff81
heuristic_1_75,novel,31,1,1,2400,,17,17,1109.8990456201136,7479,843dae4f
heuristic_1_75,novel,32,1,1,2400,,23,23,1451.950038364157,9211,1d712001
heuristic_1_75,novel,33,1,1,2400,,16,19,933.9349877089262,8536,7bb6e68d
heuristic_1_75,novel,34,1,1,2400,,32,23,1440.3934170026332,8358,58dddb5b
heuristic_1_75,novel,35,1,1,2400,,22,19,1076.2001846451312,8044,a1ded2f5
heuristic_1_75,novel,36,0.29,0,701.85,cold,13,3,1431.0532630886883,2569,7a3b8c8e
heuristic_1_75,novel,37,1,1,2400,,31,22,1275.561968749389,10138,40f83e6a
heuristic_1_75,novel,38,1,1,2400,,18,18,1415.9737795125693,7810,963a0c1d
heuristic_1_75,novel,39,1,1,2400,,17,16,1050.0572400167584,9398,ea6cf46d
heuristic_1_75,novel,40,1,1,2400,,18,24,1220.4956889152527,9114,89a11621
heuristic_1_75,novel,41,1,1,2400,,39,29,1232.8261929564178,8761,8c64e9d8
heuristic_1_75,novel,42,1,1,2400,,15,20,1441.9177936390042,11226,1d9ddc4c
heuristic_1_75,novel,43,1,1,2400,,17,21,979.1187167633325,9398,586c492a
heuristic_1_75,novel,44,1,1,2400,,27,23,1135.521693667397,9742,7b99c1e3
heuristic_1_75,novel,45,1,1,2400,,39,23,1280.4792047012597,9891,396e6ce6
heuristic_1_75,novel,46,1,1,2400,,26,19,1308.1812533084303,9549,c9ad37a4
heuristic_1_75,novel,47,1,1,2400,,21,22,1359.4722845591605,9558,8dd5dac1
heuristic_1_75,novel,48,1,1,2400,,13,17,1289.9143806193024,7536,c64b5eb8
heuristic_1_75,novel,49,1,1,2400,,15,14,1370.1839546207339,9756,6ab65ae0
heuristic_1_75,novel,50,1,1,2400,,17,19,1223.048041574657,8611,f0d03bb2
heuristic_1_75,novel,51,1,1,2400,,14,23,1190.0646095629781,9497,70947549
heuristic_1_75,novel,52,1,1,2400,,20,23,1030.5976996198297,8518,637b2d5a
heuristic_1_75,novel,53,1,1,2400,,19,20,910.6717661954463,9912,27344ee6
heuristic_1_75,novel,54,1,1,2400,,16,20,925.2298789098859,10748,92cdd799
heuristic_1_75,novel,55,1,1,2400,,39,29,1315.2466686442494,8909,5773b42c
heuristic_1_75,novel,56,0.31,0,740.3,hunger,8,5,1267.03458186239,2926,60be36aa
heuristic_1_75,novel,57,0.55,0,1320.7,hunger,12,9,1362.3291590251029,5799,b834c763
heuristic_1_75,novel,58,0.1,0,238.1,thirst,4,4,1401.4836218208075,798,468d16b2
heuristic_1_75,novel,59,1,1,2400,,14,22,1336.2382390536368,11427,698d4292
heuristic_1_75,novel,60,1,1,2400,,16,19,1153.169801691547,10652,df5cc34b
heuristic_1_75,novel,61,1,1,2400,,15,17,960.9996335115284,10656,81c86c54
heuristic_1_75,novel,62,1,1,2400,,22,15,1222.427462786436,11150,8e04b537
heuristic_1_75,novel,63,1,1,2400,,13,15,1232.517156098038,10277,c8e58563
heuristic_1_75,novel,64,0.57,0,1356.4,poison,17,15,1276.6067342832685,6188,2d18eda1
heuristic_1_75,novel,65,1,1,2400,,27,20,963.0870806984603,10642,fafe646f
heuristic_1_75,novel,66,1,1,2400,,17,18,986.5628327708691,12187,675d2251
heuristic_1_75,novel,67,0.6,0,1432.4,poison,20,10,909.949193475768,6480,25c5b4b7
heuristic_1_75,novel,68,1,1,2400,,32,20,1281.0644138138741,9062,ac4d7010
heuristic_1_75,novel,69,1,1,2400,,25,15,1171.9917150679976,12204,476318de
heuristic_1_75,novel,70,1,1,2400,,23,19,1277.3612827062607,9838,e5c22c7e
heuristic_1_75,novel,71,1,1,2400,,20,23,1034.9216405767947,11647,39122871
heuristic_1_75,novel,72,1,1,2400,,13,19,1070.4212616663426,10067,ff986301
heuristic_1_75,novel,73,1,1,2400,,13,24,1104.2127545457333,11041,cad09a6f
heuristic_1_75,novel,74,1,1,2400,,17,14,1485.3858197573572,10928,0584bcbd
heuristic_1_75,novel,75,1,1,2400,,17,19,1370.1367920264602,10190,647aaa26
heuristic_1_75,novel,76,0.89,0,2139.85,poison,21,11,1216.054368764162,9603,36f9c4b8
heuristic_1_75,novel,77,1,1,2400,,13,20,1125.5095273721963,10274,71c24ba5
heuristic_1_75,novel,78,1,1,2400,,18,20,1204.263577144593,13090,e2281c5f
heuristic_1_75,novel,79,0.9,0,2154,cold,35,9,1330.0101856235415,10055,5da550bb
heuristic_1_75,novel,80,1,1,2400,,31,22,1183.6501486133784,10912,fcdc2fec
heuristic_1_75,novel,81,0.89,0,2135.2,hunger,31,11,1463.9479940291494,8380,ddbf1055
heuristic_1_75,novel,82,1,1,2400,,27,18,1381.2492803670466,9734,3db0a93c
heuristic_1_75,novel,83,1,1,2400,,15,23,1366.8350195512176,10945,d28980c0
heuristic_1_75,novel,84,0.68,0,1638.4,poison,19,10,1199.6968852356076,6923,b0527e39
heuristic_1_75,novel,85,1,1,2400,,15,18,1383.1437966786325,10763,bab81128
heuristic_1_75,novel,86,1,1,2400,,21,21,967.5357674248517,10521,088b946a
heuristic_1_75,novel,87,1,1,2400,,21,24,1156.808812217787,10794,6de61190
heuristic_1_75,novel,88,1,1,2400,,16,19,1173.720809770748,10784,02fb13da
heuristic_1_75,novel,89,1,1,2400,,15,19,1259.988802531734,9935,52d8b80b
heuristic_1_75,novel,90,1,1,2400,,15,17,1155.3427994716913,10440,56693ea3
heuristic_1_75,novel,91,0.65,0,1570.35,poison,27,20,1420.2966009266675,5923,03822180
heuristic_1_75,novel,92,1,1,2400,,13,21,927.627966273576,10117,b02125e0
heuristic_1_75,novel,93,1,1,2400,,13,19,1101.074359472841,9848,74a1bdbe
heuristic_1_75,novel,94,1,1,2400,,14,20,1300.118240620941,10757,a0b88c88
heuristic_1_75,novel,95,1,1,2400,,15,13,1018.5872426256537,12201,4faed7f9
heuristic_1_75,novel,96,1,1,2400,,14,19,992.0312591828406,10883,8e76fbb1
heuristic_1_75,novel,97,0.37,0,888.7,cold,19,12,1231.5269999206066,5111,39dba5bc
heuristic_1_75,novel,98,1,1,2400,,24,22,924.7223654296249,11756,c9a9f12c
heuristic_1_75,novel,99,0.96,0,2302.4,poison,24,12,967.8169305436313,9996,8636307f
heuristic_1_75,novel,100,0.85,0,2038,poison,16,8,1377.256285166368,8805,f39a18b6
heuristic_1_75,novel,101,1,1,2400,,14,14,974.794791592285,10104,60434da3
heuristic_1_75,novel,102,1,1,2400,,14,19,1344.8649160098284,11128,fab8fcd3
heuristic_1_75,novel,103,1,1,2400,,18,19,1469.4877217989415,17462,a1df0dcd
heuristic_1_75,novel,104,1,1,2400,,31,20,1105.1880461163819,9892,69cd8d25
heuristic_1_75,novel,105,0.29,0,685.55,hunger,7,0,1135.4575088247657,2588,50696aae
heuristic_1_75,novel,106,1,1,2400,,25,22,1370.607446366921,9218,ef9da0cf
heuristic_1_75,novel,107,1,1,2400,,15,16,1414.4714328926057,8659,59750e59
heuristic_1_75,novel,108,1,1,2400,,25,21,1121.8604417983443,8807,523e0557
heuristic_1_75,novel,109,1,1,2400,,17,22,1178.230143757537,9516,835eb879
heuristic_1_75,novel,110,1,1,2400,,16,19,1115.6502345576882,8875,452fabda
heuristic_1_75,novel,111,1,1,2400,,15,21,960.8158277347684,9684,c0ba78d6
heuristic_1_75,novel,112,1,1,2400,,17,19,1085.309890564531,10526,4852e2bf
heuristic_1_75,novel,113,1,1,2400,,15,17,1113.8190667144954,7223,7aa241b1
heuristic_1_75,novel,114,0.59,0,1426.25,poison,12,5,1361.66654471308,4320,7f1de2f9
heuristic_1_75,novel,115,0.79,0,1897.5,poison,14,11,1455.5010417010635,5967,0321d950
heuristic_1_75,novel,116,1,1,2400,,13,20,1018.9518865663558,9048,a24b9ade
heuristic_1_75,novel,117,0.89,0,2146.75,cold,40,17,916.4415249601007,9046,da5e7497
heuristic_1_75,novel,118,1,1,2400,,13,19,1006.9175567943603,9506,0855e0a2
heuristic_1_75,novel,119,1,1,2400,,9,20,1341.1057353951037,7510,896e09de
heuristic_1_75,novel,120,1,1,2400,,18,21,994.2024345975369,9394,061cf301
heuristic_1_75,novel,121,1,1,2400,,25,18,1173.2023521792144,8309,823d96b3
heuristic_1_75,novel,122,1,1,2400,,14,19,1159.5645303837955,8502,8d698031
heuristic_1_75,novel,123,0.15,0,355.4,cold,6,0,1361.5515862125903,1110,a61e73f0
heuristic_1_75,novel,124,1,1,2400,,15,12,1353.230178449303,7551,8d767f0e
heuristic_1_75,novel,125,1,1,2400,,20,23,1167.0434507075697,8901,15b4d3f6
heuristic_1_75,novel,126,1,1,2400,,26,17,1107.4519793037325,8374,e8c3dc8e
heuristic_1_75,novel,127,1,1,2400,,13,17,905.0416419748217,9391,117d3f5a
heuristic_1_75,novel,128,1,1,2400,,31,22,1466.7996475473046,8634,593fda9f
heuristic_1_75,novel,129,0.33,0,799.15,hunger,7,0,1144.7639701422304,2239,a85cac5e
heuristic_1_75,novel,130,0.86,0,2060.3,poison,16,14,1465.0964791886508,6740,46cfaea4
heuristic_1_75,novel,131,1,1,2400,,22,20,1281.5392343793064,8041,22a63ebf
heuristic_1_75,novel,132,1,1,2400,,17,20,1101.1725116986781,9848,aaccd56c
heuristic_1_75,novel,133,1,1,2400,,75,33,1475.874112173915,10875,0e2848af
heuristic_1_75,novel,134,1,1,2400,,14,20,1290.601725736633,9099,fc1e18af
heuristic_1_75,novel,135,1,1,2400,,21,20,1077.2608320694417,8764,13cecd65
heuristic_1_75,novel,136,1,1,2400,,21,21,951.4538374263793,9145,9779b50f
heuristic_1_75,novel,137,1,1,2400,,21,15,1320.6740022171289,9889,3fe33189
heuristic_1_75,novel,138,1,1,2400,,22,20,1447.0843572635204,8279,0b0b5d25
heuristic_1_75,novel,139,1,1,2400,,20,19,984.9529625382274,9904,4b95f488
heuristic_1_75,novel,140,0.97,0,2335.6,cold,31,12,1077.8336768969893,9269,ed648c43
heuristic_1_75,novel,141,1,1,2400,,14,18,1340.8855895977467,10461,ecaafdc9
heuristic_1_75,novel,142,1,1,2400,,23,22,1118.7472659163177,9111,e08264a9
heuristic_1_75,novel,143,1,1,2400,,15,20,1486.79534685798,11428,a1a815c0
heuristic_1_75,novel,144,1,1,2400,,14,19,1136.9918907992542,11131,9d17bff5
heuristic_1_75,novel,145,1,1,2400,,30,20,1264.3856103066355,11609,bcff37dc
heuristic_1_75,novel,146,1,1,2400,,20,21,929.2768886312842,11531,9a4558b9
heuristic_1_75,novel,147,1,1,2400,,14,19,1286.7421955801547,16199,6a0449c4
heuristic_1_75,novel,148,1,1,2400,,14,19,1130.9817840345204,12320,ca2dff5f
heuristic_1_75,novel,149,1,1,2400,,37,22,1090.8703928813338,13093,946aea99
heuristic_1_75,novel,150,1,1,2400,,13,20,1388.3687366265804,10103,5d9ed394
heuristic_1_75,novel,151,1,1,2400,,15,21,1241.7869745288044,12494,adfa8e3f
heuristic_1_75,novel,152,1,1,2400,,20,22,996.4221268426627,12414,6f96d442
heuristic_1_75,novel,153,1,1,2400,,13,15,1465.5266754794866,9488,f0bc7d74
heuristic_1_75,novel,154,1,1,2400,,16,16,1360.0727495737374,11980,428f40e5
heuristic_1_75,novel,155,1,1,2400,,49,29,1293.6976034659892,10524,276f9c5b
heuristic_1_75,novel,156,0.47,0,1124.3,poison,17,12,1090.0327538140118,5068,56934010
heuristic_1_75,novel,157,1,1,2400,,16,16,1184.5583468209952,11353,54ab149a
heuristic_1_75,novel,158,1,1,2400,,16,19,1361.2498610280454,9558,1a1ef9c8
heuristic_1_75,novel,159,1,1,2400,,17,14,1087.0310737285763,10093,cf68a88b
heuristic_1_75,novel,160,1,1,2400,,27,12,1134.409105265513,11266,10210034
heuristic_1_75,novel,161,1,1,2400,,15,21,1211.019501183182,11512,ce9fd227
heuristic_1_75,novel,162,0.9,0,2150.2,cold,19,15,1354.779640166089,8893,23771d0e
heuristic_1_75,novel,163,1,1,2400,,17,25,1193.7779202125967,9838,51acfff5
heuristic_1_75,novel,164,1,1,2400,,37,26,1397.6827750448138,12192,ba7b7c83
heuristic_1_75,novel,165,1,1,2400,,14,18,1259.7743312828243,10344,398c5493
heuristic_1_75,novel,166,0.6,0,1431.75,poison,19,9,1234.640494454652,6578,bcb8cdd1
heuristic_1_75,novel,167,1,1,2400,,19,17,1190.675621246919,11086,c953cfc3
heuristic_1_75,novel,168,1,1,2400,,20,22,1314.1329189296812,10154,04538cfe
heuristic_1_75,novel,169,1,1,2400,,36,15,1195.129220187664,11242,4e091caa
heuristic_1_75,novel,170,1,1,2400,,21,17,1303.8867191411555,9816,237c7c2c
heuristic_1_75,novel,171,1,1,2400,,25,24,1105.4251719731838,12836,aa23d8ca
heuristic_1_75,novel,172,1,1,2400,,30,22,1323.0916259810328,10581,fcc984a8
heuristic_1_75,novel,173,1,1,2400,,13,18,1485.8402882236987,10970,625870ad
heuristic_1_75,novel,174,1,1,2400,,15,21,947.138951998204,10702,1b48121e
heuristic_1_75,novel,175,1,1,2400,,15,15,1297.4928145296872,11152,8d3a0c7d
heuristic_1_75,novel,176,0.76,0,1812.25,poison,15,11,1049.629135709256,9015,19cabcbe
heuristic_1_75,novel,177,0.68,0,1642.95,poison,19,0,1195.7596875261515,6431,d1284628
heuristic_1_75,novel,178,1,1,2400,,37,25,1407.15163461864,10011,6e151c3b
heuristic_1_75,novel,179,1,1,2400,,31,25,919.9207201134413,12070,01ec7364
heuristic_1_75,novel,180,1,1,2400,,16,22,1455.5653866380453,9079,4c4526c6
heuristic_1_75,novel,181,0.38,0,907.5,hunger,6,5,1100.8694166317582,3640,f772e9ac
heuristic_1_75,novel,182,1,1,2400,,16,15,1398.7264457624406,9651,c4e9313c
heuristic_1_75,novel,183,1,1,2400,,24,24,1043.0413277819753,9982,b11155d4
heuristic_1_75,novel,184,1,1,2400,,45,24,1111.4483778364956,13083,4567cbed
heuristic_1_75,novel,185,1,1,2400,,31,21,1221.8576656188816,10345,97d0d0c7
heuristic_1_75,novel,186,1,1,2400,,17,19,1428.9914247114211,10805,8f6c2d4f
heuristic_1_75,novel,187,1,1,2400,,29,23,1085.6338331010193,10753,f171544a
heuristic_1_75,novel,188,1,1,2400,,36,22,1393.417603103444,12363,5238ac8d
heuristic_1_75,novel,189,1,1,2400,,16,16,1201.2530513573438,11621,c9e582fa
heuristic_1_75,novel,190,0.94,0,2266.7,poison,15,10,1321.2053932249546,8832,9f2a107e
heuristic_1_75,novel,191,1,1,2400,,27,16,1496.1295024026185,10185,e11239c3
heuristic_1_75,novel,192,1,1,2400,,13,19,930.2925735712051,10775,10dca007
heuristic_1_75,novel,193,1,1,2400,,18,22,1258.9972082991153,9095,7d7b02d0
heuristic_1_75,novel,194,1,1,2400,,14,20,1152.4073097389191,10493,ade9784f
heuristic_1_75,novel,195,0.68,0,1642.25,poison,20,12,999.0998560097069,7428,fbdf41ac
heuristic_1_75,novel,196,1,1,2400,,22,23,1205.9377323836088,9527,637cfd2f
heuristic_1_75,novel,197,1,1,2400,,15,13,1488.0803638603538,10543,8ed2831f
heuristic_1_75,novel,198,1,1,2400,,32,22,1394.535796623677,12480,c81fe0d8
heuristic_1_75,novel,199,1,1,2400,,14,20,1047.8182077873498,12387,f2348ee7
heuristic_1_75,novel,200,0.34,0,817.5,poison,6,12,1357.1969599463046,4070,39812f5a
heuristic_1_75,novel,201,1,1,2400,,20,21,992.1195602975786,10213,4d2d8cca
heuristic_1_75,novel,202,1,1,2400,,18,20,1192.2995714005083,10276,b0936c56
heuristic_1_75,novel,203,1,1,2400,,40,23,1154.5003413688391,12163,cc4c7230
heuristic_1_75,novel,204,1,1,2400,,27,19,1000.1810078043491,10054,e50b65c6
heuristic_1_75,novel,205,1,1,2400,,18,15,994.9222215916961,11272,c51f4381
heuristic_1_75,novel,206,1,1,2400,,16,18,1122.0955364406109,10997,e7ce8027
heuristic_1_75,novel,207,1,1,2400,,25,24,983.6325459647924,12156,14219ee1
heuristic_1_75,novel,208,1,1,2400,,45,19,901.699693640694,11873,24b7cf7c
heuristic_1_75,novel,209,1,1,2400,,16,13,1252.5396300014108,11317,fbcc1fa9
heuristic_1_75,novel,210,1,1,2400,,25,22,1169.0376046579331,9067,9f091ab6
heuristic_1_75,novel,211,1,1,2400,,39,12,1002.9386837035418,12240,52bd663d
heuristic_1_75,novel,212,0.68,0,1622.5,poison,14,12,1235.1081307511777,7255,8cb0d35a
heuristic_1_75,novel,213,1,1,2400,,33,21,1369.4587578065693,9270,9bbedfae
heuristic_1_75,novel,214,1,1,2400,,22,17,925.6938612554222,10830,bf1fe18a
heuristic_1_75,novel,215,1,1,2400,,34,20,1298.5434462781996,18744,a951d7ed
heuristic_1_75,novel,216,1,1,2400,,13,19,1345.3038537874818,10295,dd3b5943
heuristic_1_75,novel,217,1,1,2400,,22,19,1205.3591650910676,10366,9d8ddb2c
heuristic_1_75,novel,218,1,1,2400,,29,22,1221.6119939927012,10619,d86280e0
heuristic_1_75,novel,219,1,1,2400,,18,20,948.6826007254422,11755,bd0555cf
heuristic_1_75,novel,220,1,1,2400,,40,22,1211.7021025624126,10142,60f6e4af
heuristic_1_75,novel,221,0.64,0,1535.6,poison,11,12,1457.7891195192933,6104,fcdbbd35
heuristic_1_75,novel,222,1,1,2400,,12,19,1047.5726979319006,17931,70c0b599
heuristic_1_75,novel,223,1,1,2400,,24,22,1194.918327452615,10296,573d285c
heuristic_1_75,novel,224,1,1,2400,,18,22,1005.4493539966643,10339,cda51f72
heuristic_1_75,novel,225,1,1,2400,,21,21,1376.4573000837117,8774,3d318b03
heuristic_1_75,novel,226,1,1,2400,,17,17,939.5778216887265,10248,f725de55
heuristic_1_75,novel,227,1,1,2400,,22,20,1434.9179482553154,9364,42a82f24
heuristic_1_75,novel,228,1,1,2400,,16,20,921.1716557387263,10027,59a01f8c
heuristic_1_75,novel,229,1,1,2400,,15,21,1319.0656683873385,9445,4d1dd0fa
heuristic_1_75,novel,230,1,1,2400,,17,22,960.7735414523631,11050,774c7a0b
heuristic_1_75,novel,231,0.67,0,1615.25,poison,16,12,970.7320349290967,6437,f1bf4e7e
heuristic_1_75,novel,232,1,1,2400,,34,22,1424.1734676528722,10422,36970808
heuristic_1_75,novel,233,0.62,0,1480.35,poison,18,12,1397.2399753052741,5427,f8f89a5f
heuristic_1_75,novel,234,1,1,2400,,37,29,1363.8952993322164,8912,a1de17ec
heuristic_1_75,novel,235,1,1,2400,,34,22,1054.7708944883198,11662,9fe421a5
heuristic_1_75,novel,236,1,1,2400,,14,21,1104.401738801971,11963,db54b1f9
heuristic_1_75,novel,237,1,1,2400,,11,19,1203.0590652488172,9952,8fcb077e
heuristic_1_75,novel,238,1,1,2400,,34,12,1113.8568364083767,10801,0ce24a01
heuristic_1_75,novel,239,1,1,2400,,30,21,1336.7236276622862,11188,92cfaf5c
heuristic_1_75,novel,240,1,1,2400,,22,23,1202.6472402736545,10974,69fcccde
heuristic_1_75,novel,241,1,1,2400,,25,22,1046.5303159318864,12473,c291f249
heuristic_1_75,novel,242,1,1,2400,,26,13,1344.6201412472874,9088,d42627a8
heuristic_1_75,novel,243,1,1,2400,,26,14,937.8141772001982,12291,51800b3f
heuristic_1_75,novel,244,1,1,2400,,20,19,1135.7657541520894,10580,802de450
heuristic_1_75,novel,245,1,1,2400,,16,20,1292.609103396535,11169,68423857
heuristic_1_75,novel,246,1,1,2400,,15,20,1038.6681274976581,10461,4672b96f
heuristic_1_75,novel,247,1,1,2400,,18,19,1389.2561377957463,13307,abe05841
heuristic_1_75,novel,248,1,1,2400,,19,24,907.4884203728288,10412,cd23f6d1
heuristic_1_75,novel,249,0.74,0,1785.25,poison,18,5,1409.0957075357437,6367,43316b03
heuristic_1_75,novel,250,1,1,2400,,14,22,1225.0616886187345,10849,beb7fb0e
heuristic_1_75,novel,251,1,1,2400,,25,21,1297.0446069259197,8052,0fe46c45
heuristic_1_75,novel,252,1,1,2400,,27,18,1103.9641621056944,11234,120780d3
heuristic_1_75,novel,253,1,1,2400,,23,22,1119.4196885917336,9735,770c0142
heuristic_1_75,novel,254,1,1,2400,,20,16,1270.0571752153337,11369,4979e199
heuristic_1_75,novel,255,1,1,2400,,22,17,978.7794969510287,10714,f2739040
heuristic_1_75,novel,256,1,1,2400,,14,23,984.344200277701,13640,f42bf786
heuristic_1_75,novel,257,1,1,2400,,21,20,1446.5802851133049,10063,390a954b
heuristic_1_75,novel,258,1,1,2400,,23,23,919.6648745331913,10445,02ed72eb
heuristic_1_75,novel,259,1,1,2400,,44,32,1459.2605631798506,10555,e74f7984
heuristic_1_75,novel,260,1,1,2400,,21,12,1361.0214677173644,11174,0e2581b1
heuristic_1_75,novel,261,1,1,2400,,17,22,1450.6259872578084,9576,1ed77a70
heuristic_1_75,novel,262,1,1,2400,,16,21,1268.2364974636585,11507,882284fb
heuristic_1_75,novel,263,1,1,2400,,24,22,1249.1626046597958,9235,6092b0d8
heuristic_1_75,novel,264,1,1,2400,,15,19,907.069144025445,8547,f20f4505
heuristic_1_75,novel,265,1,1,2400,,47,24,1339.0997590497136,10913,7cab38ea
heuristic_1_75,novel,266,1,1,2400,,16,22,945.520893484354,9494,00b2dd0b
heuristic_1_75,novel,267,1,1,2400,,15,20,1004.3327002320439,9472,c5594018
heuristic_1_75,novel,268,0.66,0,1594.9,hunger,12,10,1445.2794782817364,5287,86d59e7c
heuristic_1_75,novel,269,1,1,2400,,26,14,1217.0531110838056,9472,b23e1f75
heuristic_1_75,novel,270,1,1,2400,,13,20,905.9832656756043,9597,17bc0290
heuristic_1_75,novel,271,1,1,2400,,18,19,971.0220783948898,9306,0ed83c40
heuristic_1_75,novel,272,1,1,2400,,18,15,1348.1315648183227,8843,86fb6f76
heuristic_1_75,novel,273,0.72,0,1738.75,hunger,31,12,1355.776495859027,6699,5692f745
heuristic_1_75,novel,274,1,1,2400,,35,24,1305.6870179716498,7515,14a4581b
heuristic_1_75,novel,275,1,1,2400,,23,2,967.6845006644726,9784,d6b3cb93
heuristic_1_75,novel,276,1,1,2400,,19,17,1469.6337923873216,7632,8092d8b4
heuristic_1_75,novel,277,1,1,2400,,24,22,1118.4982267208397,7745,a7a5ae2c
heuristic_1_75,novel,278,1,1,2400,,14,24,1354.2102840263397,7368,8c10d9bc
heuristic_1_75,novel,279,1,1,2400,,24,24,905.5938298813999,8627,21652836
heuristic_1_75,novel,280,1,1,2400,,13,21,1254.6807469334453,8500,4449954d
heuristic_1_75,novel,281,0.59,0,1427.7,cold,23,9,945.7816836889833,5058,b0c4c46e
heuristic_1_75,novel,282,1,1,2400,,14,19,1388.6873227078468,9075,db423487
heuristic_1_75,novel,283,1,1,2400,,32,20,1067.9485361091793,7975,6590ed3d
heuristic_1_75,novel,284,1,1,2400,,16,21,1366.2202809937298,9115,e35a2621
heuristic_1_75,novel,285,0.09,0,225.25,thirst,4,6,1176.8785789143294,572,16b833a3
heuristic_1_75,novel,286,1,1,2400,,14,21,1320.0503782834858,8226,67eb19f9
heuristic_1_75,novel,287,1,1,2400,,33,17,1252.034403802827,6784,ddee7002
heuristic_1_75,novel,288,1,1,2400,,13,22,1222.7287317160517,8766,fc126415
heuristic_1_75,novel,289,1,1,2400,,12,23,1262.9864285700023,7866,a8f0c498
heuristic_1_75,novel,290,1,1,2400,,14,16,1291.4361126255244,7104,606ca1ff
heuristic_1_75,novel,291,1,1,2400,,14,19,1298.5788947436959,9497,59091c4f
heuristic_1_75,novel,292,1,1,2400,,24,21,1057.1428986266255,8131,d7261ac5
heuristic_1_75,novel,293,0.41,0,995.15,hunger,8,0,1005.9947689063847,3427,b73c3cf2
heuristic_1_75,novel,294,1,1,2400,,13,16,1091.9827145989984,7314,009695be
heuristic_1_75,novel,295,1,1,2400,,30,25,1078.8521320559084,9017,c9d0719a
heuristic_1_75,novel,296,1,1,2400,,23,22,1305.3439878858626,8579,c56166e5
heuristic_1_75,novel,297,0.59,0,1426.5,cold,17,10,1274.4486073963344,4314,3c29ff1c
heuristic_1_75,novel,298,1,1,2400,,13,20,941.0594351124018,6512,cf397862
heuristic_1_75,novel,299,1,1,2400,,30,20,1427.4996501859277,4888,6ea85823
heuristic_1_75,stable,0,1,1,2400,,10,22,,9054,4448eb07
heuristic_1_75,stable,1,0.58,0,1380.25,hunger,12,2,,5667,083c3946
heuristic_1_75,stable,2,1,1,2400,,13,20,,9471,253b7ed8
heuristic_1_75,stable,3,1,1,2400,,30,25,,8056,59d990b4
heuristic_1_75,stable,4,1,1,2400,,12,20,,8891,3743b640
heuristic_1_75,stable,5,1,1,2400,,11,19,,8839,864a0de1
heuristic_1_75,stable,6,1,1,2400,,15,21,,8301,536b13bf
heuristic_1_75,stable,7,1,1,2400,,10,20,,7987,26e576c2
heuristic_1_75,stable,8,1,1,2400,,31,26,,8480,1ac463de
heuristic_1_75,stable,9,1,1,2400,,18,23,,8698,c98d45f1
heuristic_1_75,stable,10,1,1,2400,,15,19,,8711,6d6d0a09
heuristic_1_75,stable,11,1,1,2400,,12,20,,8317,805d193f
heuristic_1_75,stable,12,1,1,2400,,13,20,,8080,d7fdac75
heuristic_1_75,stable,13,1,1,2400,,16,21,,9643,81f7daa2
heuristic_1_75,stable,14,1,1,2400,,13,15,,7702,e18dfbeb
heuristic_1_75,stable,15,1,1,2400,,32,11,,7537,17bd50fe
heuristic_1_75,stable,16,1,1,2400,,25,22,,7175,b5f04fc7
heuristic_1_75,stable,17,1,1,2400,,23,20,,5998,72daf8b0
heuristic_1_75,stable,18,1,1,2400,,18,26,,6989,b5416cb6
heuristic_1_75,stable,19,0.42,0,1015.35,hunger,11,8,,4079,020971d9
heuristic_1_75,stable,20,1,1,2400,,20,27,,9073,60317088
heuristic_1_75,stable,21,1,1,2400,,13,21,,7569,5708e39b
heuristic_1_75,stable,22,1,1,2400,,13,20,,8418,c9c21096
heuristic_1_75,stable,23,1,1,2400,,39,19,,6747,1467ab45
heuristic_1_75,stable,24,1,1,2400,,20,21,,8091,a2f47ac2
heuristic_1_75,stable,25,1,1,2400,,11,20,,7596,d7a8bbfb
heuristic_1_75,stable,26,1,1,2400,,11,17,,7658,267f38b2
heuristic_1_75,stable,27,1,1,2400,,10,24,,7633,99cb460b
heuristic_1_75,stable,28,1,1,2400,,17,21,,7279,2373ce90
heuristic_1_75,stable,29,1,1,2400,,30,26,,7073,a088f6d4
heuristic_1_75,stable,30,1,1,2400,,24,21,,7620,e63c35cd
heuristic_1_75,stable,31,1,1,2400,,10,16,,6244,c6027127
heuristic_1_75,stable,32,1,1,2400,,21,20,,7665,affd8ccf
heuristic_1_75,stable,33,1,1,2400,,11,18,,7099,89ee2669
heuristic_1_75,stable,34,1,1,2400,,36,24,,6939,89c03f94
heuristic_1_75,stable,35,1,1,2400,,25,23,,7062,2c39ed9f
heuristic_1_75,stable,36,0.29,0,701.85,cold,13,3,,2504,7a3b8c8e
heuristic_1_75,stable,37,1,1,2400,,24,22,,7934,8eea8acc
heuristic_1_75,stable,38,1,1,2400,,17,19,,6809,13d19f32
heuristic_1_75,stable,39,0.52,0,1257.65,cold,12,8,,3683,b1fbe29d
heuristic_1_75,stable,40,1,1,2400,,15,22,,6737,1abbb1db
heuristic_1_75,stable,41,1,1,2400,,36,31,,7170,c40e5dd9
heuristic_1_75,stable,42,1,1,2400,,11,19,,9558,e5a24be4
heuristic_1_75,stable,43,1,1,2400,,12,18,,7976,be8c4a57
heuristic_1_75,stable,44,1,1,2400,,36,12,,7573,8e73dc67
heuristic_1_75,stable,45,1,1,2400,,22,23,,7940,7c0f671b
heuristic_1_75,stable,46,1,1,2400,,25,20,,7753,15188d5f
heuristic_1_75,stable,47,1,1,2400,,20,19,,7893,88a115c9
heuristic_1_75,stable,48,1,1,2400,,12,16,,6645,5b28e51d
heuristic_1_75,stable,49,1,1,2400,,14,18,,7857,e20d727c
heuristic_1_75,stable,50,1,1,2400,,13,18,,6476,3eeda242
heuristic_1_75,stable,51,1,1,2400,,12,23,,7571,3a689906
heuristic_1_75,stable,52,1,1,2400,,11,20,,7084,be149afb
heuristic_1_75,stable,53,1,1,2400,,12,18,,7531,342fe62a
heuristic_1_75,stable,54,1,1,2400,,12,18,,8562,c297b444
heuristic_1_75,stable,55,1,1,2400,,32,26,,6538,29409419
heuristic_1_75,stable,56,0.31,0,740.3,hunger,8,5,,2826,60be36aa
heuristic_1_75,stable,57,0.55,0,1320.7,hunger,12,9,,5774,b834c763
heuristic_1_75,stable,58,0.1,0,238.1,thirst,4,4,,742,468d16b2
heuristic_1_75,stable,59,1,1,2400,,12,22,,9666,1afb3362
heuristic_1_75,stable,60,1,1,2400,,15,22,,8959,e1ea52b6
heuristic_1_75,stable,61,1,1,2400,,15,13,,8204,eb19817c
heuristic_1_75,stable,62,1,1,2400,,20,14,,9898,b968e6e2
heuristic_1_75,stable,63,1,1,2400,,12,15,,8823,9fbca357
heuristic_1_75,stable,64,1,1,2400,,14,24,,9447,76df3f5b
heuristic_1_75,stable,65,1,1,2400,,26,21,,8615,19964dbd
heuristic_1_75,stable,66,1,1,2400,,13,19,,9496,95c8c55b
heuristic_1_75,stable,67,0.75,0,1798.35,cold,26,15,,6717,1988e436
heuristic_1_75,stable,68,1,1,2400,,30,25,,7710,afe5fe81
heuristic_1_75,stable,69,1,1,2400,,22,15,,10364,e2d46c01
heuristic_1_75,stable,70,1,1,2400,,19,18,,8178,9d324836
heuristic_1_75,stable,71,1,1,2400,,16,20,,9088,ec255fdf
heuristic_1_75,stable,72,1,1,2400,,10,18,,7548,cf2e989c
heuristic_1_75,stable,73,1,1,2400,,10,23,,9423,299dffa0
heuristic_1_75,stable,74,1,1,2400,,14,14,,9507,a41e4caa
heuristic_1_75,stable,75,1,1,2400,,19,20,,8785,9b8ca349
heuristic_1_75,stable,76,1,1,2400,,14,15,,7067,9944fd3e
heuristic_1_75,stable,77,1,1,2400,,12,19,,8602,e3c9514f
heuristic_1_75,stable,78,1,1,2400,,15,21,,10434,818995be
heuristic_1_75,stable,79,0.75,0,1788.05,cold,30,9,,6954,ecf7f0bd
heuristic_1_75,stable,80,1,1,2400,,29,15,,9275,2066e35d
heuristic_1_75,stable,81,1,1,2400,,30,11,,8039,3e02e00a
heuristic_1_75,stable,82,1,1,2400,,26,23,,8045,3a4d60f9
heuristic_1_75,stable,83,1,1,2400,,11,16,,9081,41a590b4
heuristic_1_75,stable,84,0.76,0,1824.45,cold,23,10,,6524,a49feb4a
heuristic_1_75,stable,85,1,1,2400,,13,18,,9214,c113615e
heuristic_1_75,stable,86,1,1,2400,,12,19,,9099,1f09715f
heuristic_1_75,stable,87,1,1,2400,,16,25,,9090,f7ea1c07
heuristic_1_75,stable,88,1,1,2400,,22,21,,8446,64f406ee
heuristic_1_75,stable,89,1,1,2400,,12,20,,8187,409651d1
heuristic_1_75,stable,90,0.56,0,1347.05,poison,13,13,,5227,6ea449c9
heuristic_1_75,stable,91,1,1,2400,,26,28,,7470,d804ba78
heuristic_1_75,stable,92,1,1,2400,,9,20,,8458,55c6d6eb
heuristic_1_75,stable,93,1,1,2400,,14,21,,8277,218a468b
heuristic_1_75,stable,94,1,1,2400,,10,21,,8903,646709e3
heuristic_1_75,stable,95,1,1,2400,,11,13,,8931,7ce22a62
heuristic_1_75,stable,96,1,1,2400,,11,19,,8648,d10cab25
heuristic_1_75,stable,97,0.37,0,888.7,cold,19,12,,5023,39dba5bc
heuristic_1_75,stable,98,1,1,2400,,11,20,,9100,1a31fbbc
heuristic_1_75,stable,99,1,1,2400,,14,11,,8272,dd63e1c0
heuristic_1_75,stable,100,1,1,2400,,11,9,,8674,9cce4f8f
heuristic_1_75,stable,101,1,1,2400,,14,17,,8855,3ff014c1
heuristic_1_75,stable,102,1,1,2400,,12,20,,9589,58c8fbfd
heuristic_1_75,stable,103,1,1,2400,,13,17,,14678,70368c59
heuristic_1_75,stable,104,1,1,2400,,34,18,,7703,839e3d8c
heuristic_1_75,stable,105,0.29,0,685.55,hunger,7,0,,2740,50696aae
heuristic_1_75,stable,106,1,1,2400,,24,24,,7388,ebefcc95
heuristic_1_75,stable,107,1,1,2400,,11,17,,6988,eeb1ebec
heuristic_1_75,stable,108,1,1,2400,,31,21,,7448,88e43aea
heuristic_1_75,stable,109,1,1,2400,,17,22,,7886,f214cc9d
heuristic_1_75,stable,110,1,1,2400,,11,14,,7208,7db1eed7
heuristic_1_75,stable,111,1,1,2400,,12,22,,7883,a0369121
heuristic_1_75,stable,112,1,1,2400,,19,20,,8328,6017bcb1
heuristic_1_75,stable,113,1,1,2400,,16,16,,6486,505cddf7
heuristic_1_75,stable,114,0.59,0,1421.7,poison,12,5,,4106,ff260bd1
heuristic_1_75,stable,115,1,1,2400,,12,14,,6588,441429f9
heuristic_1_75,stable,116,1,1,2400,,10,19,,7316,1155097c
heuristic_1_75,stable,117,1,1,2400,,33,19,,7195,d423003c
heuristic_1_75,stable,118,1,1,2400,,10,21,,7636,76744d87
heuristic_1_75,stable,119,1,1,2400,,9,16,,5733,74b76322
heuristic_1_75,stable,120,1,1,2400,,13,21,,7233,61fe983f
heuristic_1_75,stable,121,1,1,2400,,27,20,,7047,074c54a1
heuristic_1_75,stable,122,1,1,2400,,11,20,,7215,1b3940c2
heuristic_1_75,stable,123,0.15,0,355.4,cold,6,0,,1129,a61e73f0
heuristic_1_75,stable,124,1,1,2400,,12,11,,6150,efcdcbe0
heuristic_1_75,stable,125,1,1,2400,,19,19,,7363,d040773d
heuristic_1_75,stable,126,0.59,0,1427.6,cold,17,3,,4046,f9b3ed31
heuristic_1_75,stable,127,1,1,2400,,11,17,,6379,454e9e4f
heuristic_1_75,stable,128,1,1,2400,,26,22,,7466,68d3de8d
heuristic_1_75,stable,129,0.33,0,799.15,hunger,7,0,,2468,a85cac5e
heuristic_1_75,stable,130,1,1,2400,,15,15,,6366,6695ce7c
heuristic_1_75,stable,131,1,1,2400,,20,21,,6611,a6287188
heuristic_1_75,stable,132,1,1,2400,,13,18,,7965,99af32ad
heuristic_1_75,stable,133,1,1,2400,,55,33,,9629,75d5db70
heuristic_1_75,stable,134,1,1,2400,,12,22,,7495,855f8c63
heuristic_1_75,stable,135,1,1,2400,,17,21,,6696,a892b4d6
heuristic_1_75,stable,136,1,1,2400,,26,26,,6949,a8a1545e
heuristic_1_75,stable,137,1,1,2400,,19,17,,8133,914b78aa
heuristic_1_75,stable,138,1,1,2400,,18,20,,7388,95756785
heuristic_1_75,stable,139,1,1,2400,,13,18,,7139,869f94b3
heuristic_1_75,stable,140,1,1,2400,,28,14,,7342,4b4a8cc8
heuristic_1_75,stable,141,1,1,2400,,11,15,,7751,ba44de7c
heuristic_1_75,stable,142,1,1,2400,,17,21,,7458,eed530d1
heuristic_1_75,stable,143,1,1,2400,,11,20,,9782,158604a1
heuristic_1_75,stable,144,1,1,2400,,13,19,,8972,895fe616
heuristic_1_75,stable,145,1,1,2400,,27,19,,9171,cbd60ac5
heuristic_1_75,stable,146,1,1,2400,,15,19,,9012,69742c8a
heuristic_1_75,stable,147,1,1,2400,,13,19,,14362,de8c9cf0
heuristic_1_75,stable,148,1,1,2400,,16,20,,9454,fbc95511
heuristic_1_75,stable,149,1,1,2400,,34,23,,10316,11852b0d
heuristic_1_75,stable,150,0.74,0,1769.5,poison,14,13,,6349,2ed88ee1
heuristic_1_75,stable,151,0.76,0,1825.65,poison,14,12,,8622,d9302695
heuristic_1_75,stable,152,1,1,2400,,17,17,,11189,9795cf83
heuristic_1_75,stable,153,1,1,2400,,11,16,,7994,e08fe89a
heuristic_1_75,stable,154,1,1,2400,,13,15,,10064,01ad06fc
heuristic_1_75,stable,155,1,1,2400,,27,24,,9163,57872c89
heuristic_1_75,stable,156,1,1,2400,,25,19,,9460,c23d9799
heuristic_1_75,stable,157,1,1,2400,,11,19,,9991,50aa1635
heuristic_1_75,stable,158,1,1,2400,,14,21,,8432,e8f0d2e2
heuristic_1_75,stable,159,1,1,2400,,15,15,,8040,cc3211fb
heuristic_1_75,stable,160,1,1,2400,,25,12,,8885,97bac340
heuristic_1_75,stable,161,1,1,2400,,14,20,,9497,20b42928
heuristic_1_75,stable,162,1,1,2400,,23,26,,8375,b7e3c1e9
heuristic_1_75,stable,163,1,1,2400,,22,25,,8020,888360f8
heuristic_1_75,stable,164,1,1,2400,,27,23,,10363,944a5a49
heuristic_1_75,stable,165,1,1,2400,,13,20,,8856,2582d8aa
heuristic_1_75,stable,166,0.67,0,1616.2,hunger,19,9,,6297,15394dcd
heuristic_1_75,stable,167,1,1,2400,,15,17,,9315,2a916426
heuristic_1_75,stable,168,1,1,2400,,19,21,,8166,06c60e4e
heuristic_1_75,stable,169,1,1,2400,,29,10,,8468,92258c4c
heuristic_1_75,stable,170,1,1,2400,,34,13,,8565,8fef28de
heuristic_1_75,stable,171,1,1,2400,,11,20,,11249,6440ca5a
heuristic_1_75,stable,172,1,1,2400,,25,21,,9314,05686478
heuristic_1_75,stable,173,1,1,2400,,10,19,,9123,0a1d1ddb
heuristic_1_75,stable,174,1,1,2400,,13,20,,8424,e36ebae8
heuristic_1_75,stable,175,1,1,2400,,16,15,,8713,13f7fb73
heuristic_1_75,stable,176,1,1,2400,,10,18,,9284,a0978528
heuristic_1_75,stable,177,1,1,2400,,33,2,,7962,44c1e6b2
heuristic_1_75,stable,178,1,1,2400,,33,29,,8874,813aeed1
heuristic_1_75,stable,179,0.43,0,1023.95,poison,15,12,,4045,e1957c2e
heuristic_1_75,stable,180,1,1,2400,,13,23,,8072,54c97c4f
heuristic_1_75,stable,181,0.38,0,907.5,hunger,6,5,,3922,f772e9ac
heuristic_1_75,stable,182,1,1,2400,,15,13,,8791,8d5e01d6
heuristic_1_75,stable,183,1,1,2400,,18,20,,8168,dedd129f
heuristic_1_75,stable,184,1,1,2400,,35,23,,10933,061e3da0
heuristic_1_75,stable,185,1,1,2400,,24,19,,9494,4484732f
heuristic_1_75,stable,186,1,1,2400,,16,20,,8803,aa6227da
heuristic_1_75,stable,187,1,1,2400,,27,23,,8329,b184bd4f
heuristic_1_75,stable,188,1,1,2400,,36,22,,9909,63c876e2
heuristic_1_75,stable,189,1,1,2400,,10,15,,9740,a6a8c0ea
heuristic_1_75,stable,190,1,1,2400,,14,14,,7763,02f9e4b4
heuristic_1_75,stable,191,1,1,2400,,22,19,,8349,591d1ff1
heuristic_1_75,stable,192,1,1,2400,,11,19,,8855,01c37d4e
heuristic_1_75,stable,193,1,1,2400,,12,22,,7739,e8d58a1e
heuristic_1_75,stable,194,1,1,2400,,11,21,,8269,49076dac
heuristic_1_75,stable,195,1,1,2400,,10,21,,9488,30c8cd8d
heuristic_1_75,stable,196,0.95,0,2269.15,poison,15,18,,7567,352caf57
heuristic_1_75,stable,197,1,1,2400,,14,13,,8894,e43ddcff
heuristic_1_75,stable,198,1,1,2400,,32,21,,10284,9a32e6dc
heuristic_1_75,stable,199,1,1,2400,,11,20,,9724,136ae8b0
heuristic_1_75,stable,200,0.34,0,817.5,poison,6,12,,3468,39812f5a
heuristic_1_75,stable,201,1,1,2400,,16,19,,8349,84b6cd81
heuristic_1_75,stable,202,1,1,2400,,16,20,,8652,f6df2662
heuristic_1_75,stable,203,1,1,2400,,36,26,,10678,5dd6538b
heuristic_1_75,stable,204,1,1,2400,,21,21,,7923,bc61e708
heuristic_1_75,stable,205,1,1,2400,,16,15,,9045,698fefb7
heuristic_1_75,stable,206,1,1,2400,,16,17,,9072,4875b28a
heuristic_1_75,stable,207,1,1,2400,,27,24,,9411,40da80a0
heuristic_1_75,stable,208,1,1,2400,,41,19,,8878,dc075f57
heuristic_1_75,stable,209,1,1,2400,,13,18,,9540,1f9df55d
heuristic_1_75,stable,210,1,1,2400,,22,22,,7141,5757df82
heuristic_1_75,stable,211,1,1,2400,,34,19,,8256,0f039967
heuristic_1_75,stable,212,1,1,2400,,13,20,,9727,9d11b80f
heuristic_1_75,stable,213,1,1,2400,,31,22,,8083,418f4e5f
heuristic_1_75,stable,214,1,1,2400,,13,13,,9140,e96a107e
heuristic_1_75,stable,215,1,1,2400,,32,21,,16179,c9deac54
heuristic_1_75,stable,216,1,1,2400,,11,22,,8570,d8ef8b59
heuristic_1_75,stable,217,1,1,2400,,20,18,,8989,e1abafb6
heuristic_1_75,stable,218,1,1,2400,,27,23,,9303,0d4ff9b1
heuristic_1_75,stable,219,1,1,2400,,15,25,,9433,f15def8e
heuristic_1_75,stable,220,1,1,2400,,33,22,,8688,b40f9284
heuristic_1_75,stable,221,0.67,0,1608.25,poison,12,12,,6594,57e3f905
heuristic_1_75,stable,222,1,1,2400,,11,20,,15124,f7c40b63
heuristic_1_75,stable,223,1,1,2400,,23,23,,8990,711ba18c
heuristic_1_75,stable,224,1,1,2400,,17,20,,8036,64ec4a99
heuristic_1_75,stable,225,1,1,2400,,22,25,,7332,df5508c0
heuristic_1_75,stable,226,1,1,2400,,13,15,,8523,73a54ea3
heuristic_1_75,stable,227,1,1,2400,,18,22,,7596,b8097a6d
heuristic_1_75,stable,228,1,1,2400,,11,17,,8216,16043b10
heuristic_1_75,stable,229,1,1,2400,,10,20,,7578,8fa3bd18
heuristic_1_75,stable,230,1,1,2400,,14,19,,9316,e1e06ed0
heuristic_1_75,stable,231,0.67,0,1616.75,poison,15,12,,5348,fb22f409
heuristic_1_75,stable,232,1,1,2400,,27,23,,8292,f99f2447
heuristic_1_75,stable,233,0.67,0,1596.1,hunger,17,12,,5539,17146a7c
heuristic_1_75,stable,234,1,1,2400,,31,25,,7653,3afaa59a
heuristic_1_75,stable,235,1,1,2400,,19,22,,9081,f97231ac
heuristic_1_75,stable,236,1,1,2400,,12,20,,9664,27dcb618
heuristic_1_75,stable,237,1,1,2400,,12,21,,8180,f6aa760c
heuristic_1_75,stable,238,1,1,2400,,22,13,,8574,d5d6bc2c
heuristic_1_75,stable,239,1,1,2400,,19,20,,9120,e6852b99
heuristic_1_75,stable,240,1,1,2400,,21,24,,8324,e0616a25
heuristic_1_75,stable,241,1,1,2400,,23,23,,10369,ea5d9cfa
heuristic_1_75,stable,242,1,1,2400,,11,12,,7656,0b47cf16
heuristic_1_75,stable,243,1,1,2400,,37,19,,9913,14a27c47
heuristic_1_75,stable,244,1,1,2400,,31,20,,9241,894e28bd
heuristic_1_75,stable,245,1,1,2400,,13,21,,8916,8019c023
heuristic_1_75,stable,246,1,1,2400,,21,19,,8372,e3bf971e
heuristic_1_75,stable,247,1,1,2400,,16,22,,10522,c8e6886b
heuristic_1_75,stable,248,1,1,2400,,12,18,,8114,cd53465d
heuristic_1_75,stable,249,1,1,2400,,25,8,,7068,dcd13bc2
heuristic_1_75,stable,250,1,1,2400,,11,20,,8620,81a58e82
heuristic_1_75,stable,251,1,1,2400,,25,20,,6873,2e4131e7
heuristic_1_75,stable,252,1,1,2400,,19,19,,9516,50418136
heuristic_1_75,stable,253,1,1,2400,,24,22,,7882,935c8f58
heuristic_1_75,stable,254,1,1,2400,,13,12,,8987,44c06b06
heuristic_1_75,stable,255,1,1,2400,,34,8,,8830,12d88fc6
heuristic_1_75,stable,256,1,1,2400,,12,22,,9511,53419b48
heuristic_1_75,stable,257,1,1,2400,,21,16,,8249,d64db3fa
heuristic_1_75,stable,258,1,1,2400,,30,24,,7843,431e0847
heuristic_1_75,stable,259,1,1,2400,,38,25,,8412,9136a34d
heuristic_1_75,stable,260,1,1,2400,,15,17,,9417,d49f151c
heuristic_1_75,stable,261,1,1,2400,,14,17,,7903,cb492a8d
heuristic_1_75,stable,262,1,1,2400,,18,21,,8810,cd1bea77
heuristic_1_75,stable,263,1,1,2400,,24,24,,7168,f2583c4e
heuristic_1_75,stable,264,1,1,2400,,12,16,,6844,dbf56d45
heuristic_1_75,stable,265,1,1,2400,,39,19,,9246,d5a68018
heuristic_1_75,stable,266,1,1,2400,,15,21,,7493,ebbeca11
heuristic_1_75,stable,267,1,1,2400,,10,21,,7323,bb8d159c
heuristic_1_75,stable,268,1,1,2400,,36,20,,7057,f1b979c2
heuristic_1_75,stable,269,1,1,2400,,34,17,,7539,d5e381bc
heuristic_1_75,stable,270,1,1,2400,,11,19,,7360,5b50da9a
heuristic_1_75,stable,271,1,1,2400,,17,19,,7176,626c0520
heuristic_1_75,stable,272,1,1,2400,,16,18,,7113,40d63411
heuristic_1_75,stable,273,1,1,2400,,45,18,,7561,dc20416e
heuristic_1_75,stable,274,1,1,2400,,17,22,,6052,6363bec0
heuristic_1_75,stable,275,1,1,2400,,19,6,,7988,5c09148e
heuristic_1_75,stable,276,1,1,2400,,15,19,,6771,08bf0b0d
heuristic_1_75,stable,277,1,1,2400,,16,19,,6144,77bfe076
heuristic_1_75,stable,278,1,1,2400,,11,24,,6151,94d5e4ef
heuristic_1_75,stable,279,1,1,2400,,27,23,,6782,21ec1974
heuristic_1_75,stable,280,1,1,2400,,11,20,,7271,3b7e871d
heuristic_1_75,stable,281,0.6,0,1430.65,cold,16,8,,4625,388e153d
heuristic_1_75,stable,282,1,1,2400,,11,17,,8160,e3beba89
heuristic_1_75,stable,283,1,1,2400,,27,20,,6627,c04d7ff3
heuristic_1_75,stable,284,1,1,2400,,12,20,,7062,ff4e126a
heuristic_1_75,stable,285,0.09,0,225.25,thirst,4,6,,532,16b833a3
heuristic_1_75,stable,286,1,1,2400,,11,21,,7329,5d842e0c
heuristic_1_75,stable,287,1,1,2400,,33,26,,5594,7428ac33
heuristic_1_75,stable,288,1,1,2400,,11,19,,7464,6ba6a7a5
heuristic_1_75,stable,289,1,1,2400,,11,19,,7153,84253d33
heuristic_1_75,stable,290,1,1,2400,,14,17,,5155,5020300d
heuristic_1_75,stable,291,1,1,2400,,11,21,,6797,1dccfaa8
heuristic_1_75,stable,292,1,1,2400,,21,17,,6570,aedccfeb
heuristic_1_75,stable,293,0.41,0,995.15,hunger,8,0,,3404,b73c3cf2
heuristic_1_75,stable,294,1,1,2400,,10,18,,6045,371732b3
heuristic_1_75,stable,295,1,1,2400,,29,22,,7065,2e54c310
heuristic_1_75,stable,296,0.88,0,2117.75,poison,25,19,,6740,aa2d4216
heuristic_1_75,stable,297,1,1,2400,,17,15,,6220,2194a7d8
heuristic_1_75,stable,298,1,1,2400,,14,21,,6326,fae55887
heuristic_1_75,stable,299,1,1,2400,,35,28,,4432,4a6c19e5
model-fixed-h1,composition,0,0.92,0,2204.85,poison,15,19,1355.2491386421025,11478,42f6e8e8
model-fixed-h1,composition,1,0.46,0,1106.35,poison,10,2,1453.974782070145,5618,91ee61a2
model-fixed-h1,composition,2,0.88,0,2111.25,poison,15,14,1008.7649860884994,12345,d8d9d954
model-fixed-h1,composition,3,1,1,2400,,28,22,1052.154010394588,11474,8261b572
model-fixed-h1,composition,4,0.89,0,2129.8,poison,16,13,1012.4247627798468,11350,497c1d37
model-fixed-h1,composition,5,1,1,2400,,13,20,1021.8986702151597,12974,b58c7fff
model-fixed-h1,composition,6,1,1,2400,,15,18,924.9981891363859,12673,163d0e1e
model-fixed-h1,composition,7,1,1,2400,,13,19,1280.811721784994,11612,98af9cdd
model-fixed-h1,composition,8,1,1,2400,,31,20,1227.5550863239914,11590,01c98feb
model-fixed-h1,composition,9,1,1,2400,,26,25,954.4359873980284,11738,73b4791d
model-fixed-h1,composition,10,1,1,2400,,15,20,1481.036379514262,10808,459c3c4b
model-fixed-h1,composition,11,0.9,0,2151.55,poison,18,15,1419.2990833427757,9993,fb035a20
model-fixed-h1,composition,12,0.82,0,1974.7,cold,13,14,1156.1995566822588,9496,6da23462
model-fixed-h1,composition,13,0.97,0,2330.95,cold,21,17,975.9893313981593,15618,f7071db1
model-fixed-h1,composition,14,0.59,0,1428,poison,19,6,1056.7464123945683,7212,31eb60b9
model-fixed-h1,composition,15,0.74,0,1777.15,poison,27,8,1087.165479362011,9046,9c1f38b8
model-fixed-h1,composition,16,1,1,2400,,36,21,1184.9144582636654,10437,85b1ad03
model-fixed-h1,composition,17,1,1,2400,,34,13,948.6968228593469,12221,be098909
model-fixed-h1,composition,18,1,1,2400,,19,21,1230.41522372514,10801,7d9e8c6f
model-fixed-h1,composition,19,0.39,0,936.65,poison,13,8,1493.4291507583112,4912,f42726e5
model-fixed-h1,composition,20,0.65,0,1552.75,poison,15,12,1195.6276488024741,8663,89e221fe
model-fixed-h1,composition,21,1,1,2400,,34,21,1099.0994222927839,12885,2bd26140
model-fixed-h1,composition,22,1,1,2400,,13,19,1396.9266504049301,13765,63a72f0b
model-fixed-h1,composition,23,0.64,0,1538.6,poison,21,11,1006.6232697106898,8428,e251ebd6
model-fixed-h1,composition,24,1,1,2400,,21,13,914.0643363352865,14277,bb25dd64
model-fixed-h1,composition,25,1,1,2400,,18,15,909.055660944432,13019,ec861492
model-fixed-h1,composition,26,1,1,2400,,14,18,1418.5124515090138,10511,1e244186
model-fixed-h1,composition,27,1,1,2400,,12,20,1038.7996306177229,13313,d14f97ec
model-fixed-h1,composition,28,1,1,2400,,24,25,1491.567375836894,11134,54edceed
model-fixed-h1,composition,29,1,1,2400,,32,26,1168.8283814582974,11009,b7dbdc4b
model-fixed-h1,composition,30,1,1,2400,,24,21,1246.451383922249,11978,293794a2
model-fixed-h1,composition,31,1,1,2400,,23,15,1109.8990456201136,10180,881b14f0
model-fixed-h1,composition,32,1,1,2400,,22,19,1451.950038364157,12007,e10777ae
model-fixed-h1,composition,33,0.95,0,2286.75,poison,19,18,933.9349877089262,11530,a4da2273
model-fixed-h1,composition,34,1,1,2400,,42,25,1440.3934170026332,10648,4fc93f9b
model-fixed-h1,composition,35,1,1,2400,,20,20,1076.2001846451312,10509,0d1230ab
model-fixed-h1,composition,36,0.29,0,706.55,cold,10,3,1431.0532630886883,3247,51854b20
model-fixed-h1,composition,37,1,1,2400,,25,21,1275.561968749389,13051,2e70fe09
model-fixed-h1,composition,38,1,1,2400,,13,23,1415.9737795125693,9783,098d24fe
model-fixed-h1,composition,39,0.67,0,1598.65,poison,13,8,1050.0572400167584,7726,4e40e19b
model-fixed-h1,composition,40,1,1,2400,,25,19,1220.4956889152527,11405,a53398f3
model-fixed-h1,composition,41,1,1,2400,,51,36,1232.8261929564178,9552,b50e4d37
model-fixed-h1,composition,42,0.96,0,2310.45,poison,25,20,1441.9177936390042,12012,fbf812d0
model-fixed-h1,composition,43,1,1,2400,,39,19,979.1187167633325,10633,0bc8abdb
model-fixed-h1,composition,44,0.59,0,1426.1,cold,21,10,1135.521693667397,5464,f75b994c
model-fixed-h1,composition,45,1,1,2400,,49,21,1280.4792047012597,10208,3493816c
model-fixed-h1,composition,46,0.59,0,1422.85,poison,14,10,1308.1812533084303,5597,50c318bc
model-fixed-h1,composition,47,1,1,2400,,19,20,1359.4722845591605,9453,d303f97f
model-fixed-h1,composition,48,1,1,2400,,19,19,1289.9143806193024,7595,efc928f3
model-fixed-h1,composition,49,1,1,2400,,25,21,1370.1839546207339,9858,38367280
model-fixed-h1,composition,50,1,1,2400,,16,19,1223.048041574657,8817,cb92cc91
model-fixed-h1,composition,51,1,1,2400,,38,25,1190.0646095629781,10181,d34f8fe8
model-fixed-h1,composition,52,0.98,0,2344.75,cold,27,15,1030.5976996198297,9428,6e2d6a97
model-fixed-h1,composition,53,0.93,0,2238.7,poison,20,14,910.6717661954463,9941,95417427
model-fixed-h1,composition,54,0.86,0,2067.4,poison,15,12,925.2298789098859,8861,c66ada98
model-fixed-h1,composition,55,1,1,2400,,31,25,1315.2466686442494,9124,964dcfe7
model-fixed-h1,composition,56,0.88,0,2119.2,poison,24,5,1267.03458186239,9755,31502643
model-fixed-h1,composition,57,1,1,2400,,31,11,1362.3291590251029,10078,22f5cf46
model-fixed-h1,composition,58,0.1,0,238.1,thirst,4,4,1401.4836218208075,658,468d16b2
model-fixed-h1,composition,59,1,1,2400,,15,18,1336.2382390536368,9616,f79326d3
model-fixed-h1,composition,60,1,1,2400,,16,19,1153.169801691547,8668,df5cc34b
model-fixed-h1,composition,61,1,1,2400,,18,16,960.9996335115284,7965,00f6f6cc
model-fixed-h1,composition,62,0.42,0,1010.35,poison,5,0,1222.427462786436,3482,056cdeb5
model-fixed-h1,composition,63,1,1,2400,,15,15,1232.517156098038,8822,8418ce78
model-fixed-h1,composition,64,0.89,0,2127.5,poison,35,17,1276.6067342832685,9416,e13d456a
model-fixed-h1,composition,65,1,1,2400,,25,19,963.0870806984603,8620,1b96deee
model-fixed-h1,composition,66,0.84,0,2026.35,poison,16,13,986.5628327708691,8315,ade9a033
model-fixed-h1,composition,67,1,1,2400,,36,18,909.949193475768,9580,f296eff3
model-fixed-h1,composition,68,1,1,2400,,28,24,1281.0644138138741,8025,b5903e18
model-fixed-h1,composition,69,1,1,2400,,21,17,1171.9917150679976,9987,4557d184
model-fixed-h1,composition,70,0.6,0,1428.85,cold,15,12,1277.3612827062607,5032,5b9b3917
model-fixed-h1,composition,71,0.79,0,1890.95,poison,14,14,1034.9216405767947,8934,dfef6ea6
model-fixed-h1,composition,72,0.72,0,1731.5,poison,13,12,1070.4212616663426,6376,2bc6d453
model-fixed-h1,composition,73,0.98,0,2358.35,poison,26,17,1104.2127545457333,9890,8a5d6473
model-fixed-h1,composition,74,1,1,2400,,16,22,1485.3858197573572,9151,faa05937
model-fixed-h1,composition,75,1,1,2400,,17,19,1370.1367920264602,8792,647aaa26
model-fixed-h1,composition,76,0.88,0,2121.05,poison,23,4,1216.054368764162,8087,e0a544a9
model-fixed-h1,composition,77,0.89,0,2133.05,poison,15,12,1125.5095273721963,6878,d4841e34
model-fixed-h1,composition,78,1,1,2400,,17,21,1204.263577144593,8214,152781cc
model-fixed-h1,composition,79,0.46,0,1093.65,poison,21,9,1330.0101856235415,3728,865e649d
model-fixed-h1,composition,80,1,1,2400,,32,10,1183.6501486133784,7546,e12f7233
model-fixed-h1,composition,81,0.94,0,2261.1,poison,22,19,1463.9479940291494,5955,162d45c8
model-fixed-h1,composition,82,1,1,2400,,26,20,1381.2492803670466,5562,cb65a726
model-fixed-h1,composition,83,1,1,2400,,20,20,1366.8350195512176,6540,ebaa5c99
model-fixed-h1,composition,84,0.69,0,1660.3,poison,24,10,1199.6968852356076,4874,3c9873ef
model-fixed-h1,composition,85,1,1,2400,,15,18,1383.1437966786325,6465,bab81128
model-fixed-h1,composition,86,0.8,0,1924.35,poison,19,10,967.5357674248517,5789,aeb05eab
model-fixed-h1,composition,87,1,1,2400,,18,26,1156.808812217787,6605,68ac79d4
model-fixed-h1,composition,88,1,1,2400,,33,18,1173.720809770748,6653,d9b64410
model-fixed-h1,composition,89,1,1,2400,,28,13,1259.988802531734,6698,b1e099c0
model-fixed-h1,composition,90,1,1,2400,,21,18,1155.3427994716913,6576,4895405b
model-fixed-h1,composition,91,0.41,0,991.35,poison,9,12,1420.2966009266675,2487,2e41af0e
model-fixed-h1,composition,92,0.95,0,2274.4,poison,20,19,927.627966273576,6151,17ef9028
model-fixed-h1,composition,93,1,1,2400,,18,13,1101.074359472841,6066,44549b92
model-fixed-h1,composition,94,1,1,2400,,15,20,1300.118240620941,6605,bf091c48
model-fixed-h1,composition,95,0.94,0,2254.75,poison,16,14,1018.5872426256537,6047,f1526316
model-fixed-h1,composition,96,1,1,2400,,11,19,992.0312591828406,6397,335f9ef0
model-fixed-h1,composition,97,0.98,0,2349.15,poison,24,14,1231.5269999206066,8534,e7a4c10a
model-fixed-h1,composition,98,1,1,2400,,30,22,924.7223654296249,7245,a1b8f5f4
model-fixed-h1,composition,99,0.41,0,994.9,poison,10,6,967.8169305436313,2434,b2e94f12
model-fixed-h1,composition,100,0.85,0,2038,poison,16,8,1377.256285166368,5181,a0a213fb
model-fixed-h1,composition,101,1,1,2400,,20,14,974.794791592285,6478,bf824213
model-fixed-h1,composition,102,0.89,0,2147.55,poison,19,12,1344.8649160098284,6459,5d9b41f9
model-fixed-h1,composition,103,1,1,2400,,15,18,1469.4877217989415,11482,c754d555
model-fixed-h1,composition,104,0.74,0,1776.95,cold,26,7,1105.1880461163819,4927,2ef44206
model-fixed-h1,composition,105,0.28,0,674.5,poison,6,0,1135.4575088247657,1597,6ec2154f
model-fixed-h1,composition,106,0.98,0,2351.35,poison,36,21,1370.607446366921,5948,a43b4562
model-fixed-h1,composition,107,1,1,2400,,14,15,1414.4714328926057,5563,1922196e
model-fixed-h1,composition,108,1,1,2400,,56,24,1121.8604417983443,6867,dbd4f30f
model-fixed-h1,composition,109,0.57,0,1358.1,poison,12,10,1178.230143757537,3304,4a42c74d
model-fixed-h1,composition,110,1,1,2400,,19,13,1115.6502345576882,6202,7f3d1d50
model-fixed-h1,composition,111,1,1,2400,,12,19,960.8158277347684,6807,bd617a8f
model-fixed-h1,composition,112,1,1,2400,,70,20,1085.309890564531,8018,c126666a
model-fixed-h1,composition,113,0.92,0,2216.2,poison,17,15,1113.8190667144954,4772,fa4d17b5
model-fixed-h1,composition,114,0.64,0,1528.2,poison,18,5,1361.66654471308,3472,67ec4c71
model-fixed-h1,composition,115,1,1,2400,,14,14,1455.5010417010635,5569,67e243eb
model-fixed-h1,composition,116,1,1,2400,,17,20,1018.9518865663558,6173,6f1ba24b
model-fixed-h1,composition,117,0.8,0,1914.45,poison,28,6,916.4415249601007,6464,398ac205
model-fixed-h1,composition,118,0.87,0,2083.45,poison,22,14,1006.9175567943603,5771,f77a922f
model-fixed-h1,composition,119,1,1,2400,,12,18,1341.1057353951037,5253,300c4174
model-fixed-h1,composition,120,1,1,2400,,20,20,994.2024345975369,7449,64f966ee
model-fixed-h1,composition,121,1,1,2400,,24,21,1173.2023521792144,5622,33f01c40
model-fixed-h1,composition,122,1,1,2400,,13,20,1159.5645303837955,6896,abb2990c
model-fixed-h1,composition,123,0.28,0,668.7,poison,7,0,1361.5515862125903,1868,f74c5efe
model-fixed-h1,composition,124,0.49,0,1175.15,poison,7,0,1353.230178449303,2626,61991786
model-fixed-h1,composition,125,1,1,2400,,29,18,1167.0434507075697,7144,8497f2cf
model-fixed-h1,composition,126,0.74,0,1765.05,poison,27,8,1107.4519793037325,3980,73c571e7
model-fixed-h1,composition,127,1,1,2400,,15,17,905.0416419748217,7016,e5eaff99
model-fixed-h1,composition,128,1,1,2400,,27,19,1466.7996475473046,6519,f492e6ac
model-fixed-h1,composition,129,0.27,0,652,poison,8,0,1144.7639701422304,1661,7d5fd25f
model-fixed-h1,composition,130,0.43,0,1028.8,poison,12,6,1465.0964791886508,2273,1e375db1
model-fixed-h1,composition,131,0.81,0,1949,poison,17,13,1281.5392343793064,5030,a9954e70
model-fixed-h1,composition,132,1,1,2400,,32,15,1101.1725116986781,7796,2bba8536
model-fixed-h1,composition,133,1,1,2400,,126,34,1475.874112173915,7889,8ade1039
model-fixed-h1,composition,134,1,1,2400,,16,22,1290.601725736633,6518,d190d342
model-fixed-h1,composition,135,1,1,2400,,20,18,1077.2608320694417,5952,a1d62901
model-fixed-h1,composition,136,1,1,2400,,15,19,951.4538374263793,6328,b0c2ea30
model-fixed-h1,composition,137,1,1,2400,,23,20,1320.6740022171289,7262,3260498e
model-fixed-h1,composition,138,1,1,2400,,34,17,1447.0843572635204,6607,27fd0e80
model-fixed-h1,composition,139,1,1,2400,,17,19,984.9529625382274,6919,d3744ebc
model-fixed-h1,composition,140,1,1,2400,,34,19,1077.8336768969893,6456,d8097b05
model-fixed-h1,composition,141,0.87,0,2079.6,poison,17,13,1340.8855895977467,5414,1effea9c
model-fixed-h1,composition,142,1,1,2400,,22,21,1118.7472659163177,5599,abe5261f
model-fixed-h1,composition,143,1,1,2400,,15,20,1486.79534685798,6675,9c8a1c0a
model-fixed-h1,composition,144,1,1,2400,,14,19,1136.9918907992542,6168,c4ca5633
model-fixed-h1,composition,145,1,1,2400,,27,20,1264.3856103066355,6196,504cc70d
model-fixed-h1,composition,146,0.85,0,2031.9,poison,34,12,929.2768886312842,6489,33bd0083
model-fixed-h1,composition,147,1,1,2400,,14,19,1286.7421955801547,9360,6a0449c4
model-fixed-h1,composition,148,1,1,2400,,15,21,1130.9817840345204,6170,91615689
model-fixed-h1,composition,149,1,1,2400,,34,23,1090.8703928813338,7414,8a127449
model-fixed-h1,composition,150,0.88,0,2107.45,poison,14,14,1388.3687366265804,4974,15b8bbbc
model-fixed-h1,composition,151,0.98,0,2345.1,poison,16,18,1241.7869745288044,7204,fa929fd8
model-fixed-h1,composition,152,1,1,2400,,24,20,996.4221268426627,7465,63363949
model-fixed-h1,composition,153,0.92,0,2216.45,poison,16,11,1465.5266754794866,5041,10d6a301
model-fixed-h1,composition,154,0.82,0,1960.5,poison,14,12,1360.0727495737374,5654,9db49378
model-fixed-h1,composition,155,1,1,2400,,57,26,1293.6976034659892,6750,0008ffab
model-fixed-h1,composition,156,0.68,0,1640.65,poison,24,12,1090.0327538140118,5138,42c3cb54
model-fixed-h1,composition,157,0.9,0,2158.05,poison,15,18,1184.5583468209952,6832,4e29dcb4
model-fixed-h1,composition,158,1,1,2400,,16,21,1361.2498610280454,5902,d981e07d
model-fixed-h1,composition,159,0.63,0,1507,poison,14,12,1087.0310737285763,3877,95167efd
model-fixed-h1,composition,160,1,1,2400,,28,11,1134.409105265513,8012,ff5f09c1
model-fixed-h1,composition,161,1,1,2400,,14,19,1211.019501183182,7111,ccbaaad9
model-fixed-h1,composition,162,1,1,2400,,15,20,1354.779640166089,5993,6091599d
model-fixed-h1,composition,163,1,1,2400,,29,25,1193.7779202125967,5700,7d809ca0
model-fixed-h1,composition,164,1,1,2400,,38,27,1397.6827750448138,7728,48b2fcc2
model-fixed-h1,composition,165,1,1,2400,,21,19,1259.7743312828243,6441,373721a3
model-fixed-h1,composition,166,0.66,0,1580.65,poison,19,9,1234.640494454652,4378,00694fed
model-fixed-h1,composition,167,1,1,2400,,15,17,1190.675621246919,7688,df2d208c
model-fixed-h1,composition,168,0.85,0,2046.35,poison,28,20,1314.1329189296812,5057,ce17ec0d
model-fixed-h1,composition,169,1,1,2400,,31,22,1195.129220187664,6110,9a5ecd85
model-fixed-h1,composition,170,1,1,2400,,21,18,1303.8867191411555,5933,17473852
model-fixed-h1,composition,171,1,1,2400,,17,22,1105.4251719731838,7741,437643ca
model-fixed-h1,composition,172,1,1,2400,,27,22,1323.0916259810328,6309,1faf7264
model-fixed-h1,composition,173,1,1,2400,,14,16,1485.8402882236987,6846,f68563f9
model-fixed-h1,composition,174,0.67,0,1613.6,poison,16,9,947.138951998204,4638,ce265367
model-fixed-h1,composition,175,0.43,0,1040.5,poison,13,9,1297.4928145296872,2990,88f86413
model-fixed-h1,composition,176,0.94,0,2252,poison,22,16,1049.629135709256,7634,94a5c0ce
model-fixed-h1,composition,177,0.45,0,1079.2,poison,8,0,1195.7596875261515,2602,e9931474
model-fixed-h1,composition,178,1,1,2400,,28,22,1407.15163461864,6703,ef89083e
model-fixed-h1,composition,179,0.52,0,1256.8,cold,16,12,919.9207201134413,3832,c390ef03
model-fixed-h1,composition,180,1,1,2400,,15,22,1455.5653866380453,5958,28697f0a
model-fixed-h1,composition,181,0.81,0,1954.55,poison,18,5,1100.8694166317582,5926,40b0170a
model-fixed-h1,composition,182,0.64,0,1540.65,poison,15,12,1398.7264457624406,4071,f3e1e2f6
model-fixed-h1,composition,183,1,1,2400,,19,21,1043.0413277819753,6422,46a6ab10
model-fixed-h1,composition,184,1,1,2400,,36,23,1111.4483778364956,7965,f59d55d7
model-fixed-h1,composition,185,1,1,2400,,42,18,1221.8576656188816,7070,410839a7
model-fixed-h1,composition,186,0.75,0,1797.3,cold,26,12,1428.9914247114211,4909,e0be74a3
model-fixed-h1,composition,187,1,1,2400,,29,23,1085.6338331010193,7315,f171544a
model-fixed-h1,composition,188,0.44,0,1049,poison,10,9,1393.417603103444,2939,3f5c5a8e
model-fixed-h1,composition,189,0.3,0,712.05,cold,8,5,1201.2530513573438,2194,305af51f
model-fixed-h1,composition,190,0.57,0,1376.8,poison,25,9,1321.2053932249546,3555,1571baa3
model-fixed-h1,composition,191,1,1,2400,,25,22,1496.1295024026185,6599,5875a817
model-fixed-h1,composition,192,1,1,2400,,13,19,930.2925735712051,6753,10dca007
model-fixed-h1,composition,193,1,1,2400,,31,23,1258.9972082991153,5833,6bf60add
model-fixed-h1,composition,194,0.93,0,2223.05,poison,16,19,1152.4073097389191,6078,045c32e2
model-fixed-h1,composition,195,0.91,0,2177.45,poison,15,16,999.0998560097069,6704,ce0d1697
model-fixed-h1,composition,196,0.71,0,1693.25,poison,16,12,1205.9377323836088,4070,3d3e7ac3
model-fixed-h1,composition,197,1,1,2400,,56,4,1488.0803638603538,7287,1b20c0d8
model-fixed-h1,composition,198,0.36,0,861.45,poison,7,12,1394.535796623677,2743,21791af7
model-fixed-h1,composition,199,0.96,0,2310.2,poison,18,12,1047.8182077873498,7720,9f4b4579
model-fixed-h1,composition,200,1,1,2400,,34,19,1357.1969599463046,7688,a392b83f
model-fixed-h1,composition,201,1,1,2400,,20,21,992.1195602975786,6452,4d2d8cca
model-fixed-h1,composition,202,1,1,2400,,16,21,1192.2995714005083,5952,f6a4e539
model-fixed-h1,composition,203,1,1,2400,,55,26,1154.5003413688391,8510,dc7cad81
model-fixed-h1,composition,204,1,1,2400,,36,19,1000.1810078043491,6827,c2a98687
model-fixed-h1,composition,205,0.68,0,1625.2,cold,21,5,994.9222215916961,4299,ba0d1287
model-fixed-h1,composition,206,1,1,2400,,20,16,1122.0955364406109,7215,5ce881f1
model-fixed-h1,composition,207,1,1,2400,,28,27,983.6325459647924,7784,ff12211e
model-fixed-h1,composition,208,0.72,0,1720,poison,29,13,901.699693640694,6293,20ff1d65
model-fixed-h1,composition,209,0.67,0,1598.75,poison,20,9,1252.5396300014108,4509,5bfa4936
model-fixed-h1,composition,210,0.9,0,2150.9,cold,22,20,1169.0376046579331,5333,7abc67a2
model-fixed-h1,composition,211,1,1,2400,,46,17,1002.9386837035418,7261,001cb0f4
model-fixed-h1,composition,212,1,1,2400,,20,19,1235.1081307511777,7040,5beb155a
model-fixed-h1,composition,213,1,1,2400,,33,19,1369.4587578065693,5923,a1d96725
model-fixed-h1,composition,214,0.78,0,1872.75,poison,15,6,925.6938612554222,5759,978dc8f9
model-fixed-h1,composition,215,1,1,2400,,34,20,1298.5434462781996,11540,a951d7ed
model-fixed-h1,composition,216,0.98,0,2340.4,poison,16,19,1345.3038537874818,6201,ceee58d7
model-fixed-h1,composition,217,1,1,2400,,26,14,1205.3591650910676,6767,d4abba0b
model-fixed-h1,composition,218,1,1,2400,,29,22,1221.6119939927012,6587,a3d966a0
model-fixed-h1,composition,219,1,1,2400,,19,20,948.6826007254422,7044,4100e561
model-fixed-h1,composition,220,1,1,2400,,35,20,1211.7021025624126,6069,9637e667
model-fixed-h1,composition,221,1,1,2400,,15,18,1457.7891195192933,6278,91cdf447
model-fixed-h1,composition,222,0.85,0,2039,poison,24,15,1047.5726979319006,9520,8422fb6e
model-fixed-h1,composition,223,1,1,2400,,23,24,1194.918327452615,6447,cb7758e3
model-fixed-h1,composition,224,1,1,2400,,24,22,1005.4493539966643,6928,b4cb6652
model-fixed-h1,composition,225,0.99,0,2372.25,poison,19,23,1376.4573000837117,6205,1dffdff8
model-fixed-h1,composition,226,1,1,2400,,14,20,939.5778216887265,6763,2be3fc98
model-fixed-h1,composition,227,1,1,2400,,21,21,1434.9179482553154,6257,35d961f3
model-fixed-h1,composition,228,1,1,2400,,16,20,921.1716557387263,6641,59a01f8c
model-fixed-h1,composition,229,1,1,2400,,14,21,1319.0656683873385,6457,a88e36e9
model-fixed-h1,composition,230,1,1,2400,,21,20,960.7735414523631,7544,11c0c65a
model-fixed-h1,composition,231,0.61,0,1463.45,poison,14,12,970.7320349290967,3826,67f823a5
model-fixed-h1,composition,232,1,1,2400,,34,26,1424.1734676528722,6907,cfbaf54f
model-fixed-h1,composition,233,0.59,0,1416.2,poison,15,15,1397.2399753052741,3265,03790095
model-fixed-h1,composition,234,1,1,2400,,17,19,1363.8952993322164,6456,f8e7df22
model-fixed-h1,composition,235,1,1,2400,,29,21,1054.7708944883198,7321,88fd4c3b
model-fixed-h1,composition,236,1,1,2400,,40,19,1104.401738801971,8034,a63b79f1
model-fixed-h1,composition,237,0.85,0,2028.6,poison,19,18,1203.0590652488172,5364,9f1c6445
model-fixed-h1,composition,238,0.82,0,1978.8,cold,23,11,1113.8568364083767,6011,133fce8d
model-fixed-h1,composition,239,1,1,2400,,27,23,1336.7236276622862,7270,0b1402bf
model-fixed-h1,composition,240,1,1,2400,,21,24,1202.6472402736545,7359,ce787c00
model-fixed-h1,composition,241,1,1,2400,,24,23,1046.5303159318864,8203,06e8af2d
model-fixed-h1,composition,242,0.91,0,2192.3,poison,27,12,1344.6201412472874,6817,13c8c1a8
model-fixed-h1,composition,243,0.32,0,757.75,poison,8,8,937.8141772001982,2083,4597d99d
model-fixed-h1,composition,244,1,1,2400,,24,26,1135.7657541520894,7157,7dd9574c
model-fixed-h1,composition,245,0.67,0,1600.85,poison,18,12,1292.609103396535,4671,e09fdcc2
model-fixed-h1,composition,246,0.96,0,2309.7,poison,17,17,1038.6681274976581,6965,d5579d85
model-fixed-h1,composition,247,0.29,0,691.15,poison,6,0,1389.2561377957463,2101,ca309739
model-fixed-h1,composition,248,1,1,2400,,11,20,907.4884203728288,7179,d955cfae
model-fixed-h1,composition,249,0.46,0,1108.05,poison,12,3,1409.0957075357437,2645,e3573fa0
model-fixed-h1,composition,250,0.93,0,2227.15,poison,16,17,1225.0616886187345,6630,9f08695c
model-fixed-h1,composition,251,1,1,2400,,27,22,1297.0446069259197,5378,2c0ff6f0
model-fixed-h1,composition,252,1,1,2400,,30,19,1103.9641621056944,7598,4fb845b8
model-fixed-h1,composition,253,1,1,2400,,23,22,1119.4196885917336,7512,770c0142
model-fixed-h1,composition,254,0.98,0,2342.65,poison,17,15,1270.0571752153337,8555,0ce8fc71
model-fixed-h1,composition,255,1,1,2400,,22,20,978.7794969510287,8872,3743adbf
model-fixed-h1,composition,256,0.83,0,1986.4,poison,18,14,984.344200277701,8173,c848fa94
model-fixed-h1,composition,257,0.76,0,1830.4,poison,19,11,1446.5802851133049,6360,21e9ef95
model-fixed-h1,composition,258,1,1,2400,,23,23,919.6648745331913,7595,02ed72eb
model-fixed-h1,composition,259,1,1,2400,,52,24,1459.2605631798506,8709,a31f0226
model-fixed-h1,composition,260,1,1,2400,,19,14,1361.0214677173644,14239,121d7688
model-fixed-h1,composition,261,0.91,0,2194.95,poison,25,18,1450.6259872578084,9891,abff7e4e
model-fixed-h1,composition,262,1,1,2400,,16,21,1268.2364974636585,19389,882284fb
model-fixed-h1,composition,263,0.87,0,2083.9,poison,18,13,1249.1626046597958,16714,fa293211
model-fixed-h1,composition,264,1,1,2400,,12,19,907.069144025445,17705,b4dd21a0
model-fixed-h1,composition,265,1,1,2400,,37,26,1339.0997590497136,20429,6c5939b1
model-fixed-h1,composition,266,1,1,2400,,17,22,945.520893484354,19070,6f5637ff
model-fixed-h1,composition,267,1,1,2400,,16,22,1004.3327002320439,15488,f53b5e2a
model-fixed-h1,composition,268,0.56,0,1353.75,poison,12,9,1445.2794782817364,6648,ab9d8d76
model-fixed-h1,composition,269,0.44,0,1065.05,cold,10,0,1217.0531110838056,5934,02c84200
model-fixed-h1,composition,270,0.85,0,2051.7,poison,15,15,905.9832656756043,12341,f77196c7
model-fixed-h1,composition,271,0.89,0,2147.65,poison,21,15,971.0220783948898,12791,2ea2d232
model-fixed-h1,composition,272,1,1,2400,,20,22,1348.1315648183227,13110,aff00d27
model-fixed-h1,composition,273,0.67,0,1613.1,cold,26,12,1355.776495859027,9005,6d84ce90
model-fixed-h1,composition,274,1,1,2400,,25,23,1305.6870179716498,12250,1bc8edd9
model-fixed-h1,composition,275,0.42,0,1008.15,poison,10,1,967.6845006644726,5839,6a8411a5
model-fixed-h1,composition,276,1,1,2400,,22,17,1469.6337923873216,14956,8fb4794d
model-fixed-h1,composition,277,1,1,2400,,32,24,1118.4982267208397,14528,5e5d02cd
model-fixed-h1,composition,278,1,1,2400,,20,24,1354.2102840263397,15001,168d5521
model-fixed-h1,composition,279,1,1,2400,,34,26,905.5938298813999,18960,8b0f96c8
model-fixed-h1,composition,280,1,1,2400,,12,20,1254.6807469334453,17813,951e3626
model-fixed-h1,composition,281,0.59,0,1425.8,poison,15,8,945.7816836889833,11593,451917d6
model-fixed-h1,composition,282,0.88,0,2101.8,poison,19,14,1388.6873227078468,16863,3d3e30af
model-fixed-h1,composition,283,1,1,2400,,43,21,1067.9485361091793,14495,eccf61d9
model-fixed-h1,composition,284,1,1,2400,,15,18,1366.2202809937298,15481,a64ae565
model-fixed-h1,composition,285,0.09,0,225.25,thirst,4,6,1176.8785789143294,1362,16b833a3
model-fixed-h1,composition,286,0.86,0,2061,poison,14,15,1320.0503782834858,12766,2df2b12b
model-fixed-h1,composition,287,0.67,0,1603.1,cold,18,11,1252.034403802827,8134,71a006e3
model-fixed-h1,composition,288,1,1,2400,,12,21,1222.7287317160517,13802,2c22708a
model-fixed-h1,composition,289,1,1,2400,,12,23,1262.9864285700023,13207,7f9e25e2
model-fixed-h1,composition,290,1,1,2400,,19,21,1291.4361126255244,10832,0acc4fe5
model-fixed-h1,composition,291,0.88,0,2112.75,poison,18,17,1298.5788947436959,12081,8931434f
model-fixed-h1,composition,292,1,1,2400,,20,21,1057.1428986266255,12404,07fb2173
model-fixed-h1,composition,293,0.36,0,855.3,poison,6,0,1005.9947689063847,4563,ed166d7e
model-fixed-h1,composition,294,1,1,2400,,12,18,1091.9827145989984,11138,5f8bc4aa
model-fixed-h1,composition,295,1,1,2400,,33,27,1078.8521320559084,13794,0a9bb980
model-fixed-h1,composition,296,1,1,2400,,35,19,1305.3439878858626,13923,8ca2e231
model-fixed-h1,composition,297,1,1,2400,,13,16,1274.4486073963344,10641,c0db149e
model-fixed-h1,composition,298,1,1,2400,,29,23,941.0594351124018,10380,00c47a63
model-fixed-h1,composition,299,0.98,0,2346.3,poison,32,12,1427.4996501859277,9350,581f73d1
model-fixed-h1,invert,0,0.85,0,2046.05,poison,17,17,1355.2491386421025,9037,c816feed
model-fixed-h1,invert,1,0.46,0,1106.35,poison,10,2,1453.974782070145,5414,91ee61a2
model-fixed-h1,invert,2,1,1,2400,,18,19,1008.7649860884994,11025,40d8ffa3
model-fixed-h1,invert,3,0.94,0,2261.7,poison,31,9,1052.154010394588,8985,1c4a9520
model-fixed-h1,invert,4,0.47,0,1123.65,poison,12,12,1012.4247627798468,5112,fca3cf74
model-fixed-h1,invert,5,0.74,0,1765.05,poison,15,11,1021.8986702151597,8016,8b364d1d
model-fixed-h1,invert,6,0.72,0,1725.1,poison,35,11,924.9981891363859,7708,484f736c
model-fixed-h1,invert,7,0.62,0,1490.3,poison,11,12,1280.811721784994,6480,748fe164
model-fixed-h1,invert,8,1,1,2400,,31,26,1227.5550863239914,9590,1ac463de
model-fixed-h1,invert,9,1,1,2400,,21,25,954.4359873980284,10243,8aba06bb
model-fixed-h1,invert,10,1,1,2400,,17,20,1481.036379514262,9891,6566b400
model-fixed-h1,invert,11,0.82,0,1979.7,cold,23,13,1419.2990833427757,7751,8cd05f64
model-fixed-h1,invert,12,0.63,0,1517.9,poison,14,13,1156.1995566822588,6088,5aa94850
model-fixed-h1,invert,13,1,1,2400,,44,21,975.9893313981593,11920,496192f1
model-fixed-h1,invert,14,0.61,0,1467.45,poison,19,6,1056.7464123945683,6574,2f84b59a
model-fixed-h1,invert,15,1,1,2400,,33,25,1087.165479362011,9398,28ed357e
model-fixed-h1,invert,16,1,1,2400,,47,27,1184.9144582636654,9236,37f90cb4
model-fixed-h1,invert,17,1,1,2400,,39,10,948.6968228593469,8431,931b33d6
model-fixed-h1,invert,18,0.6,0,1430.6,cold,21,13,1230.41522372514,5789,94a24cce
model-fixed-h1,invert,19,0.39,0,936.65,poison,13,8,1493.4291507583112,5089,f42726e5
model-fixed-h1,invert,20,1,1,2400,,10,23,1195.6276488024741,11372,68fedfda
model-fixed-h1,invert,21,0.66,0,1591.8,poison,14,14,1099.0994222927839,7301,859d7ea4
model-fixed-h1,invert,22,0.74,0,1764.4,poison,12,13,1396.9266504049301,9316,6fb00cfd
model-fixed-h1,invert,23,1,1,2400,,20,17,1006.6232697106898,9851,b52c76ae
model-fixed-h1,invert,24,0.78,0,1865.25,poison,17,11,914.0643363352865,9426,fb2e5220
model-fixed-h1,invert,25,0.52,0,1246.2,cold,13,13,909.055660944432,5678,4da8605e
model-fixed-h1,invert,26,0.93,0,2235.75,poison,28,11,1418.5124515090138,9113,0dfef931
model-fixed-h1,invert,27,0.45,0,1072.75,poison,9,12,1038.7996306177229,4834,230231d9
model-fixed-h1,invert,28,1,1,2400,,24,27,1491.567375836894,9685,259c50f0
model-fixed-h1,invert,29,1,1,2400,,31,27,1168.8283814582974,9332,73ff2025
model-fixed-h1,invert,30,1,1,2400,,30,21,1246.451383922249,10469,b75b9e68
model-fixed-h1,invert,31,0.76,0,1829.55,poison,10,9,1109.8990456201136,7039,f8ee3730
model-fixed-h1,invert,32,0.82,0,1963.35,poison,21,15,1451.950038364157,8611,55f98e4f
model-fixed-h1,invert,33,0.6,0,1451.4,poison,22,11,933.9349877089262,6887,a39a0915
model-fixed-h1,invert,34,1,1,2400,,42,26,1440.3934170026332,9285,8249c326
model-fixed-h1,invert,35,1,1,2400,,22,22,1076.2001846451312,9331,3648c660
model-fixed-h1,invert,36,0.29,0,706.55,cold,10,3,1431.0532630886883,3204,51854b20
model-fixed-h1,invert,37,1,1,2400,,39,24,1275.561968749389,10681,1643bb0e
model-fixed-h1,invert,38,1,1,2400,,36,22,1415.9737795125693,8850,12d5ac1c
model-fixed-h1,invert,39,0.52,0,1255.15,cold,12,8,1050.0572400167584,5181,97a0b926
model-fixed-h1,invert,40,1,1,2400,,14,22,1220.4956889152527,8756,04ec0832
model-fixed-h1,invert,41,1,1,2400,,52,41,1232.8261929564178,8192,eb1582fa
model-fixed-h1,invert,42,1,1,2400,,49,16,1441.9177936390042,10706,3e5c695a
model-fixed-h1,invert,43,1,1,2400,,41,29,979.1187167633325,8669,fdc68ea7
model-fixed-h1,invert,44,1,1,2400,,37,11,1135.521693667397,8231,0d7f2cd9
model-fixed-h1,invert,45,1,1,2400,,41,24,1280.4792047012597,8800,a1458d81
model-fixed-h1,invert,46,1,1,2400,,16,18,1308.1812533084303,8470,c6c28b40
model-fixed-h1,invert,47,0.67,0,1611.8,poison,15,13,1359.4722845591605,6056,2c67f478
model-fixed-h1,invert,48,0.6,0,1437.85,cold,10,10,1289.9143806193024,4238,96f2d631
model-fixed-h1,invert,49,1,1,2400,,12,22,1370.1839546207339,8126,cf31f447
model-fixed-h1,invert,50,1,1,2400,,16,19,1223.048041574657,6605,3fbb7fc0
model-fixed-h1,invert,51,1,1,2400,,33,25,1190.0646095629781,7730,14f99d2e
model-fixed-h1,invert,52,0.7,0,1688.85,poison,17,12,1030.5976996198297,5623,a16db1f0
model-fixed-h1,invert,53,0.82,0,1971.55,poison,17,12,910.6717661954463,6616,e2e13d0b
model-fixed-h1,invert,54,0.61,0,1456.85,poison,10,12,925.2298789098859,5261,c4aae9e8
model-fixed-h1,invert,55,1,1,2400,,26,25,1315.2466686442494,6953,cf770ea2
model-fixed-h1,invert,56,0.66,0,1577.8,poison,16,5,1267.03458186239,6234,ee0679de
model-fixed-h1,invert,57,1,1,2400,,42,9,1362.3291590251029,8794,8d56ac70
model-fixed-h1,invert,58,0.1,0,238.1,thirst,4,4,1401.4836218208075,598,468d16b2
model-fixed-h1,invert,59,0.69,0,1665.2,poison,13,12,1336.2382390536368,6005,e4bb4a3f
model-fixed-h1,invert,60,1,1,2400,,15,22,1153.169801691547,7271,e1ea52b6
model-fixed-h1,invert,61,1,1,2400,,20,20,960.9996335115284,6795,77a798ec
model-fixed-h1,invert,62,0.42,0,1010.35,poison,5,0,1222.427462786436,3522,056cdeb5
model-fixed-h1,invert,63,1,1,2400,,15,16,1232.517156098038,7033,fede4f52
model-fixed-h1,invert,64,1,1,2400,,53,16,1276.6067342832685,8869,7bb128d3
model-fixed-h1,invert,65,1,1,2400,,25,24,963.0870806984603,6863,7ee4b80c
model-fixed-h1,invert,66,0.64,0,1538.2,poison,14,7,986.5628327708691,5207,b1da7adc
model-fixed-h1,invert,67,1,1,2400,,35,11,909.949193475768,7299,5362a8b6
model-fixed-h1,invert,68,1,1,2400,,25,26,1281.0644138138741,6360,9d648a1e
model-fixed-h1,invert,69,1,1,2400,,18,16,1171.9917150679976,8159,31a6bda2
model-fixed-h1,invert,70,0.89,0,2143.35,poison,19,12,1277.3612827062607,7179,5f12081e
model-fixed-h1,invert,71,0.97,0,2323.95,poison,14,18,1034.9216405767947,7964,ba88f5fe
model-fixed-h1,invert,72,0.56,0,1347.25,poison,10,12,1070.4212616663426,4525,63133ebb
model-fixed-h1,invert,73,0.67,0,1612.15,poison,14,15,1104.2127545457333,5934,2b50aa4e
model-fixed-h1,invert,74,0.76,0,1829.85,poison,14,13,1485.3858197573572,6508,b5820139
model-fixed-h1,invert,75,1,1,2400,,27,15,1370.1367920264602,7987,fb974423
model-fixed-h1,invert,76,0.77,0,1837,poison,14,3,1216.054368764162,5231,648b2238
model-fixed-h1,invert,77,0.6,0,1434.85,cold,10,12,1125.5095273721963,4272,44d2300d
model-fixed-h1,invert,78,1,1,2400,,66,20,1204.263577144593,7643,b77d3569
model-fixed-h1,invert,79,0.46,0,1093.65,poison,21,9,1330.0101856235415,3690,865e649d
model-fixed-h1,invert,80,1,1,2400,,33,10,1183.6501486133784,7277,45df06c1
model-fixed-h1,invert,81,0.92,0,2201.95,poison,17,19,1463.9479940291494,4605,1a3acf08
model-fixed-h1,invert,82,0.87,0,2082.45,poison,23,11,1381.2492803670466,4469,ea8e9b16
model-fixed-h1,invert,83,0.84,0,2011.7,poison,19,12,1366.8350195512176,5129,44347287
model-fixed-h1,invert,84,1,1,2400,,27,10,1199.6968852356076,5818,0971b856
model-fixed-h1,invert,85,1,1,2400,,24,15,1383.1437966786325,5319,467c1fd8
model-fixed-h1,invert,86,1,1,2400,,28,15,967.5357674248517,4993,5a4273bb
model-fixed-h1,invert,87,1,1,2400,,43,22,1156.808812217787,5588,b793ca92
model-fixed-h1,invert,88,1,1,2400,,26,18,1173.720809770748,5269,eabcb2c1
model-fixed-h1,invert,89,1,1,2400,,23,12,1259.988802531734,5335,78bf3bc1
model-fixed-h1,invert,90,0.8,0,1914.1,poison,13,14,1155.3427994716913,4247,f16444a8
model-fixed-h1,invert,91,0.41,0,991.35,poison,9,12,1420.2966009266675,2275,2e41af0e
model-fixed-h1,invert,92,0.87,0,2085.5,poison,17,12,927.627966273576,4845,6db1daa2
model-fixed-h1,invert,93,0.81,0,1951.6,poison,16,12,1101.074359472841,4505,c2ecc731
model-fixed-h1,invert,94,0.7,0,1686.7,poison,11,12,1300.118240620941,3724,ca1231cb
model-fixed-h1,invert,95,0.61,0,1470.35,poison,10,5,1018.5872426256537,3236,6637b986
model-fixed-h1,invert,96,0.6,0,1439.65,cold,16,12,992.0312591828406,3387,1754acf5
model-fixed-h1,invert,97,0.51,0,1232.3,poison,11,12,1231.5269999206066,3974,2f0e0dd0
model-fixed-h1,invert,98,0.52,0,1242.25,poison,11,12,924.7223654296249,2755,67e6f8eb
model-fixed-h1,invert,99,0.64,0,1534.7,poison,12,9,967.8169305436313,2883,925f474c
model-fixed-h1,invert,100,0.83,0,2002.8,poison,15,8,1377.256285166368,4597,e20bb4c2
model-fixed-h1,invert,101,1,1,2400,,24,10,974.794791592285,5694,622939f7
model-fixed-h1,invert,102,0.97,0,2329.5,cold,27,12,1344.8649160098284,6180,23280923
model-fixed-h1,invert,103,1,1,2400,,39,16,1469.4877217989415,9910,ec5f3589
model-fixed-h1,invert,104,0.52,0,1258.3,wounds,28,7,1105.1880461163819,2920,b072dcf7
model-fixed-h1,invert,105,0.28,0,674.5,poison,6,0,1135.4575088247657,1446,6ec2154f
model-fixed-h1,invert,106,0.98,0,2358.65,poison,44,16,1370.607446366921,5297,d5109cdc
model-fixed-h1,invert,107,0.66,0,1593.15,poison,11,9,1414.4714328926057,3320,3c58228c
model-fixed-h1,invert,108,1,1,2400,,52,24,1121.8604417983443,4687,8cb3069d
model-fixed-h1,invert,109,0.59,0,1424.9,poison,10,10,1178.230143757537,3367,cee0909a
model-fixed-h1,invert,110,1,1,2400,,11,16,1115.6502345576882,5122,282249a5
model-fixed-h1,invert,111,0.95,0,2275.8,poison,18,16,960.8158277347684,5491,662dbfe1
model-fixed-h1,invert,112,1,1,2400,,51,12,1085.309890564531,6819,a9f0a27f
model-fixed-h1,invert,113,1,1,2400,,12,18,1113.8190667144954,4285,85cb0e5b
model-fixed-h1,invert,114,0.77,0,1841.95,poison,24,5,1361.66654471308,3706,b68885b2
model-fixed-h1,invert,115,1,1,2400,,12,14,1455.5010417010635,4985,703a84cb
model-fixed-h1,invert,116,1,1,2400,,35,23,1018.9518865663558,5581,1ea11cdd
model-fixed-h1,invert,117,1,1,2400,,30,6,916.4415249601007,5758,562770e1
model-fixed-h1,invert,118,0.65,0,1555.1,poison,19,12,1006.9175567943603,3830,818c3522
model-fixed-h1,invert,119,0.71,0,1709.75,poison,13,12,1341.1057353951037,3235,64c69aec
model-fixed-h1,invert,120,1,1,2400,,15,22,994.2024345975369,4922,4ea8275a
model-fixed-h1,invert,121,1,1,2400,,24,20,1173.2023521792144,5003,753d4bfb
model-fixed-h1,invert,122,0.7,0,1672.55,poison,12,12,1159.5645303837955,3914,a69e8a09
model-fixed-h1,invert,123,0.28,0,668.7,poison,7,0,1361.5515862125903,1744,f74c5efe
model-fixed-h1,invert,124,0.49,0,1175.15,poison,7,0,1353.230178449303,2497,61991786
model-fixed-h1,invert,125,1,1,2400,,29,22,1167.0434507075697,5257,f9c613b9
model-fixed-h1,invert,126,0.75,0,1788.65,cold,25,8,1107.4519793037325,3688,d3bea552
model-fixed-h1,invert,127,1,1,2400,,15,10,905.0416419748217,5167,2ed4609f
model-fixed-h1,invert,128,1,1,2400,,27,19,1466.7996475473046,5417,b1e78bb0
model-fixed-h1,invert,129,0.27,0,652,poison,8,0,1144.7639701422304,1617,7d5fd25f
model-fixed-h1,invert,130,0.43,0,1028.8,poison,12,6,1465.0964791886508,2298,1e375db1
model-fixed-h1,invert,131,0.8,0,1927.55,poison,21,13,1281.5392343793064,4585,9e623176
model-fixed-h1,invert,132,0.73,0,1762.7,poison,22,9,1101.1725116986781,4685,2cf57b46
model-fixed-h1,invert,133,1,1,2400,,102,40,1475.874112173915,6699,a517fa81
model-fixed-h1,invert,134,0.63,0,1502.75,poison,11,12,1290.601725736633,3351,40f3d347
model-fixed-h1,invert,135,0.62,0,1492.95,poison,14,12,1077.2608320694417,3334,05193a82
model-fixed-h1,invert,136,1,1,2400,,15,16,951.4538374263793,4812,3cbb387a
model-fixed-h1,invert,137,0.88,0,2110.2,poison,21,17,1320.6740022171289,5725,726318ea
model-fixed-h1,invert,138,1,1,2400,,27,19,1447.0843572635204,5436,00d8a0cb
model-fixed-h1,invert,139,0.71,0,1706.3,poison,16,11,984.9529625382274,3723,70c70ebd
model-fixed-h1,invert,140,1,1,2400,,26,12,1077.8336768969893,5455,138e3189
model-fixed-h1,invert,141,0.58,0,1380.35,poison,12,11,1340.8855895977467,3151,9d668684
model-fixed-h1,invert,142,1,1,2400,,15,21,1118.7472659163177,4537,3b55b467
model-fixed-h1,invert,143,0.78,0,1864.05,poison,14,12,1486.79534685798,4971,48c5f5fb
model-fixed-h1,invert,144,0.71,0,1695.05,poison,14,13,1136.9918907992542,3677,65816709
model-fixed-h1,invert,145,1,1,2400,,27,20,1264.3856103066355,4986,580ac142
model-fixed-h1,invert,146,1,1,2400,,17,22,929.2768886312842,4959,eff61fae
model-fixed-h1,invert,147,1,1,2400,,31,19,1286.7421955801547,8214,db0b4b67
model-fixed-h1,invert,148,0.5,0,1209.25,poison,11,12,1130.9817840345204,2753,da9b9561
model-fixed-h1,invert,149,1,1,2400,,34,21,1090.8703928813338,5924,22007b3c
model-fixed-h1,invert,150,1,1,2400,,11,19,1388.3687366265804,4514,f7fc1b1d
model-fixed-h1,invert,151,1,1,2400,,13,22,1241.7869745288044,6448,32c5931b
model-fixed-h1,invert,152,1,1,2400,,34,25,996.4221268426627,6051,3fc1785d
model-fixed-h1,invert,153,0.71,0,1712.05,poison,13,11,1465.5266754794866,3577,67294563
model-fixed-h1,invert,154,1,1,2400,,12,19,1360.0727495737374,5444,f12683bd
model-fixed-h1,invert,155,1,1,2400,,27,24,1293.6976034659892,5333,57872c89
model-fixed-h1,invert,156,1,1,2400,,19,18,1090.0327538140118,6428,b7e4f658
model-fixed-h1,invert,157,0.75,0,1807.9,poison,13,16,1184.5583468209952,4662,81325c76
model-fixed-h1,invert,158,1,1,2400,,22,16,1361.2498610280454,4843,b9b7e5be
model-fixed-h1,invert,159,0.58,0,1400.95,poison,10,11,1087.0310737285763,3182,a05bdd05
model-fixed-h1,invert,160,0.81,0,1942.9,poison,26,13,1134.409105265513,5299,87e906fc
model-fixed-h1,invert,161,0.52,0,1245.55,poison,10,12,1211.019501183182,3389,de41bfd2
model-fixed-h1,invert,162,0.71,0,1709.3,poison,16,13,1354.779640166089,3783,3ef2849c
model-fixed-h1,invert,163,1,1,2400,,22,23,1193.7779202125967,4675,7e49de88
model-fixed-h1,invert,164,1,1,2400,,52,24,1397.6827750448138,6231,aaa408a5
model-fixed-h1,invert,165,0.66,0,1587.9,poison,13,12,1259.7743312828243,4088,3510e03a
model-fixed-h1,invert,166,0.56,0,1355.2,poison,18,9,1234.640494454652,3400,9d4d498f
model-fixed-h1,invert,167,0.58,0,1403,poison,12,9,1190.675621246919,3853,da2219bb
model-fixed-h1,invert,168,1,1,2400,,19,16,1314.1329189296812,4969,3a6cb4dc
model-fixed-h1,invert,169,1,1,2400,,26,21,1195.129220187664,5136,d674caef
model-fixed-h1,invert,170,1,1,2400,,13,21,1303.8867191411555,4985,99afaca3
model-fixed-h1,invert,171,0.6,0,1450.35,poison,12,12,1105.4251719731838,3955,fdf53bcc
model-fixed-h1,invert,172,1,1,2400,,25,21,1323.0916259810328,5801,05686478
model-fixed-h1,invert,173,0.81,0,1951.65,poison,12,11,1485.8402882236987,4714,db3f368e
model-fixed-h1,invert,174,1,1,2400,,24,15,947.138951998204,5831,9b7013ad
model-fixed-h1,invert,175,0.43,0,1040.5,poison,13,9,1297.4928145296872,2607,88f86413
model-fixed-h1,invert,176,0.53,0,1269.05,poison,12,11,1049.629135709256,3745,dc5cb221
model-fixed-h1,invert,177,0.45,0,1079.2,poison,8,0,1195.7596875261515,2925,e9931474
model-fixed-h1,invert,178,1,1,2400,,31,24,1407.15163461864,5849,416f478e
model-fixed-h1,invert,179,0.78,0,1877.9,poison,19,13,919.9207201134413,5208,aafc74ef
model-fixed-h1,invert,180,1,1,2400,,11,22,1455.5653866380453,4804,af03ddf9
model-fixed-h1,invert,181,0.76,0,1822.5,cold,25,13,1100.8694166317582,4667,ca938aa7
model-fixed-h1,invert,182,0.79,0,1903.25,poison,18,13,1398.7264457624406,4946,475d6230
model-fixed-h1,invert,183,1,1,2400,,36,26,1043.0413277819753,5506,8d745945
model-fixed-h1,invert,184,1,1,2400,,27,21,1111.4483778364956,6595,76b1f387
model-fixed-h1,invert,185,1,1,2400,,14,19,1221.8576656188816,5859,22478702
model-fixed-h1,invert,186,0.69,0,1645.75,poison,25,12,1428.9914247114211,3899,e2d7ed70
model-fixed-h1,invert,187,1,1,2400,,27,23,1085.6338331010193,4982,b184bd4f
model-fixed-h1,invert,188,0.44,0,1049,poison,10,9,1393.417603103444,2674,3f5c5a8e
model-fixed-h1,invert,189,0.3,0,712.05,cold,8,5,1201.2530513573438,2045,305af51f
model-fixed-h1,invert,190,0.6,0,1430.85,poison,25,9,1321.2053932249546,3691,e7eb503d
model-fixed-h1,invert,191,1,1,2400,,30,15,1496.1295024026185,5420,fcb2b37a
model-fixed-h1,invert,192,0.7,0,1687.45,poison,19,12,930.2925735712051,4158,dfe7b40b
model-fixed-h1,invert,193,1,1,2400,,21,24,1258.9972082991153,4774,9a6168bc
model-fixed-h1,invert,194,0.87,0,2097.85,poison,23,12,1152.4073097389191,5258,8644483f
model-fixed-h1,invert,195,1,1,2400,,19,21,999.0998560097069,6228,e0b3a706
model-fixed-h1,invert,196,0.74,0,1768.05,poison,13,12,1205.9377323836088,3864,450dc1c4
model-fixed-h1,invert,197,1,1,2400,,55,5,1488.0803638603538,5959,be415417
model-fixed-h1,invert,198,0.36,0,861.45,poison,7,12,1394.535796623677,2490,21791af7
model-fixed-h1,invert,199,0.65,0,1549,poison,19,12,1047.8182077873498,4237,805130f1
model-fixed-h1,invert,200,1,1,2400,,29,15,1357.1969599463046,5983,26992fa5
model-fixed-h1,invert,201,0.83,0,2002.8,poison,20,15,992.1195602975786,4365,f80e53af
model-fixed-h1,invert,202,1,1,2400,,16,20,1192.2995714005083,5000,f6df2662
model-fixed-h1,invert,203,1,1,2400,,50,29,1154.5003413688391,6708,1de7dafd
model-fixed-h1,invert,204,1,1,2400,,29,21,1000.1810078043491,4849,2db6a444
model-fixed-h1,invert,205,1,1,2400,,20,12,994.9222215916961,5694,5c075f5e
model-fixed-h1,invert,206,1,1,2400,,26,21,1122.0955364406109,6048,941a21ba
model-fixed-h1,invert,207,1,1,2400,,55,24,983.6325459647924,6193,e2fcfcb2
model-fixed-h1,invert,208,0.51,0,1234.95,poison,23,13,901.699693640694,3611,7db6606a
model-fixed-h1,invert,209,1,1,2400,,14,13,1252.5396300014108,5858,4f2dab95
model-fixed-h1,invert,210,1,1,2400,,32,17,1169.0376046579331,4749,f872156a
model-fixed-h1,invert,211,1,1,2400,,33,26,1002.9386837035418,5277,ec20e68e
model-fixed-h1,invert,212,1,1,2400,,20,21,1235.1081307511777,5718,b97ee8ea
model-fixed-h1,invert,213,1,1,2400,,26,19,1369.4587578065693,4917,98589042
model-fixed-h1,invert,214,0.57,0,1364.95,poison,14,11,925.6938612554222,3261,2ed5c799
model-fixed-h1,invert,215,1,1,2400,,32,21,1298.5434462781996,9915,c9deac54
model-fixed-h1,invert,216,0.96,0,2309.05,poison,23,19,1345.3038537874818,5466,aad8c513
model-fixed-h1,invert,217,1,1,2400,,28,18,1205.3591650910676,5538,4b87c496
model-fixed-h1,invert,218,1,1,2400,,27,23,1221.6119939927012,5295,0d4ff9b1
model-fixed-h1,invert,219,1,1,2400,,19,20,948.6826007254422,5655,4830b862
model-fixed-h1,invert,220,1,1,2400,,31,21,1211.7021025624126,4816,b9be5cc4
model-fixed-h1,invert,221,1,1,2400,,11,18,1457.7891195192933,5191,156fcb5d
model-fixed-h1,invert,222,1,1,2400,,21,22,1047.5726979319006,10424,10501eb6
model-fixed-h1,invert,223,1,1,2400,,28,26,1194.918327452615,5378,54d1ef7e
model-fixed-h1,invert,224,0.95,0,2273,poison,15,17,1005.4493539966643,4997,38364d09
model-fixed-h1,invert,225,1,1,2400,,23,28,1376.4573000837117,5020,a5fe1061
model-fixed-h1,invert,226,0.99,0,2372.3,poison,14,16,939.5778216887265,5330,b74b4c7a
model-fixed-h1,invert,227,1,1,2400,,19,22,1434.9179482553154,5088,2025a7db
model-fixed-h1,invert,228,0.89,0,2128.55,poison,14,12,921.1716557387263,4957,974dfd6a
model-fixed-h1,invert,229,0.75,0,1811.05,poison,11,12,1319.0656683873385,4128,014c5c76
model-fixed-h1,invert,230,0.57,0,1370.9,poison,16,12,960.7735414523631,3490,538ff254
model-fixed-h1,invert,231,0.44,0,1058.3,poison,11,12,970.7320349290967,2322,a00d01e5
model-fixed-h1,invert,232,1,1,2400,,29,24,1424.1734676528722,5591,1b0c235f
model-fixed-h1,invert,233,0.7,0,1683.55,poison,21,15,1397.2399753052741,4077,36901967
model-fixed-h1,invert,234,1,1,2400,,21,25,1363.8952993322164,5794,3ce66622
model-fixed-h1,invert,235,1,1,2400,,19,22,1054.7708944883198,5964,f97231ac
model-fixed-h1,invert,236,1,1,2400,,46,13,1104.401738801971,6965,4e51669c
model-fixed-h1,invert,237,0.59,0,1407.85,poison,13,13,1203.0590652488172,3332,e8e79d11
model-fixed-h1,invert,238,0.98,0,2353.25,poison,23,13,1113.8568364083767,5979,8f6a2101
model-fixed-h1,invert,239,1,1,2400,,49,19,1336.7236276622862,5963,6139e63c
model-fixed-h1,invert,240,1,1,2400,,19,20,1202.6472402736545,5442,6e72aab4
model-fixed-h1,invert,241,1,1,2400,,26,25,1046.5303159318864,6919,1abc39c8
model-fixed-h1,invert,242,1,1,2400,,39,12,1344.6201412472874,5321,48d2cb9c
model-fixed-h1,invert,243,0.32,0,757.75,poison,8,8,937.8141772001982,1870,4597d99d
model-fixed-h1,invert,244,1,1,2400,,37,26,1135.7657541520894,5791,6ef29299
model-fixed-h1,invert,245,0.6,0,1436.05,cold,13,12,1292.609103396535,3467,5095b3a8
model-fixed-h1,invert,246,1,1,2400,,15,16,1038.6681274976581,6267,37c85bad
model-fixed-h1,invert,247,0.29,0,691.15,poison,6,0,1389.2561377957463,1893,ca309739
model-fixed-h1,invert,248,0.52,0,1250.7,poison,11,12,907.4884203728288,3454,758ad569
model-fixed-h1,invert,249,0.46,0,1108.05,poison,12,3,1409.0957075357437,2606,e3573fa0
model-fixed-h1,invert,250,0.74,0,1768.6,poison,11,15,1225.0616886187345,4304,39edd7f7
model-fixed-h1,invert,251,1,1,2400,,26,17,1297.0446069259197,4299,b9ba7771
model-fixed-h1,invert,252,1,1,2400,,36,23,1103.9641621056944,6556,0c3ffa75
model-fixed-h1,invert,253,1,1,2400,,24,22,1119.4196885917336,5162,935c8f58
model-fixed-h1,invert,254,0.72,0,1717.7,poison,15,11,1270.0571752153337,4295,dd877c4c
model-fixed-h1,invert,255,1,1,2400,,21,15,978.7794969510287,7102,69751e70
model-fixed-h1,invert,256,0.61,0,1461.3,poison,11,13,984.344200277701,5128,425e2131
model-fixed-h1,invert,257,0.79,0,1890.7,poison,20,11,1446.5802851133049,6750,79ed87a0
model-fixed-h1,invert,258,1,1,2400,,37,30,919.6648745331913,5695,91c9c9c0
model-fixed-h1,invert,259,1,1,2400,,50,21,1459.2605631798506,6736,6e30bc5f
model-fixed-h1,invert,260,0.67,0,1598.6,poison,15,12,1361.0214677173644,4772,423d62ae
model-fixed-h1,invert,261,0.89,0,2141.75,poison,16,16,1450.6259872578084,5673,c9febff5
model-fixed-h1,invert,262,1,1,2400,,12,21,1268.2364974636585,10385,1658abca
model-fixed-h1,invert,263,0.73,0,1757.25,poison,16,12,1249.1626046597958,8001,351c6c9c
model-fixed-h1,invert,264,0.53,0,1282.85,poison,12,10,907.069144025445,7253,37a5574a
model-fixed-h1,invert,265,1,1,2400,,36,29,1339.0997590497136,18714,c0d26550
model-fixed-h1,invert,266,1,1,2400,,16,22,945.520893484354,15684,6bebdda7
model-fixed-h1,invert,267,0.55,0,1325.8,poison,10,13,1004.3327002320439,10100,00f18b9e
model-fixed-h1,invert,268,0.56,0,1353.75,poison,12,9,1445.2794782817364,6425,ab9d8d76
model-fixed-h1,invert,269,0.44,0,1065.05,cold,10,0,1217.0531110838056,5907,02c84200
model-fixed-h1,invert,270,0.85,0,2031.45,poison,14,13,905.9832656756043,10686,961ac3a1
model-fixed-h1,invert,271,0.85,0,2050.85,poison,22,15,971.0220783948898,10090,65b4dc7b
model-fixed-h1,invert,272,1,1,2400,,17,18,1348.1315648183227,11416,59bc968a
model-fixed-h1,invert,273,0.58,0,1385.35,poison,26,12,1355.776495859027,7830,a2e3394f
model-fixed-h1,invert,274,1,1,2400,,19,22,1305.6870179716498,8779,472282fa
model-fixed-h1,invert,275,1,1,2400,,20,8,967.6845006644726,12321,8f1470a6
model-fixed-h1,invert,276,0.83,0,1982.05,poison,17,11,1469.6337923873216,8652,f187cc3a
model-fixed-h1,invert,277,1,1,2400,,33,22,1118.4982267208397,10551,10892c60
model-fixed-h1,invert,278,0.77,0,1853.4,poison,21,14,1354.2102840263397,9680,3ff7ccea
model-fixed-h1,invert,279,1,1,2400,,26,22,905.5938298813999,13489,813389f5
model-fixed-h1,invert,280,0.75,0,1791.35,cold,10,12,1254.6807469334453,11434,ba07b3c0
model-fixed-h1,invert,281,1,1,2400,,23,22,945.7816836889833,15220,7212c086
model-fixed-h1,invert,282,0.71,0,1694.75,poison,11,12,1388.6873227078468,11857,3b98b48b
model-fixed-h1,invert,283,1,1,2400,,27,20,1067.9485361091793,14090,c04d7ff3
model-fixed-h1,invert,284,0.65,0,1568.45,poison,14,12,1366.2202809937298,9535,7e6fdadd
model-fixed-h1,invert,285,0.09,0,225.25,thirst,4,6,1176.8785789143294,1275,16b833a3
model-fixed-h1,invert,286,0.75,0,1807.35,poison,11,13,1320.0503782834858,9620,25b5e639
model-fixed-h1,invert,287,0.67,0,1607.1,cold,18,11,1252.034403802827,6843,63bb1210
model-fixed-h1,invert,288,0.69,0,1654.35,poison,13,12,1222.7287317160517,9454,c36e1e1d
model-fixed-h1,invert,289,0.85,0,2031.65,poison,22,12,1262.9864285700023,9798,b6cb7dab
model-fixed-h1,invert,290,0.57,0,1358.6,poison,13,11,1291.4361126255244,5972,dc69d4aa
model-fixed-h1,invert,291,1,1,2400,,33,12,1298.5788947436959,11861,73e756f1
model-fixed-h1,invert,292,1,1,2400,,18,20,1057.1428986266255,9322,f9ca6c06
model-fixed-h1,invert,293,0.36,0,855.3,poison,6,0,1005.9947689063847,4654,ed166d7e
model-fixed-h1,invert,294,1,1,2400,,10,22,1091.9827145989984,8614,d018523b
model-fixed-h1,invert,295,0.9,0,2164.1,wounds,47,15,1078.8521320559084,10502,43c3bc0a
model-fixed-h1,invert,296,0.81,0,1951.75,poison,22,19,1305.3439878858626,10093,2e0ed272
model-fixed-h1,invert,297,0.71,0,1711.8,poison,12,10,1274.4486073963344,6736,a221ea9f
model-fixed-h1,invert,298,1,1,2400,,32,27,941.0594351124018,10179,3562f171
model-fixed-h1,invert,299,1,1,2400,,32,12,1427.4996501859277,8694,8f5703b2
model-fixed-h1,novel,0,1,1,2400,,12,21,1355.2491386421025,11786,06c30ee7
model-fixed-h1,novel,1,0.46,0,1106.35,poison,10,2,1453.974782070145,5618,91ee61a2
model-fixed-h1,novel,2,1,1,2400,,13,18,1008.7649860884994,13466,63e6ec4e
model-fixed-h1,novel,3,1,1,2400,,28,22,1052.154010394588,11617,8261b572
model-fixed-h1,novel,4,1,1,2400,,13,18,1012.4247627798468,13151,7357111e
model-fixed-h1,novel,5,1,1,2400,,13,20,1021.8986702151597,12270,9cc432ab
model-fixed-h1,novel,6,1,1,2400,,16,21,924.9981891363859,11725,b690d02c
model-fixed-h1,novel,7,1,1,2400,,13,19,1280.811721784994,11818,98af9cdd
model-fixed-h1,novel,8,1,1,2400,,21,22,1227.5550863239914,11283,8f8b4a21
model-fixed-h1,novel,9,1,1,2400,,25,25,954.4359873980284,12090,0ff58792
model-fixed-h1,novel,10,1,1,2400,,15,20,1481.036379514262,10910,459c3c4b
model-fixed-h1,novel,11,1,1,2400,,13,20,1419.2990833427757,11003,687c1996
model-fixed-h1,novel,12,1,1,2400,,15,18,1156.1995566822588,12025,c7949688
model-fixed-h1,novel,13,1,1,2400,,18,19,975.9893313981593,15771,bae7b954
model-fixed-h1,novel,14,0.59,0,1428,poison,19,6,1056.7464123945683,6912,31eb60b9
model-fixed-h1,novel,15,0.74,0,1777.15,poison,27,8,1087.165479362011,9247,9c1f38b8
model-fixed-h1,novel,16,1,1,2400,,36,21,1184.9144582636654,10555,85b1ad03
model-fixed-h1,novel,17,0.94,0,2245.1,poison,34,13,948.6968228593469,11470,a7fb72e2
model-fixed-h1,novel,18,1,1,2400,,22,22,1230.41522372514,10418,d20b2f6f
model-fixed-h1,novel,19,0.39,0,936.65,poison,13,8,1493.4291507583112,5006,f42726e5
model-fixed-h1,novel,20,0.65,0,1552.75,poison,15,12,1195.6276488024741,8205,89e221fe
model-fixed-h1,novel,21,1,1,2400,,17,23,1099.0994222927839,12148,57f7518f
model-fixed-h1,novel,22,1,1,2400,,13,19,1396.9266504049301,13493,63a72f0b
model-fixed-h1,novel,23,0.64,0,1538.6,poison,21,11,1006.6232697106898,8219,e251ebd6
model-fixed-h1,novel,24,1,1,2400,,20,17,914.0643363352865,14586,cc6d75af
model-fixed-h1,novel,25,1,1,2400,,15,21,909.055660944432,12443,4217c1dc
model-fixed-h1,novel,26,1,1,2400,,14,18,1418.5124515090138,10404,9227fb4b
model-fixed-h1,novel,27,0.83,0,1981.3,poison,14,14,1038.7996306177229,11287,4086cc02
model-fixed-h1,novel,28,1,1,2400,,37,23,1491.567375836894,11031,4d720f8e
model-fixed-h1,novel,29,1,1,2400,,36,29,1168.8283814582974,11170,bdee0db3
model-fixed-h1,novel,30,1,1,2400,,27,23,1246.451383922249,11992,be27641c
model-fixed-h1,novel,31,1,1,2400,,17,17,1109.8990456201136,9453,843dae4f
model-fixed-h1,novel,32,1,1,2400,,22,19,1451.950038364157,12435,9015600d
model-fixed-h1,novel,33,1,1,2400,,16,19,933.9349877089262,11608,7bb6e68d
model-fixed-h1,novel,34,1,1,2400,,42,25,1440.3934170026332,10689,4fc93f9b
model-fixed-h1,novel,35,1,1,2400,,19,18,1076.2001846451312,10477,a8b5251c
model-fixed-h1,novel,36,0.29,0,706.55,cold,10,3,1431.0532630886883,3253,51854b20
model-fixed-h1,novel,37,1,1,2400,,25,21,1275.561968749389,12851,2e70fe09
model-fixed-h1,novel,38,1,1,2400,,18,24,1415.9737795125693,9721,766bbe15
model-fixed-h1,novel,39,0.67,0,1598.65,poison,13,8,1050.0572400167584,7433,4e40e19b
model-fixed-h1,novel,40,1,1,2400,,22,20,1220.4956889152527,10789,05b056b3
model-fixed-h1,novel,41,1,1,2400,,39,29,1232.8261929564178,9884,8c64e9d8
model-fixed-h1,novel,42,1,1,2400,,15,20,1441.9177936390042,12527,1d9ddc4c
model-fixed-h1,novel,43,1,1,2400,,28,19,979.1187167633325,10323,b8a4a976
model-fixed-h1,novel,44,0.59,0,1426.1,cold,21,10,1135.521693667397,5404,f75b994c
model-fixed-h1,novel,45,1,1,2400,,52,25,1280.4792047012597,10300,894601be
model-fixed-h1,novel,46,0.59,0,1422.85,poison,14,10,1308.1812533084303,5760,50c318bc
model-fixed-h1,novel,47,1,1,2400,,19,20,1359.4722845591605,9432,262b6799
model-fixed-h1,novel,48,1,1,2400,,13,17,1289.9143806193024,7707,c64b5eb8
model-fixed-h1,novel,49,1,1,2400,,13,20,1370.1839546207339,9914,111708af
model-fixed-h1,novel,50,1,1,2400,,17,19,1223.048041574657,8736,f0d03bb2
model-fixed-h1,novel,51,1,1,2400,,38,25,1190.0646095629781,10002,d34f8fe8
model-fixed-h1,novel,52,1,1,2400,,23,22,1030.5976996198297,9141,caefff0b
model-fixed-h1,novel,53,1,1,2400,,16,18,910.6717661954463,10363,15075053
model-fixed-h1,novel,54,1,1,2400,,13,19,925.2298789098859,10274,40ab96ac
model-fixed-h1,novel,55,1,1,2400,,31,25,1315.2466686442494,8750,964dcfe7
model-fixed-h1,novel,56,1,1,2400,,25,5,1267.03458186239,11368,a1bfd631
model-fixed-h1,novel,57,0.81,0,1955.2,poison,27,9,1362.3291590251029,7970,cdfda691
model-fixed-h1,novel,58,0.1,0,238.1,thirst,4,4,1401.4836218208075,652,468d16b2
model-fixed-h1,novel,59,1,1,2400,,15,18,1336.2382390536368,9634,f79326d3
model-fixed-h1,novel,60,1,1,2400,,16,19,1153.169801691547,8958,df5cc34b
model-fixed-h1,novel,61,1,1,2400,,18,13,960.9996335115284,7747,d7202f40
model-fixed-h1,novel,62,0.42,0,1010.35,poison,5,0,1222.427462786436,3524,056cdeb5
model-fixed-h1,novel,63,1,1,2400,,14,15,1232.517156098038,8819,f82f47d7
model-fixed-h1,novel,64,0.9,0,2156.9,cold,35,17,1276.6067342832685,9939,72d5bf78
model-fixed-h1,novel,65,1,1,2400,,27,21,963.0870806984603,8633,1d301bea
model-fixed-h1,novel,66,1,1,2400,,14,15,986.5628327708691,10427,bdf13bc9
model-fixed-h1,novel,67,1,1,2400,,38,15,909.949193475768,9447,b34a48b6
model-fixed-h1,novel,68,1,1,2400,,28,24,1281.0644138138741,7903,b5903e18
model-fixed-h1,novel,69,1,1,2400,,21,17,1171.9917150679976,10267,4557d184
model-fixed-h1,novel,70,0.6,0,1428.85,cold,15,12,1277.3612827062607,4658,5b9b3917
model-fixed-h1,novel,71,1,1,2400,,18,20,1034.9216405767947,11493,a6629324
model-fixed-h1,novel,72,1,1,2400,,13,19,1070.4212616663426,9261,ff986301
model-fixed-h1,novel,73,1,1,2400,,17,18,1104.2127545457333,10128,42cc43ca
model-fixed-h1,novel,74,1,1,2400,,17,23,1485.3858197573572,9269,47f8b60d
model-fixed-h1,novel,75,1,1,2400,,17,19,1370.1367920264602,8387,647aaa26
model-fixed-h1,novel,76,1,1,2400,,23,4,1216.054368764162,9341,b06265d1
model-fixed-h1,novel,77,1,1,2400,,13,20,1125.5095273721963,7712,71c24ba5
model-fixed-h1,novel,78,1,1,2400,,20,22,1204.263577144593,8888,e31e03cf
model-fixed-h1,novel,79,0.46,0,1093.65,poison,21,9,1330.0101856235415,3626,865e649d
model-fixed-h1,novel,80,1,1,2400,,32,10,1183.6501486133784,7687,e12f7233
model-fixed-h1,novel,81,1,1,2400,,22,24,1463.9479940291494,6289,93d13a9a
model-fixed-h1,novel,82,1,1,2400,,26,20,1381.2492803670466,5563,cb65a726
model-fixed-h1,novel,83,1,1,2400,,15,23,1366.8350195512176,6215,d28980c0
model-fixed-h1,novel,84,0.69,0,1660.3,poison,24,10,1199.6968852356076,4708,3c9873ef
model-fixed-h1,novel,85,1,1,2400,,15,18,1383.1437966786325,6130,bab81128
model-fixed-h1,novel,86,0.94,0,2249.95,poison,20,10,967.5357674248517,7108,a103b212
model-fixed-h1,novel,87,1,1,2400,,20,26,1156.808812217787,6500,e54da815
model-fixed-h1,novel,88,1,1,2400,,26,25,1173.720809770748,6629,96f40ae9
model-fixed-h1,novel,89,1,1,2400,,15,19,1259.988802531734,6024,52d8b80b
model-fixed-h1,novel,90,1,1,2400,,15,17,1155.3427994716913,6484,56693ea3
model-fixed-h1,novel,91,0.41,0,991.35,poison,9,12,1420.2966009266675,2493,2e41af0e
model-fixed-h1,novel,92,1,1,2400,,19,21,927.627966273576,6429,798b3171
model-fixed-h1,novel,93,1,1,2400,,15,20,1101.074359472841,6094,aa88c4dd
model-fixed-h1,novel,94,1,1,2400,,15,20,1300.118240620941,6503,bf091c48
model-fixed-h1,novel,95,1,1,2400,,14,15,1018.5872426256537,6635,2ee853eb
model-fixed-h1,novel,96,0.8,0,1918.1,poison,14,12,992.0312591828406,5039,cfa12758
model-fixed-h1,novel,97,1,1,2400,,20,17,1231.5269999206066,8605,93080baf
model-fixed-h1,novel,98,1,1,2400,,30,22,924.7223654296249,7389,a1b8f5f4
model-fixed-h1,novel,99,0.41,0,994.9,poison,10,6,967.8169305436313,2160,b2e94f12
model-fixed-h1,novel,100,0.85,0,2038,poison,16,8,1377.256285166368,5308,a0a213fb
model-fixed-h1,novel,101,1,1,2400,,14,15,974.794791592285,6489,db614994
model-fixed-h1,novel,102,1,1,2400,,14,19,1344.8649160098284,7023,fab8fcd3
model-fixed-h1,novel,103,1,1,2400,,24,19,1469.4877217989415,11741,4199ae4d
model-fixed-h1,novel,104,0.74,0,1776.95,cold,26,7,1105.1880461163819,4945,2ef44206
model-fixed-h1,novel,105,0.28,0,674.5,poison,6,0,1135.4575088247657,1609,6ec2154f
model-fixed-h1,novel,106,1,1,2400,,32,24,1370.607446366921,6140,e2f2080b
model-fixed-h1,novel,107,1,1,2400,,14,15,1414.4714328926057,5627,1922196e
model-fixed-h1,novel,108,1,1,2400,,56,24,1121.8604417983443,6895,dbd4f30f
model-fixed-h1,novel,109,0.57,0,1358.1,poison,12,10,1178.230143757537,3352,4a42c74d
model-fixed-h1,novel,110,1,1,2400,,17,15,1115.6502345576882,5868,adaea48d
model-fixed-h1,novel,111,1,1,2400,,12,19,960.8158277347684,6892,bd617a8f
model-fixed-h1,novel,112,1,1,2400,,72,18,1085.309890564531,8053,96b8f7df
model-fixed-h1,novel,113,1,1,2400,,15,17,1113.8190667144954,5510,7aa241b1
model-fixed-h1,novel,114,0.64,0,1528.2,poison,18,5,1361.66654471308,3387,67ec4c71
model-fixed-h1,novel,115,0.8,0,1908.3,poison,16,11,1455.5010417010635,4434,a9d02887
model-fixed-h1,novel,116,1,1,2400,,15,20,1018.9518865663558,6273,8e13a1c6
model-fixed-h1,novel,117,0.8,0,1914.45,poison,28,6,916.4415249601007,6561,398ac205
model-fixed-h1,novel,118,1,1,2400,,13,19,1006.9175567943603,6720,0855e0a2
model-fixed-h1,novel,119,1,1,2400,,14,17,1341.1057353951037,5511,a761f697
model-fixed-h1,novel,120,1,1,2400,,18,21,994.2024345975369,7197,3149be67
model-fixed-h1,novel,121,1,1,2400,,28,17,1173.2023521792144,5901,fad723fd
model-fixed-h1,novel,122,1,1,2400,,14,19,1159.5645303837955,6572,8d698031
model-fixed-h1,novel,123,0.28,0,668.7,poison,7,0,1361.5515862125903,1760,f74c5efe
model-fixed-h1,novel,124,0.49,0,1175.15,poison,7,0,1353.230178449303,2514,61991786
model-fixed-h1,novel,125,1,1,2400,,26,20,1167.0434507075697,7135,63425aa2
model-fixed-h1,novel,126,0.74,0,1765.05,poison,27,8,1107.4519793037325,3990,73c571e7
model-fixed-h1,novel,127,1,1,2400,,13,17,905.0416419748217,6840,117d3f5a
model-fixed-h1,novel,128,1,1,2400,,27,19,1466.7996475473046,6468,f492e6ac
model-fixed-h1,novel,129,0.27,0,652,poison,8,0,1144.7639701422304,1665,7d5fd25f
model-fixed-h1,novel,130,0.43,0,1028.8,poison,12,6,1465.0964791886508,2236,1e375db1
model-fixed-h1,novel,131,0.81,0,1949,poison,17,13,1281.5392343793064,5010,a9954e70
model-fixed-h1,novel,132,1,1,2400,,25,18,1101.1725116986781,7429,70e7ed70
model-fixed-h1,novel,133,1,1,2400,,126,34,1475.874112173915,7937,8ade1039
model-fixed-h1,novel,134,1,1,2400,,13,22,1290.601725736633,6393,cf13f027
model-fixed-h1,novel,135,1,1,2400,,13,23,1077.2608320694417,5926,157c9ea5
model-fixed-h1,novel,136,1,1,2400,,15,19,951.4538374263793,6542,b0c2ea30
model-fixed-h1,novel,137,1,1,2400,,23,15,1320.6740022171289,6869,8705b346
model-fixed-h1,novel,138,1,1,2400,,22,20,1447.0843572635204,6372,2db85387
model-fixed-h1,novel,139,1,1,2400,,20,19,984.9529625382274,7064,4b95f488
model-fixed-h1,novel,140,1,1,2400,,34,17,1077.8336768969893,6555,6713adec
model-fixed-h1,novel,141,1,1,2400,,14,18,1340.8855895977467,6767,ecaafdc9
model-fixed-h1,novel,142,1,1,2400,,22,21,1118.7472659163177,5928,abe5261f
model-fixed-h1,novel,143,1,1,2400,,15,20,1486.79534685798,6777,a1a815c0
model-fixed-h1,novel,144,1,1,2400,,14,19,1136.9918907992542,6622,9d17bff5
model-fixed-h1,novel,145,1,1,2400,,32,19,1264.3856103066355,6484,8ab4a8be
model-fixed-h1,novel,146,1,1,2400,,34,13,929.2768886312842,7011,a929862c
model-fixed-h1,novel,147,1,1,2400,,14,19,1286.7421955801547,9388,6a0449c4
model-fixed-h1,novel,148,1,1,2400,,14,19,1130.9817840345204,6000,03dcbc91
model-fixed-h1,novel,149,1,1,2400,,40,24,1090.8703928813338,7281,51128896
model-fixed-h1,novel,150,1,1,2400,,15,18,1388.3687366265804,5543,88c5e26c
model-fixed-h1,novel,151,1,1,2400,,16,19,1241.7869745288044,7777,7d032942
model-fixed-h1,novel,152,1,1,2400,,20,21,996.4221268426627,7158,b73d266f
model-fixed-h1,novel,153,1,1,2400,,14,13,1465.5266754794866,5586,9b704fd8
model-fixed-h1,novel,154,1,1,2400,,18,12,1360.0727495737374,7609,8d7635d5
model-fixed-h1,novel,155,1,1,2400,,56,26,1293.6976034659892,6458,860cd347
model-fixed-h1,novel,156,0.68,0,1640.65,poison,24,12,1090.0327538140118,5096,42c3cb54
model-fixed-h1,novel,157,1,1,2400,,13,21,1184.5583468209952,8048,36f0b65d
model-fixed-h1,novel,158,1,1,2400,,16,19,1361.2498610280454,6059,1a1ef9c8
model-fixed-h1,novel,159,0.63,0,1507,poison,14,12,1087.0310737285763,3903,95167efd
model-fixed-h1,novel,160,0.92,0,2200.05,poison,27,11,1134.409105265513,7270,dfb71352
model-fixed-h1,novel,161,1,1,2400,,19,19,1211.019501183182,7351,d7d727ee
model-fixed-h1,novel,162,1,1,2400,,12,20,1354.779640166089,5978,d5203216
model-fixed-h1,novel,163,1,1,2400,,29,25,1193.7779202125967,5787,7d809ca0
model-fixed-h1,novel,164,1,1,2400,,38,27,1397.6827750448138,7604,48b2fcc2
model-fixed-h1,novel,165,1,1,2400,,26,17,1259.7743312828243,6393,06116368
model-fixed-h1,novel,166,0.66,0,1580.65,poison,19,9,1234.640494454652,4444,00694fed
model-fixed-h1,novel,167,1,1,2400,,15,17,1190.675621246919,7600,df2d208c
model-fixed-h1,novel,168,1,1,2400,,25,23,1314.1329189296812,6188,b5b1e068
model-fixed-h1,novel,169,1,1,2400,,31,22,1195.129220187664,6114,9a5ecd85
model-fixed-h1,novel,170,1,1,2400,,27,14,1303.8867191411555,6230,f77851e5
model-fixed-h1,novel,171,1,1,2400,,16,22,1105.4251719731838,7659,1afbf8dc
model-fixed-h1,novel,172,1,1,2400,,30,23,1323.0916259810328,6690,dc42e885
model-fixed-h1,novel,173,1,1,2400,,13,18,1485.8402882236987,6763,625870ad
model-fixed-h1,novel,174,0.67,0,1613.6,poison,16,9,947.138951998204,4782,ce265367
model-fixed-h1,novel,175,0.43,0,1040.5,poison,13,9,1297.4928145296872,3138,88f86413
model-fixed-h1,novel,176,1,1,2400,,20,16,1049.629135709256,8242,50de8d87
model-fixed-h1,novel,177,0.45,0,1079.2,poison,8,0,1195.7596875261515,2751,e9931474
model-fixed-h1,novel,178,1,1,2400,,28,22,1407.15163461864,6759,ef89083e
model-fixed-h1,novel,179,0.52,0,1256.8,cold,16,12,919.9207201134413,3789,c390ef03
model-fixed-h1,novel,180,0.95,0,2268.1,poison,20,20,1455.5653866380453,5539,2775bd42
model-fixed-h1,novel,181,0.81,0,1954.55,poison,18,5,1100.8694166317582,5824,40b0170a
model-fixed-h1,novel,182,0.64,0,1540.65,poison,15,12,1398.7264457624406,4104,f3e1e2f6
model-fixed-h1,novel,183,1,1,2400,,47,19,1043.0413277819753,6799,805b9284
model-fixed-h1,novel,184,1,1,2400,,36,23,1111.4483778364956,7986,f59d55d7
model-fixed-h1,novel,185,1,1,2400,,42,18,1221.8576656188816,7163,410839a7
model-fixed-h1,novel,186,0.75,0,1797.3,cold,26,12,1428.9914247114211,5003,e0be74a3
model-fixed-h1,novel,187,1,1,2400,,29,23,1085.6338331010193,6921,f171544a
model-fixed-h1,novel,188,0.44,0,1049,poison,10,9,1393.417603103444,2553,3f5c5a8e
model-fixed-h1,novel,189,0.3,0,712.05,cold,8,5,1201.2530513573438,2148,305af51f
model-fixed-h1,novel,190,0.57,0,1376.8,poison,25,9,1321.2053932249546,3576,1571baa3
model-fixed-h1,novel,191,1,1,2400,,35,21,1496.1295024026185,6255,f5e541fb
model-fixed-h1,novel,192,1,1,2400,,13,19,930.2925735712051,6787,10dca007
model-fixed-h1,novel,193,1,1,2400,,31,23,1258.9972082991153,5916,6bf60add
model-fixed-h1,novel,194,1,1,2400,,14,20,1152.4073097389191,6651,ade9784f
model-fixed-h1,novel,195,1,1,2400,,13,20,999.0998560097069,7496,5d69ab01
model-fixed-h1,novel,196,0.71,0,1693.25,poison,16,12,1205.9377323836088,3925,3d3e7ac3
model-fixed-h1,novel,197,1,1,2400,,52,6,1488.0803638603538,7138,171d1bd5
model-fixed-h1,novel,198,0.36,0,861.45,poison,7,12,1394.535796623677,2765,21791af7
model-fixed-h1,novel,199,1,1,2400,,14,20,1047.8182077873498,7771,f2348ee7
model-fixed-h1,novel,200,1,1,2400,,37,20,1357.1969599463046,7457,039435a0
model-fixed-h1,novel,201,1,1,2400,,20,21,992.1195602975786,6421,4d2d8cca
model-fixed-h1,novel,202,1,1,2400,,18,20,1192.2995714005083,6257,b0936c56
model-fixed-h1,novel,203,1,1,2400,,55,26,1154.5003413688391,8608,7634ce4a
model-fixed-h1,novel,204,1,1,2400,,34,19,1000.1810078043491,7004,da783752
model-fixed-h1,novel,205,0.68,0,1625.2,cold,21,5,994.9222215916961,4257,ba0d1287
model-fixed-h1,novel,206,1,1,2400,,16,19,1122.0955364406109,6908,31bb40a4
model-fixed-h1,novel,207,1,1,2400,,21,24,983.6325459647924,7768,97c4b5d9
model-fixed-h1,novel,208,0.72,0,1720,poison,29,13,901.699693640694,6288,20ff1d65
model-fixed-h1,novel,209,0.67,0,1598.75,poison,20,9,1252.5396300014108,4522,5bfa4936
model-fixed-h1,novel,210,1,1,2400,,17,22,1169.0376046579331,5789,cbb5b2dc
model-fixed-h1,novel,211,1,1,2400,,46,17,1002.9386837035418,7304,001cb0f4
model-fixed-h1,novel,212,1,1,2400,,17,19,1235.1081307511777,7064,2c4df138
model-fixed-h1,novel,213,1,1,2400,,31,20,1369.4587578065693,5980,c8f19502
model-fixed-h1,novel,214,0.89,0,2141.05,poison,16,6,925.6938612554222,6725,48cfeadc
model-fixed-h1,novel,215,1,1,2400,,34,20,1298.5434462781996,11362,a951d7ed
model-fixed-h1,novel,216,1,1,2400,,13,19,1345.3038537874818,6231,dd3b5943
model-fixed-h1,novel,217,1,1,2400,,26,14,1205.3591650910676,6863,d4abba0b
model-fixed-h1,novel,218,1,1,2400,,29,22,1221.6119939927012,6531,a3d966a0
model-fixed-h1,novel,219,1,1,2400,,18,20,948.6826007254422,7137,bd0555cf
model-fixed-h1,novel,220,1,1,2400,,32,20,1211.7021025624126,5742,c8eca589
model-fixed-h1,novel,221,1,1,2400,,15,18,1457.7891195192933,6381,91cdf447
model-fixed-h1,novel,222,1,1,2400,,14,17,1047.5726979319006,11522,6142a991
model-fixed-h1,novel,223,1,1,2400,,28,24,1194.918327452615,6485,d47916ea
model-fixed-h1,novel,224,1,1,2400,,18,22,1005.4493539966643,6859,c8ae688e
model-fixed-h1,novel,225,1,1,2400,,22,25,1376.4573000837117,5900,0f6c12bb
model-fixed-h1,novel,226,1,1,2400,,14,21,939.5778216887265,6913,2c5ee1a7
model-fixed-h1,novel,227,1,1,2400,,22,20,1434.9179482553154,6074,42a82f24
model-fixed-h1,novel,228,1,1,2400,,16,20,921.1716557387263,6702,59a01f8c
model-fixed-h1,novel,229,1,1,2400,,16,21,1319.0656683873385,6644,7009e231
model-fixed-h1,novel,230,1,1,2400,,18,19,960.7735414523631,7076,96200e3d
model-fixed-h1,novel,231,0.61,0,1463.45,poison,14,12,970.7320349290967,3644,67f823a5
model-fixed-h1,novel,232,1,1,2400,,30,24,1424.1734676528722,6828,78ce6ba4
model-fixed-h1,novel,233,0.59,0,1416.2,poison,15,15,1397.2399753052741,3292,03790095
model-fixed-h1,novel,234,1,1,2400,,17,20,1363.8952993322164,6805,8da886b3
model-fixed-h1,novel,235,1,1,2400,,29,21,1054.7708944883198,7465,88fd4c3b
model-fixed-h1,novel,236,1,1,2400,,15,20,1104.401738801971,8030,9d2b9725
model-fixed-h1,novel,237,1,1,2400,,11,19,1203.0590652488172,6508,8fcb077e
model-fixed-h1,novel,238,0.82,0,1978.8,cold,23,11,1113.8568364083767,6018,133fce8d
model-fixed-h1,novel,239,1,1,2400,,30,21,1336.7236276622862,7291,92cfaf5c
model-fixed-h1,novel,240,1,1,2400,,24,24,1202.6472402736545,7434,9a604ae7
model-fixed-h1,novel,241,0.97,0,2328.55,cold,39,23,1046.5303159318864,8050,96f22c38
model-fixed-h1,novel,242,1,1,2400,,39,12,1344.6201412472874,7697,28f3aac5
model-fixed-h1,novel,243,0.32,0,757.75,poison,8,8,937.8141772001982,2043,4597d99d
model-fixed-h1,novel,244,1,1,2400,,27,26,1135.7657541520894,6965,e163588c
model-fixed-h1,novel,245,0.67,0,1600.85,poison,18,12,1292.609103396535,4438,e09fdcc2
model-fixed-h1,novel,246,1,1,2400,,15,20,1038.6681274976581,7075,4672b96f
model-fixed-h1,novel,247,0.29,0,691.15,poison,6,0,1389.2561377957463,2093,ca309739
model-fixed-h1,novel,248,1,1,2400,,11,20,907.4884203728288,7188,d955cfae
model-fixed-h1,novel,249,0.46,0,1108.05,poison,12,3,1409.0957075357437,2701,e3573fa0
model-fixed-h1,novel,250,1,1,2400,,14,22,1225.0616886187345,7206,beb7fb0e
model-fixed-h1,novel,251,1,1,2400,,27,22,1297.0446069259197,5393,2c0ff6f0
model-fixed-h1,novel,252,1,1,2400,,30,19,1103.9641621056944,7551,4fb845b8
model-fixed-h1,novel,253,1,1,2400,,23,22,1119.4196885917336,7478,770c0142
model-fixed-h1,novel,254,1,1,2400,,15,16,1270.0571752153337,8522,11e9b93a
model-fixed-h1,novel,255,1,1,2400,,22,20,978.7794969510287,8979,3743adbf
model-fixed-h1,novel,256,1,1,2400,,13,21,984.344200277701,9759,20ff38bd
model-fixed-h1,novel,257,1,1,2400,,27,20,1446.5802851133049,9205,20bd2ddf
model-fixed-h1,novel,258,1,1,2400,,23,23,919.6648745331913,7867,02ed72eb
model-fixed-h1,novel,259,1,1,2400,,54,25,1459.2605631798506,8765,a2fdce68
model-fixed-h1,novel,260,1,1,2400,,19,14,1361.0214677173644,11555,121d7688
model-fixed-h1,novel,261,1,1,2400,,17,22,1450.6259872578084,10645,1ed77a70
model-fixed-h1,novel,262,1,1,2400,,16,21,1268.2364974636585,19894,882284fb
model-fixed-h1,novel,263,0.97,0,2338.75,poison,16,18,1249.1626046597958,12719,0e80c563
model-fixed-h1,novel,264,0.8,0,1930.9,poison,15,14,907.069144025445,15447,11609913
model-fixed-h1,novel,265,1,1,2400,,43,30,1339.0997590497136,20755,b8b42f5b
model-fixed-h1,novel,266,1,1,2400,,17,22,945.520893484354,18555,d15e1b59
model-fixed-h1,novel,267,1,1,2400,,16,22,1004.3327002320439,15093,f53b5e2a
model-fixed-h1,novel,268,0.56,0,1353.75,poison,12,9,1445.2794782817364,7154,ab9d8d76
model-fixed-h1,novel,269,0.44,0,1065.05,cold,10,0,1217.0531110838056,5959,02c84200
model-fixed-h1,novel,270,1,1,2400,,14,21,905.9832656756043,14370,74506a11
model-fixed-h1,novel,271,1,1,2400,,18,19,971.0220783948898,13967,0ed83c40
model-fixed-h1,novel,272,1,1,2400,,22,18,1348.1315648183227,13018,973fcf54
model-fixed-h1,novel,273,0.67,0,1613.1,cold,26,12,1355.776495859027,8761,6d84ce90
model-fixed-h1,novel,274,1,1,2400,,25,23,1305.6870179716498,12552,1bc8edd9
model-fixed-h1,novel,275,0.42,0,1008.15,poison,10,1,967.6845006644726,5956,6a8411a5
model-fixed-h1,novel,276,1,1,2400,,25,18,1469.6337923873216,13948,2873b7da
model-fixed-h1,novel,277,1,1,2400,,32,24,1118.4982267208397,14069,5e5d02cd
model-fixed-h1,novel,278,1,1,2400,,19,25,1354.2102840263397,14839,e32f56f6
model-fixed-h1,novel,279,1,1,2400,,34,26,905.5938298813999,18720,8b0f96c8
model-fixed-h1,novel,280,1,1,2400,,12,20,1254.6807469334453,17664,951e3626
model-fixed-h1,novel,281,0.59,0,1425.8,poison,15,8,945.7816836889833,11200,451917d6
model-fixed-h1,novel,282,1,1,2400,,16,22,1388.6873227078468,19447,df2a811c
model-fixed-h1,novel,283,1,1,2400,,34,21,1067.9485361091793,15669,790abebd
model-fixed-h1,novel,284,1,1,2400,,15,18,1366.2202809937298,15457,a64ae565
model-fixed-h1,novel,285,0.09,0,225.25,thirst,4,6,1176.8785789143294,1383,16b833a3
model-fixed-h1,novel,286,1,1,2400,,14,20,1320.0503782834858,14763,fb6aa13c
model-fixed-h1,novel,287,0.67,0,1603.1,cold,18,11,1252.034403802827,7603,71a006e3
model-fixed-h1,novel,288,1,1,2400,,13,22,1222.7287317160517,13951,fc126415
model-fixed-h1,novel,289,1,1,2400,,12,23,1262.9864285700023,12759,a8f0c498
model-fixed-h1,novel,290,1,1,2400,,18,22,1291.4361126255244,11266,307ecdfd
model-fixed-h1,novel,291,1,1,2400,,14,19,1298.5788947436959,14783,59091c4f
model-fixed-h1,novel,292,1,1,2400,,20,21,1057.1428986266255,12169,07fb2173
model-fixed-h1,novel,293,0.36,0,855.3,poison,6,0,1005.9947689063847,4556,ed166d7e
model-fixed-h1,novel,294,1,1,2400,,13,16,1091.9827145989984,10537,009695be
model-fixed-h1,novel,295,1,1,2400,,36,29,1078.8521320559084,13851,8842341b
model-fixed-h1,novel,296,0.84,0,2022.5,poison,27,19,1305.3439878858626,11528,c57d065b
model-fixed-h1,novel,297,1,1,2400,,13,10,1274.4486073963344,11480,c4f1af26
model-fixed-h1,novel,298,1,1,2400,,29,23,941.0594351124018,10747,00c47a63
model-fixed-h1,novel,299,0.98,0,2346.3,poison,32,12,1427.4996501859277,9463,581f73d1
model-fixed-h1,stable,0,1,1,2400,,15,25,,9903,fb465476
model-fixed-h1,stable,1,0.46,0,1106.35,poison,10,2,,5483,91ee61a2
model-fixed-h1,stable,2,1,1,2400,,13,18,,10846,ec2b4db8
model-fixed-h1,stable,3,0.94,0,2261.7,poison,31,9,,9064,1c4a9520
model-fixed-h1,stable,4,1,1,2400,,12,20,,10185,3743b640
model-fixed-h1,stable,5,1,1,2400,,10,20,,10512,03576ae5
model-fixed-h1,stable,6,1,1,2400,,25,23,,9651,78cbe5e4
model-fixed-h1,stable,7,1,1,2400,,10,20,,9571,26e576c2
model-fixed-h1,stable,8,1,1,2400,,31,26,,10053,1ac463de
model-fixed-h1,stable,9,1,1,2400,,21,25,,9413,8aba06bb
model-fixed-h1,stable,10,1,1,2400,,15,19,,9661,6d6d0a09
model-fixed-h1,stable,11,1,1,2400,,13,20,,9585,08deed61
model-fixed-h1,stable,12,1,1,2400,,13,20,,9465,d7fdac75
model-fixed-h1,stable,13,1,1,2400,,13,22,,11736,883b3e4a
model-fixed-h1,stable,14,0.78,0,1873.25,poison,27,6,,7780,d8a6f70e
model-fixed-h1,stable,15,1,1,2400,,33,25,,9599,28ed357e
model-fixed-h1,stable,16,1,1,2400,,25,22,,9167,b5f04fc7
model-fixed-h1,stable,17,1,1,2400,,31,19,,8215,9c4dc594
model-fixed-h1,stable,18,1,1,2400,,18,26,,8636,b5416cb6
model-fixed-h1,stable,19,0.39,0,936.65,poison,13,8,,4952,f42726e5
model-fixed-h1,stable,20,1,1,2400,,26,20,,11096,5d64ff33
model-fixed-h1,stable,21,1,1,2400,,14,25,,9686,a34f93d0
model-fixed-h1,stable,22,1,1,2400,,13,20,,11696,c9c21096
model-fixed-h1,stable,23,0.81,0,1942.8,poison,24,13,,8391,5c1171c9
model-fixed-h1,stable,24,1,1,2400,,14,19,,10708,9c6e2e34
model-fixed-h1,stable,25,1,1,2400,,11,20,,9692,d7a8bbfb
model-fixed-h1,stable,26,1,1,2400,,11,17,,9137,267f38b2
model-fixed-h1,stable,27,1,1,2400,,10,24,,10220,99cb460b
model-fixed-h1,stable,28,1,1,2400,,24,27,,9914,259c50f0
model-fixed-h1,stable,29,1,1,2400,,31,27,,9358,73ff2025
model-fixed-h1,stable,30,1,1,2400,,30,21,,10609,b75b9e68
model-fixed-h1,stable,31,1,1,2400,,16,14,,8930,a929a36a
model-fixed-h1,stable,32,1,1,2400,,20,19,,9631,14eb6fde
model-fixed-h1,stable,33,1,1,2400,,11,18,,9109,89ee2669
model-fixed-h1,stable,34,1,1,2400,,44,26,,9317,efb13fff
model-fixed-h1,stable,35,1,1,2400,,25,23,,9060,2c39ed9f
model-fixed-h1,stable,36,0.29,0,706.55,cold,10,3,,3278,51854b20
model-fixed-h1,stable,37,1,1,2400,,24,22,,10561,8eea8acc
model-fixed-h1,stable,38,1,1,2400,,17,23,,8747,e83bb034
model-fixed-h1,stable,39,0.52,0,1255.15,cold,12,8,,5425,97a0b926
model-fixed-h1,stable,40,1,1,2400,,15,22,,8560,a8745d3e
model-fixed-h1,stable,41,1,1,2400,,36,31,,8088,c40e5dd9
model-fixed-h1,stable,42,1,1,2400,,11,19,,10429,e5a24be4
model-fixed-h1,stable,43,1,1,2400,,18,20,,8669,b20d98f8
model-fixed-h1,stable,44,1,1,2400,,37,11,,8477,0d7f2cd9
model-fixed-h1,stable,45,1,1,2400,,22,23,,8667,7c0f671b
model-fixed-h1,stable,46,0.61,0,1470.4,poison,13,10,,5689,5963d993
model-fixed-h1,stable,47,1,1,2400,,15,21,,8154,827f8056
model-fixed-h1,stable,48,1,1,2400,,12,16,,6652,5b28e51d
model-fixed-h1,stable,49,1,1,2400,,14,17,,8063,dbdbf27f
model-fixed-h1,stable,50,1,1,2400,,13,18,,6803,3eeda242
model-fixed-h1,stable,51,1,1,2400,,33,25,,7692,14f99d2e
model-fixed-h1,stable,52,1,1,2400,,11,20,,7072,be149afb
model-fixed-h1,stable,53,1,1,2400,,14,17,,8504,84edfea6
model-fixed-h1,stable,54,1,1,2400,,12,18,,8514,c297b444
model-fixed-h1,stable,55,1,1,2400,,26,25,,6997,cf770ea2
model-fixed-h1,stable,56,0.67,0,1618.45,cold,16,5,,6326,b7f424d4
model-fixed-h1,stable,57,0.63,0,1505.15,poison,20,9,,5708,95926b98
model-fixed-h1,stable,58,0.1,0,238.1,thirst,4,4,,597,468d16b2
model-fixed-h1,stable,59,1,1,2400,,10,17,,8337,37020157
model-fixed-h1,stable,60,1,1,2400,,15,22,,7321,e1ea52b6
model-fixed-h1,stable,61,1,1,2400,,16,18,,6509,26dc00fd
model-fixed-h1,stable,62,0.42,0,1010.35,poison,5,0,,3370,056cdeb5
model-fixed-h1,stable,63,1,1,2400,,11,14,,7077,1ceb2330
model-fixed-h1,stable,64,1,1,2400,,24,22,,8173,124b1417
model-fixed-h1,stable,65,1,1,2400,,27,29,,7085,9c88697a
model-fixed-h1,stable,66,1,1,2400,,17,15,,7812,73ed898e
model-fixed-h1,stable,67,1,1,2400,,36,11,,7200,c702703d
model-fixed-h1,stable,68,1,1,2400,,25,26,,6313,9d648a1e
model-fixed-h1,stable,69,1,1,2400,,18,16,,8349,31a6bda2
model-fixed-h1,stable,70,0.74,0,1767.2,poison,17,12,,5912,359703c4
model-fixed-h1,stable,71,1,1,2400,,13,24,,8518,7d091ecb
model-fixed-h1,stable,72,1,1,2400,,10,18,,7265,cf2e989c
model-fixed-h1,stable,73,1,1,2400,,13,20,,8598,def4596c
model-fixed-h1,stable,74,1,1,2400,,13,20,,8621,8888cb13
model-fixed-h1,stable,75,1,1,2400,,19,20,,7413,9b8ca349
model-fixed-h1,stable,76,1,1,2400,,13,15,,6556,0ef8dc06
model-fixed-h1,stable,77,1,1,2400,,12,19,,6748,e3c9514f
model-fixed-h1,stable,78,1,1,2400,,15,21,,7319,818995be
model-fixed-h1,stable,79,0.46,0,1093.65,poison,21,9,,3834,865e649d
model-fixed-h1,stable,80,0.74,0,1777.15,poison,27,10,,5433,64eac139
model-fixed-h1,stable,81,1,1,2400,,16,23,,4719,abbd732a
model-fixed-h1,stable,82,1,1,2400,,29,11,,5077,859a8c53
model-fixed-h1,stable,83,1,1,2400,,11,16,,5097,a1b7d943
model-fixed-h1,stable,84,0.62,0,1489.4,poison,18,10,,3710,0198a3c0
model-fixed-h1,stable,85,1,1,2400,,13,18,,5388,c113615e
model-fixed-h1,stable,86,1,1,2400,,22,23,,4991,87fddbec
model-fixed-h1,stable,87,1,1,2400,,19,20,,5399,06dd7b1e
model-fixed-h1,stable,88,0.84,0,2024.45,poison,19,12,,4777,45d59b2d
model-fixed-h1,stable,89,1,1,2400,,12,20,,4985,409651d1
model-fixed-h1,stable,90,0.6,0,1436.5,poison,13,13,,3214,4c59dbf1
model-fixed-h1,stable,91,0.41,0,991.35,poison,9,12,,2231,2e41af0e
model-fixed-h1,stable,92,1,1,2400,,9,20,,4903,55c6d6eb
model-fixed-h1,stable,93,1,1,2400,,14,21,,5051,218a468b
model-fixed-h1,stable,94,1,1,2400,,10,21,,5246,646709e3
model-fixed-h1,stable,95,1,1,2400,,11,13,,5364,7ce22a62
model-fixed-h1,stable,96,1,1,2400,,17,14,,5174,25e5a88b
model-fixed-h1,stable,97,1,1,2400,,16,17,,7550,a937e06a
model-fixed-h1,stable,98,1,1,2400,,11,20,,5416,79c5f61d
model-fixed-h1,stable,99,0.41,0,994.9,poison,10,6,,2255,b4537803
model-fixed-h1,stable,100,0.92,0,2207.8,poison,11,8,,4972,14ff7e35
model-fixed-h1,stable,101,1,1,2400,,15,17,,5232,243ab0b0
model-fixed-h1,stable,102,1,1,2400,,12,20,,6014,58c8fbfd
model-fixed-h1,stable,103,1,1,2400,,13,17,,10226,70368c59
model-fixed-h1,stable,104,0.52,0,1258.3,wounds,28,7,,2903,b072dcf7
model-fixed-h1,stable,105,0.28,0,674.5,poison,6,0,,1500,6ec2154f
model-fixed-h1,stable,106,1,1,2400,,22,24,,5107,6956042b
model-fixed-h1,stable,107,1,1,2400,,11,19,,4720,73b95af9
model-fixed-h1,stable,108,1,1,2400,,52,24,,4668,8cb3069d
model-fixed-h1,stable,109,1,1,2400,,36,10,,5634,dcce1597
model-fixed-h1,stable,110,1,1,2400,,11,14,,4931,7db1eed7
model-fixed-h1,stable,111,1,1,2400,,10,20,,5745,a2f6f2f4
model-fixed-h1,stable,112,1,1,2400,,22,20,,5897,04047620
model-fixed-h1,stable,113,1,1,2400,,18,18,,4162,c82c374a
model-fixed-h1,stable,114,0.77,0,1841.95,poison,24,5,,3621,b68885b2
model-fixed-h1,stable,115,1,1,2400,,12,14,,4774,441429f9
model-fixed-h1,stable,116,1,1,2400,,17,20,,5428,121c3b4c
model-fixed-h1,stable,117,0.72,0,1723.65,poison,21,6,,4216,10ee55c4
model-fixed-h1,stable,118,1,1,2400,,10,21,,5459,76744d87
model-fixed-h1,stable,119,1,1,2400,,9,16,,4335,74b76322
model-fixed-h1,stable,120,1,1,2400,,15,22,,5106,4ea8275a
model-fixed-h1,stable,121,1,1,2400,,26,18,,5034,80857050
model-fixed-h1,stable,122,1,1,2400,,11,20,,5481,1b3940c2
model-fixed-h1,stable,123,0.28,0,668.7,poison,7,0,,1728,f74c5efe
model-fixed-h1,stable,124,0.49,0,1175.15,poison,7,0,,2536,61991786
model-fixed-h1,stable,125,1,1,2400,,19,19,,5728,d040773d
model-fixed-h1,stable,126,0.75,0,1788.65,cold,25,8,,3721,d3bea552
model-fixed-h1,stable,127,1,1,2400,,13,14,,4816,67a1dcae
model-fixed-h1,stable,128,1,1,2400,,27,19,,5481,b1e78bb0
model-fixed-h1,stable,129,0.27,0,652,poison,8,0,,1568,7d5fd25f
model-fixed-h1,stable,130,0.43,0,1028.8,poison,12,6,,2273,1e375db1
model-fixed-h1,stable,131,1,1,2400,,11,18,,4934,e2088bf1
model-fixed-h1,stable,132,0.74,0,1785.9,cold,24,9,,4749,f7a2ce46
model-fixed-h1,stable,133,1,1,2400,,122,32,,6466,c568a0b4
model-fixed-h1,stable,134,1,1,2400,,12,21,,5101,824b7726
model-fixed-h1,stable,135,1,1,2400,,14,21,,4643,31831b9b
model-fixed-h1,stable,136,1,1,2400,,22,18,,4974,fa550618
model-fixed-h1,stable,137,1,1,2400,,19,17,,5842,914b78aa
model-fixed-h1,stable,138,1,1,2400,,22,20,,5262,6fdd3150
model-fixed-h1,stable,139,1,1,2400,,13,18,,5101,869f94b3
model-fixed-h1,stable,140,1,1,2400,,26,12,,5599,138e3189
model-fixed-h1,stable,141,1,1,2400,,11,15,,5092,ba44de7c
model-fixed-h1,stable,142,1,1,2400,,17,21,,4693,eed530d1
model-fixed-h1,stable,143,1,1,2400,,11,20,,6059,158604a1
model-fixed-h1,stable,144,1,1,2400,,13,19,,5229,895fe616
model-fixed-h1,stable,145,1,1,2400,,27,20,,4835,580ac142
model-fixed-h1,stable,146,0.59,0,1424.6,poison,19,12,,3511,78319ae3
model-fixed-h1,stable,147,1,1,2400,,13,19,,8185,de8c9cf0
model-fixed-h1,stable,148,1,1,2400,,14,19,,5167,301ecc27
model-fixed-h1,stable,149,1,1,2400,,34,21,,5487,22007b3c
model-fixed-h1,stable,150,1,1,2400,,12,22,,4456,3acba731
model-fixed-h1,stable,151,0.58,0,1403.55,poison,10,12,,3870,75c1a9f3
model-fixed-h1,stable,152,1,1,2400,,17,17,,6851,9795cf83
model-fixed-h1,stable,153,1,1,2400,,12,14,,4737,2803aa8b
model-fixed-h1,stable,154,1,1,2400,,17,14,,5597,be906636
model-fixed-h1,stable,155,1,1,2400,,27,24,,5081,57872c89
model-fixed-h1,stable,156,1,1,2400,,52,12,,6556,63e69d37
model-fixed-h1,stable,157,1,1,2400,,11,24,,6247,0a1b2b86
model-fixed-h1,stable,158,1,1,2400,,13,21,,4938,25ab03a3
model-fixed-h1,stable,159,0.78,0,1872.5,poison,17,13,,3946,9a79cae3
model-fixed-h1,stable,160,1,1,2400,,13,18,,6198,125a8b85
model-fixed-h1,stable,161,1,1,2400,,18,23,,6259,c8e4f167
model-fixed-h1,stable,162,1,1,2400,,13,22,,5039,0773c7f1
model-fixed-h1,stable,163,1,1,2400,,26,26,,4772,48b4db54
model-fixed-h1,stable,164,1,1,2400,,27,23,,6305,944a5a49
model-fixed-h1,stable,165,1,1,2400,,15,18,,5249,d7705a75
model-fixed-h1,stable,166,1,1,2400,,28,14,,5942,a848ae6f
model-fixed-h1,stable,167,1,1,2400,,13,16,,6395,ca61c8ab
model-fixed-h1,stable,168,1,1,2400,,19,19,,4852,d05be8c9
model-fixed-h1,stable,169,1,1,2400,,26,21,,5235,d674caef
model-fixed-h1,stable,170,1,1,2400,,19,19,,4964,5b80e8bb
model-fixed-h1,stable,171,1,1,2400,,11,20,,6649,6440ca5a
model-fixed-h1,stable,172,1,1,2400,,25,21,,5589,05686478
model-fixed-h1,stable,173,1,1,2400,,10,19,,5394,0a1d1ddb
model-fixed-h1,stable,174,0.6,0,1451.1,poison,20,9,,3488,df2610f0
model-fixed-h1,stable,175,0.43,0,1040.5,poison,13,9,,2769,88f86413
model-fixed-h1,stable,176,1,1,2400,,10,18,,6216,a0978528
model-fixed-h1,stable,177,0.45,0,1079.2,poison,8,0,,2741,e9931474
model-fixed-h1,stable,178,1,1,2400,,31,24,,5769,416f478e
model-fixed-h1,stable,179,0.52,0,1259.45,cold,11,12,,3388,4e88c3e0
model-fixed-h1,stable,180,1,1,2400,,13,23,,4827,f2094fd5
model-fixed-h1,stable,181,0.49,0,1175.05,poison,10,5,,2924,d23b4e0d
model-fixed-h1,stable,182,1,1,2400,,19,12,,6006,4928ed0e
model-fixed-h1,stable,183,1,1,2400,,18,20,,5433,dedd129f
model-fixed-h1,stable,184,1,1,2400,,33,25,,6712,8a059012
model-fixed-h1,stable,185,1,1,2400,,24,19,,5944,5f54d7b8
model-fixed-h1,stable,186,0.74,0,1786.2,cold,25,12,,4436,1545ea1b
model-fixed-h1,stable,187,1,1,2400,,27,23,,5295,b184bd4f
model-fixed-h1,stable,188,0.44,0,1049,poison,10,9,,2895,3f5c5a8e
model-fixed-h1,stable,189,0.3,0,712.05,cold,8,5,,1996,305af51f
model-fixed-h1,stable,190,0.6,0,1430.85,poison,25,9,,3657,e7eb503d
model-fixed-h1,stable,191,1,1,2400,,30,15,,5548,fcb2b37a
model-fixed-h1,stable,192,1,1,2400,,11,19,,5344,01c37d4e
model-fixed-h1,stable,193,1,1,2400,,33,17,,5045,9ba83c15
model-fixed-h1,stable,194,1,1,2400,,11,21,,5402,49076dac
model-fixed-h1,stable,195,1,1,2400,,14,20,,6208,d8dc61e5
model-fixed-h1,stable,196,0.95,0,2269.15,poison,15,18,,4866,352caf57
model-fixed-h1,stable,197,1,1,2400,,51,5,,6147,97fa8747
model-fixed-h1,stable,198,0.36,0,861.45,poison,7,12,,2521,21791af7
model-fixed-h1,stable,199,1,1,2400,,11,20,,6211,136ae8b0
model-fixed-h1,stable,200,1,1,2400,,33,20,,5774,a88e3666
model-fixed-h1,stable,201,1,1,2400,,23,18,,4950,26a84497
model-fixed-h1,stable,202,1,1,2400,,16,20,,5033,f6df2662
model-fixed-h1,stable,203,1,1,2400,,50,29,,6822,1de7dafd
model-fixed-h1,stable,204,1,1,2400,,29,21,,4977,2db6a444
model-fixed-h1,stable,205,0.71,0,1702.65,poison,17,5,,4069,562fc229
model-fixed-h1,stable,206,1,1,2400,,16,17,,5870,4875b28a
model-fixed-h1,stable,207,1,1,2400,,16,25,,5900,18afefa5
model-fixed-h1,stable,208,0.71,0,1692.65,poison,30,13,,4504,abf8960d
model-fixed-h1,stable,209,1,1,2400,,15,16,,5799,75614f4c
model-fixed-h1,stable,210,1,1,2400,,20,20,,4790,4771bde3
model-fixed-h1,stable,211,1,1,2400,,33,26,,5410,ec20e68e
model-fixed-h1,stable,212,1,1,2400,,14,19,,5750,52a7a085
model-fixed-h1,stable,213,1,1,2400,,32,22,,4899,5f99e41a
model-fixed-h1,stable,214,0.8,0,1926.8,poison,17,7,,4746,4f9d1d24
model-fixed-h1,stable,215,1,1,2400,,32,21,,9560,c9deac54
model-fixed-h1,stable,216,1,1,2400,,10,21,,5441,3355ee65
model-fixed-h1,stable,217,1,1,2400,,22,15,,5778,5931100a
model-fixed-h1,stable,218,1,1,2400,,27,23,,5585,0d4ff9b1
model-fixed-h1,stable,219,1,1,2400,,15,25,,5774,f15def8e
model-fixed-h1,stable,220,1,1,2400,,33,21,,5073,83641723
model-fixed-h1,stable,221,1,1,2400,,15,19,,5096,a5584927
model-fixed-h1,stable,222,1,1,2400,,11,17,,10100,399d555d
model-fixed-h1,stable,223,1,1,2400,,28,26,,5488,54d1ef7e
model-fixed-h1,stable,224,1,1,2400,,16,20,,5257,5d095577
model-fixed-h1,stable,225,1,1,2400,,22,25,,5002,df5508c0
model-fixed-h1,stable,226,1,1,2400,,16,15,,5465,1f939a74
model-fixed-h1,stable,227,1,1,2400,,18,22,,5243,b8097a6d
model-fixed-h1,stable,228,1,1,2400,,12,15,,5315,1e7001d9
model-fixed-h1,stable,229,1,1,2400,,10,20,,5090,8fa3bd18
model-fixed-h1,stable,230,1,1,2400,,16,20,,5725,2bdec05c
model-fixed-h1,stable,231,0.61,0,1459.75,poison,14,12,,3370,7d34f13e
model-fixed-h1,stable,232,1,1,2400,,29,24,,5655,1b0c235f
model-fixed-h1,stable,233,0.75,0,1789.45,cold,21,15,,4197,18fffd2a
model-fixed-h1,stable,234,1,1,2400,,21,25,,5688,3ce66622
model-fixed-h1,stable,235,1,1,2400,,19,22,,5982,f97231ac
model-fixed-h1,stable,236,1,1,2400,,12,20,,6651,27dcb618
model-fixed-h1,stable,237,1,1,2400,,12,22,,5464,de9bc479
model-fixed-h1,stable,238,0.98,0,2353.25,poison,23,13,,5967,8f6a2101
model-fixed-h1,stable,239,1,1,2400,,19,20,,5687,e6852b99
model-fixed-h1,stable,240,1,1,2400,,20,21,,5562,fee6b81c
model-fixed-h1,stable,241,1,1,2400,,20,22,,6727,462a7857
model-fixed-h1,stable,242,0.6,0,1445.7,poison,20,12,,3451,991ae5f5
model-fixed-h1,stable,243,0.32,0,757.75,poison,8,8,,2121,4597d99d
model-fixed-h1,stable,244,1,1,2400,,23,21,,5649,6befcd98
model-fixed-h1,stable,245,1,1,2400,,13,21,,5413,8019c023
model-fixed-h1,stable,246,1,1,2400,,25,20,,5551,7058a6b0
model-fixed-h1,stable,247,0.29,0,691.15,poison,6,0,,2000,ca309739
model-fixed-h1,stable,248,1,1,2400,,19,20,,6150,18ba049c
model-fixed-h1,stable,249,0.46,0,1108.05,poison,12,3,,2722,e3573fa0
model-fixed-h1,stable,250,1,1,2400,,11,20,,5922,81a58e82
model-fixed-h1,stable,251,1,1,2400,,25,20,,4517,2e4131e7
model-fixed-h1,stable,252,1,1,2400,,19,19,,6308,64f3ba13
model-fixed-h1,stable,253,1,1,2400,,24,22,,5134,935c8f58
model-fixed-h1,stable,254,1,1,2400,,11,19,,6738,8272a766
model-fixed-h1,stable,255,1,1,2400,,19,16,,6972,ab5232ec
model-fixed-h1,stable,256,1,1,2400,,10,22,,7817,ca0a6476
model-fixed-h1,stable,257,1,1,2400,,26,19,,7940,e44f6427
model-fixed-h1,stable,258,1,1,2400,,28,27,,5967,6aa5033e
model-fixed-h1,stable,259,1,1,2400,,50,21,,7010,6e30bc5f
model-fixed-h1,stable,260,1,1,2400,,17,13,,7866,ce7bc1a2
model-fixed-h1,stable,261,1,1,2400,,14,16,,7411,1bb925d6
model-fixed-h1,stable,262,1,1,2400,,35,21,,10704,b31902e1
model-fixed-h1,stable,263,1,1,2400,,22,20,,9837,d375c813
model-fixed-h1,stable,264,1,1,2400,,12,16,,15619,dbf56d45
model-fixed-h1,stable,265,1,1,2400,,36,29,,17933,c0d26550
model-fixed-h1,stable,266,1,1,2400,,20,20,,16197,4b66114f
model-fixed-h1,stable,267,1,1,2400,,10,21,,14881,bb8d159c
model-fixed-h1,stable,268,0.56,0,1353.75,poison,12,9,,6965,ab9d8d76
model-fixed-h1,stable,269,0.44,0,1065.05,cold,10,0,,5640,02c84200
model-fixed-h1,stable,270,1,1,2400,,11,20,,11663,1f6e17b3
model-fixed-h1,stable,271,1,1,2400,,17,19,,11799,626c0520
model-fixed-h1,stable,272,1,1,2400,,18,17,,10964,34ba8bce
model-fixed-h1,stable,273,0.67,0,1606.25,cold,26,12,,8843,c0fe85a2
model-fixed-h1,stable,274,1,1,2400,,17,22,,8600,6363bec0
model-fixed-h1,stable,275,0.45,0,1071.25,poison,10,1,,5915,d63090b7
model-fixed-h1,stable,276,1,1,2400,,15,19,,10701,08bf0b0d
model-fixed-h1,stable,277,1,1,2400,,32,24,,10388,8d8269ba
model-fixed-h1,stable,278,1,1,2400,,12,20,,12344,46ba573d
model-fixed-h1,stable,279,1,1,2400,,30,23,,13080,b52863b6
model-fixed-h1,stable,280,1,1,2400,,11,20,,15034,3b7e871d
model-fixed-h1,stable,281,0.87,0,2083.4,poison,26,12,,13992,43a4293b
model-fixed-h1,stable,282,1,1,2400,,11,17,,17483,e3beba89
model-fixed-h1,stable,283,1,1,2400,,27,20,,14097,c04d7ff3
model-fixed-h1,stable,284,1,1,2400,,12,18,,13107,3fd5fb0a
model-fixed-h1,stable,285,0.09,0,225.25,thirst,4,6,,1316,16b833a3
model-fixed-h1,stable,286,1,1,2400,,10,20,,12810,7b519757
model-fixed-h1,stable,287,0.67,0,1607.1,cold,18,11,,7813,63bb1210
model-fixed-h1,stable,288,1,1,2400,,11,19,,11768,6ba6a7a5
model-fixed-h1,stable,289,1,1,2400,,11,19,,11194,84253d33
model-fixed-h1,stable,290,1,1,2400,,13,20,,9104,17be47f5
model-fixed-h1,stable,291,1,1,2400,,11,21,,11002,1dccfaa8
model-fixed-h1,stable,292,1,1,2400,,18,20,,9555,f9ca6c06
model-fixed-h1,stable,293,0.36,0,855.3,poison,6,0,,4643,ed166d7e
model-fixed-h1,stable,294,1,1,2400,,10,18,,8499,371732b3
model-fixed-h1,stable,295,1,1,2400,,28,21,,10460,1f4a63c2
model-fixed-h1,stable,296,0.78,0,1864.75,poison,20,19,,8975,e74b255b
model-fixed-h1,stable,297,1,1,2400,,10,21,,9896,72d79320
model-fixed-h1,stable,298,1,1,2400,,17,23,,10579,c54b588d
model-fixed-h1,stable,299,1,1,2400,,32,12,,8828,8f5703b2
